HomePlanet,CryoSleep,Destination,Age,VIP,RoomService,FoodCourt,ShoppingMall,Spa,VRDeck,Transported,Deck,Side,OnboardSpending
Europa,False,TRAPPIST-1e,39.0,False,0.0,0.0,0.0,0.0,0.0,False,B,P,0.0
Earth,False,TRAPPIST-1e,24.0,False,109.0,9.0,25.0,549.0,44.0,True,F,S,736.0
Europa,False,TRAPPIST-1e,58.0,True,43.0,3576.0,0.0,6715.0,49.0,False,A,S,10383.0
Europa,False,TRAPPIST-1e,33.0,False,0.0,1283.0,371.0,3329.0,193.0,False,A,S,5176.0
Earth,False,TRAPPIST-1e,16.0,False,303.0,70.0,151.0,565.0,2.0,True,F,S,1091.0
Earth,False,PSO J318.5-22,44.0,False,0.0,483.0,0.0,291.0,0.0,True,F,P,774.0
Earth,False,TRAPPIST-1e,26.0,False,42.0,1539.0,3.0,0.0,0.0,True,F,S,1584.0
Earth,True,TRAPPIST-1e,28.0,False,0.0,0.0,0.0,0.0,0.0,True,G,S,0.0
Earth,False,TRAPPIST-1e,35.0,False,0.0,785.0,17.0,216.0,0.0,True,F,S,1018.0
Europa,True,55 Cancri e,14.0,False,0.0,0.0,0.0,0.0,0.0,True,B,P,0.0
Europa,True,TRAPPIST-1e,34.0,False,0.0,0.0,0.0,0.0,0.0,True,B,P,0.0
Europa,False,55 Cancri e,45.0,False,39.0,7295.0,589.0,110.0,124.0,True,B,P,8157.0
Mars,False,TRAPPIST-1e,32.0,False,73.0,0.0,1123.0,0.0,113.0,True,F,P,1309.0
Earth,False,TRAPPIST-1e,48.0,False,719.0,1.0,65.0,0.0,24.0,False,G,S,809.0
Earth,False,TRAPPIST-1e,28.0,False,8.0,974.0,12.0,2.0,7.0,True,F,P,1003.0
Earth,False,TRAPPIST-1e,31.0,False,32.0,0.0,876.0,0.0,0.0,False,F,S,908.0
Mars,False,55 Cancri e,27.0,False,1286.0,122.0,270.12864211105006,0.0,0.0,False,F,P,1678.12864211105
Earth,False,55 Cancri e,24.0,False,0.0,1.0,0.0,0.0,637.0,False,F,P,638.0
Mars,True,TRAPPIST-1e,45.0,False,0.0,0.0,0.0,0.0,0.0,True,F,P,0.0
Earth,False,TRAPPIST-1e,0.0,False,0.0,0.0,0.0,0.0,0.0,True,G,P,0.0
Earth,False,55 Cancri e,14.0,False,412.0,0.0,1.0,0.0,679.0,False,F,P,1092.0
Earth,True,TRAPPIST-1e,1.0,False,0.0,0.0,0.0,0.0,0.0,False,E,S,0.0
Earth,True,55 Cancri e,49.0,False,0.0,0.0,0.0,0.0,0.0,False,E,S,0.0
Earth,True,55 Cancri e,29.0,False,0.0,0.0,0.0,0.0,0.0,False,E,S,0.0
Earth,False,TRAPPIST-1e,10.0,False,0.0,0.0,0.0,0.0,0.0,True,E,S,0.0
Earth,True,PSO J318.5-22,1.0,False,0.0,0.0,0.0,0.0,0.0,False,E,S,0.0
Earth,False,TRAPPIST-1e,7.0,False,0.0,0.0,0.0,0.0,0.0,False,E,S,0.0
Mars,False,TRAPPIST-1e,21.0,False,980.0,2.0,69.0,0.0,0.0,False,D,P,1051.0
Europa,True,TRAPPIST-1e,62.0,False,0.0,0.0,0.0,0.0,0.0,True,C,S,0.0
Earth,False,TRAPPIST-1e,15.0,False,0.0,225.0,0.0,998.0,0.0,False,F,S,1223.0
Europa,False,55 Cancri e,34.0,False,22.0,6073.0,0.0,1438.0,328.0,False,C,P,7861.0
Mars,False,TRAPPIST-1e,43.0,False,1125.0,0.0,136.0,48.0,0.0,False,F,P,1309.0
Earth,False,TRAPPIST-1e,32.0,False,0.0,850.0,81.0,437.0,453.0,False,G,S,1821.0
Mars,False,TRAPPIST-1e,47.0,False,214.0,0.0,1411.0,0.0,1229.0,True,F,P,2854.0
Mars,False,TRAPPIST-1e,2.0,False,0.0,0.0,0.0,0.0,0.0,True,F,P,0.0
Mars,False,TRAPPIST-1e,20.0,False,350.53903958944284,0.0,1750.0,990.0,0.0,True,F,P,3090.539039589443
Europa,True,55 Cancri e,28.0,False,0.0,0.0,0.0,0.0,0.0,True,D,S,0.0
Mars,False,55 Cancri e,23.0,False,784.0,964.0,0.0,951.0,0.0,False,D,P,2699.0
Earth,False,55 Cancri e,15.0,False,0.0,492.0,48.0,20.0,401.0,False,F,S,961.0
Earth,False,55 Cancri e,20.0,False,554.0,195.0,0.0,2606.0,0.0,False,F,S,3355.0
Earth,True,55 Cancri e,30.0,False,0.0,0.0,0.0,0.0,0.0,False,G,P,0.0
Earth,True,TRAPPIST-1e,17.0,False,0.0,0.0,0.0,0.0,0.0,True,G,P,0.0
Europa,False,TRAPPIST-1e,45.0,False,0.0,164.0,45.0,2511.0,855.0,False,B,P,3575.0
Earth,True,TRAPPIST-1e,55.0,False,0.0,0.0,0.0,0.0,0.0,False,G,P,0.0
Earth,True,55 Cancri e,4.0,False,0.0,0.0,0.0,0.0,0.0,True,G,P,0.0
Earth,True,PSO J318.5-22,21.0,False,0.0,0.0,0.0,0.0,0.0,True,G,P,0.0
Mars,False,TRAPPIST-1e,21.0,False,970.0,0.0,180.0,0.0,64.0,False,F,P,1214.0
Mars,True,TRAPPIST-1e,19.0,False,0.0,0.0,0.0,0.0,0.0,True,F,P,0.0
Earth,False,55 Cancri e,35.0,False,790.0,0.0,0.0,485.74408365437534,0.0,False,E,S,1275.7440836543753
Earth,False,TRAPPIST-1e,56.0,False,0.0,112.0,0.0,1379.0,127.0,False,E,S,1618.0
Earth,False,TRAPPIST-1e,27.0,False,4.0,0.0,2.0,4683.0,0.0,False,G,S,4689.0
Earth,False,TRAPPIST-1e,25.0,False,0.0,0.0,1938.0,0.0,1.0,True,F,S,1939.0
Europa,False,TRAPPIST-1e,2.0,False,0.0,0.0,0.0,0.0,0.0,True,A,S,0.0
Europa,True,TRAPPIST-1e,38.0,False,0.0,0.0,0.0,0.0,0.0,True,A,S,0.0
Europa,False,TRAPPIST-1e,27.0,False,279.0,605.0,3374.0,286.0,3.0,True,A,S,4547.0
Earth,True,PSO J318.5-22,36.0,False,0.0,0.0,0.0,0.0,0.0,False,G,S,0.0
Earth,False,TRAPPIST-1e,22.0,False,45.0,1096.0,148.0,1377.0,1.0,False,F,S,2667.0
Earth,False,TRAPPIST-1e,62.0,False,0.0,592.0,0.0,17.0,25.0,False,F,S,634.0
Mars,True,TRAPPIST-1e,15.0,False,0.0,0.0,0.0,0.0,0.0,True,F,S,0.0
Earth,True,TRAPPIST-1e,33.0,False,0.0,0.0,0.0,0.0,0.0,True,E,S,0.0
Earth,False,TRAPPIST-1e,62.0,False,1.0,153.0,197.0,0.0,460.0,False,G,P,811.0
Earth,True,PSO J318.5-22,0.0,False,0.0,0.0,0.0,0.0,0.0,True,G,S,0.0
Earth,False,TRAPPIST-1e,18.0,False,1.0,258.0,446.0,0.0,0.0,True,G,S,705.0
Earth,False,55 Cancri e,21.0,False,1946.0,37.0,0.0,0.0,24.0,False,F,S,2007.0
Mars,False,TRAPPIST-1e,27.0,False,793.0,0.0,2.0,253.0,0.0,False,E,S,1048.0
Earth,False,TRAPPIST-1e,42.0,False,887.0,0.0,9.0,6.0,0.0,True,F,S,902.0
Earth,False,TRAPPIST-1e,19.0,False,190.0,0.0,5.0,1.0,726.0,False,F,P,922.0
Earth,False,TRAPPIST-1e,17.0,False,16.0,2165.0,0.0,0.0,52.0,False,F,P,2233.0
Earth,False,TRAPPIST-1e,14.0,False,0.0,1.0,0.0,0.0,1063.0,False,F,S,1064.0
Mars,False,PSO J318.5-22,37.0,False,46.0,83.0,738.0,0.0,12.0,False,D,P,879.0
Europa,False,TRAPPIST-1e,42.0,False,1.0,8397.0,0.0,0.0,506.0,True,C,S,8904.0
Mars,False,TRAPPIST-1e,27.0,False,147.0,0.0,1018.0,0.0,0.0,True,F,S,1165.0
Mars,False,TRAPPIST-1e,28.0,False,14.0,0.0,1295.0,0.0,0.0,True,F,P,1309.0
Europa,False,TRAPPIST-1e,38.0,False,0.0,5840.0,0.0,321.0,9654.0,False,C,S,15815.0
Earth,True,TRAPPIST-1e,13.0,False,0.0,0.0,0.0,0.0,0.0,False,G,S,0.0
Mars,False,TRAPPIST-1e,42.0,False,7406.0,0.0,0.0,0.0,0.0,False,F,P,7406.0
Mars,True,TRAPPIST-1e,2.0,False,0.0,0.0,0.0,0.0,0.0,True,F,P,0.0
Mars,False,TRAPPIST-1e,8.0,False,0.0,0.0,0.0,0.0,0.0,True,F,P,0.0
Earth,False,TRAPPIST-1e,24.0,False,688.0,0.0,0.0,0.0,17.0,True,G,S,705.0
Europa,True,TRAPPIST-1e,40.0,False,0.0,0.0,0.0,0.0,0.0,True,C,S,0.0
Earth,False,TRAPPIST-1e,43.0,False,211.0,0.0,0.0,638.0,513.0,False,F,P,1362.0
Mars,True,PSO J318.5-22,45.0,False,0.0,0.0,0.0,0.0,0.0,True,E,S,0.0
Earth,True,TRAPPIST-1e,35.0,False,0.0,0.0,0.0,0.0,0.0,True,G,S,0.0
Earth,True,TRAPPIST-1e,26.0,False,0.0,0.0,0.0,0.0,0.0,True,G,S,0.0
Earth,False,TRAPPIST-1e,27.0,False,1.0,697.0,31.0,188.0,0.0,False,F,S,917.0
Earth,False,TRAPPIST-1e,19.0,False,0.0,0.0,670.0,1.0,34.0,False,G,P,705.0
Earth,True,TRAPPIST-1e,0.0,False,0.0,0.0,0.0,0.0,0.0,True,G,P,0.0
Earth,True,TRAPPIST-1e,3.0,False,0.0,0.0,0.0,0.0,0.0,True,G,P,0.0
Europa,False,TRAPPIST-1e,54.0,False,0.0,1208.0,0.0,3.0,637.0,False,A,S,1848.0
Earth,False,TRAPPIST-1e,26.0,False,0.0,856.0,5.0,32.0,0.0,False,G,P,893.0
Earth,False,TRAPPIST-1e,26.0,False,0.0,2811.0,957.0,0.0,87.0,True,G,P,3855.0
Earth,False,PSO J318.5-22,23.0,False,311.0,427.0,526.0,37.0,0.0,False,F,P,1301.0
Earth,True,TRAPPIST-1e,2.0,False,0.0,0.0,0.0,0.0,0.0,True,G,P,0.0
Mars,True,TRAPPIST-1e,31.0,False,0.0,0.0,0.0,0.0,0.0,True,F,S,0.0
Earth,False,TRAPPIST-1e,18.0,False,0.0,0.0,0.0,830.0,91.0,False,F,S,921.0
Earth,False,TRAPPIST-1e,24.0,False,0.0,714.4862536656891,0.0,0.0,17.0,True,F,S,731.4862536656891
Earth,True,55 Cancri e,9.0,False,0.0,0.0,0.0,0.0,0.0,True,G,S,0.0
Earth,True,TRAPPIST-1e,6.0,False,0.0,0.0,0.0,0.0,0.0,False,G,S,0.0
Earth,False,TRAPPIST-1e,27.0,False,0.0,0.0,570.0,2.0,131.0,False,F,P,703.0
Mars,False,TRAPPIST-1e,21.0,False,1743.0,5.0,17.0,0.0,0.0,False,D,S,1765.0
Earth,True,TRAPPIST-1e,23.0,False,0.0,0.0,0.0,0.0,0.0,False,G,S,0.0
Earth,False,TRAPPIST-1e,31.0,False,562.0,0.0,326.0,0.0,0.0,False,G,S,888.0
Earth,False,TRAPPIST-1e,0.0,False,0.0,0.0,0.0,0.0,0.0,True,G,S,0.0
Europa,False,TRAPPIST-1e,32.0,False,0.0,410.0,6.0,3929.0,764.0,False,F,S,5109.0
Europa,False,TRAPPIST-1e,40.0,False,0.0,331.0,0.0,0.0,1687.0,False,B,P,2018.0
Europa,False,TRAPPIST-1e,42.0,False,2209.0,11418.0,0.0,1868.0,445.0,True,B,P,15940.0
Europa,True,TRAPPIST-1e,28.0,False,0.0,0.0,0.0,0.0,0.0,True,B,P,0.0
Europa,True,TRAPPIST-1e,29.0,False,0.0,0.0,0.0,0.0,0.0,True,E,S,0.0
Europa,False,55 Cancri e,48.0,True,0.0,2537.0,87.0,17.0,13.0,True,B,S,2654.0
Earth,False,TRAPPIST-1e,64.0,False,0.0,0.0,804.0,0.0,0.0,True,F,P,804.0
Earth,False,TRAPPIST-1e,27.0,False,82.0,157.0,429.0,238.0,1.0,False,G,S,907.0
Mars,False,TRAPPIST-1e,26.0,False,0.0,0.0,0.0,0.0,476.35311409149364,True,F,P,476.35311409149364
Europa,False,TRAPPIST-1e,33.0,False,1.0,2223.0,0.0,12.0,404.0,True,D,P,2640.0
Earth,False,TRAPPIST-1e,39.0,False,0.0,2344.0,0.0,65.0,6898.0,False,A,P,9307.0
Europa,True,TRAPPIST-1e,13.0,False,0.0,0.0,0.0,0.0,0.0,True,A,P,0.0
Mars,True,TRAPPIST-1e,24.0,False,0.0,0.0,0.0,0.0,0.0,True,F,P,0.0
Earth,False,TRAPPIST-1e,29.0,False,0.0,0.0,0.0,699.0,74.0,False,G,S,773.0
Earth,False,TRAPPIST-1e,18.0,False,55.0,597.0,49.0,0.0,1.0,False,F,P,702.0
Mars,True,TRAPPIST-1e,67.0,False,0.0,0.0,0.0,0.0,0.0,True,F,S,0.0
Mars,False,TRAPPIST-1e,35.0,False,701.0,0.0,296.0,0.0,25.0,False,E,S,1022.0
Mars,False,TRAPPIST-1e,61.0,True,2353.0,334.0,9.0,316.0,2.0,False,D,S,3014.0
Mars,False,TRAPPIST-1e,45.0,False,2103.0,6.0,0.0,0.0,0.0,False,E,S,2109.0
Earth,True,PSO J318.5-22,22.0,False,0.0,0.0,0.0,0.0,0.0,True,G,S,0.0
Mars,True,TRAPPIST-1e,19.0,False,0.0,0.0,0.0,0.0,0.0,True,F,S,0.0
Mars,False,TRAPPIST-1e,36.0,False,2738.0,0.0,0.0,0.0,0.0,False,D,S,2738.0
Earth,False,TRAPPIST-1e,19.0,False,0.0,14.0,730.0,0.0,0.0,True,G,P,744.0
Earth,False,PSO J318.5-22,47.0,False,97.0,418.0,126.0,25.0,55.0,False,G,S,721.0
Earth,True,TRAPPIST-1e,13.0,False,0.0,0.0,0.0,0.0,0.0,True,G,P,0.0
Earth,False,TRAPPIST-1e,34.0,False,0.0,22.0,0.0,564.0,207.0,False,E,P,793.0
Europa,True,55 Cancri e,35.0,False,0.0,0.0,0.0,0.0,0.0,True,C,S,0.0
Earth,True,TRAPPIST-1e,24.0,False,0.0,0.0,0.0,0.0,0.0,True,G,P,0.0
Earth,False,TRAPPIST-1e,26.0,False,440.0,0.0,0.0,0.0,462.0,False,F,P,902.0
Mars,False,TRAPPIST-1e,31.0,False,350.53903958944284,0.0,97.0,0.0,0.0,False,F,P,447.53903958944284
Earth,False,TRAPPIST-1e,20.0,False,0.0,420.0,210.0,0.0,0.0,True,F,S,630.0
Earth,False,TRAPPIST-1e,56.0,False,0.0,0.0,0.0,0.0,0.0,False,G,S,0.0
Earth,True,TRAPPIST-1e,50.0,False,0.0,0.0,0.0,0.0,0.0,True,G,S,0.0
Mars,False,TRAPPIST-1e,42.0,False,1072.0,0.0,10.0,0.0,76.0,False,F,P,1158.0
Earth,True,55 Cancri e,27.0,False,0.0,0.0,0.0,0.0,0.0,True,G,S,0.0
Earth,True,55 Cancri e,38.0,False,0.0,0.0,0.0,0.0,0.0,False,G,P,0.0
Earth,False,TRAPPIST-1e,41.0,False,0.0,0.0,0.0,0.0,607.0,False,F,P,607.0
Earth,False,TRAPPIST-1e,22.0,False,4119.0,0.0,0.0,0.0,61.0,False,G,P,4180.0
Europa,True,TRAPPIST-1e,26.0,False,0.0,0.0,0.0,0.0,0.0,True,B,P,0.0
Europa,True,TRAPPIST-1e,17.0,False,0.0,0.0,0.0,0.0,0.0,True,B,P,0.0
Earth,False,TRAPPIST-1e,57.0,False,50.0,1688.0,0.0,485.74408365437534,135.0,True,G,S,2358.7440836543756
Earth,True,PSO J318.5-22,17.0,False,0.0,0.0,0.0,0.0,0.0,False,G,S,0.0
Mars,True,TRAPPIST-1e,35.0,False,0.0,0.0,0.0,0.0,0.0,True,F,P,0.0
Mars,True,TRAPPIST-1e,13.0,False,0.0,0.0,0.0,0.0,0.0,True,F,S,0.0
Mars,False,TRAPPIST-1e,27.0,False,1365.0,0.0,48.0,22.0,137.0,False,F,S,1572.0
Earth,True,TRAPPIST-1e,31.0,False,0.0,0.0,0.0,0.0,0.0,False,G,P,0.0
Earth,False,TRAPPIST-1e,24.0,False,0.0,0.0,0.0,221.0,567.0,False,E,S,788.0
Earth,True,PSO J318.5-22,19.0,False,0.0,0.0,0.0,0.0,0.0,True,G,S,0.0
Earth,True,TRAPPIST-1e,32.0,False,0.0,0.0,0.0,0.0,0.0,True,G,P,0.0
Earth,False,TRAPPIST-1e,58.0,False,0.0,985.0,0.0,5.0,0.0,True,E,S,990.0
Earth,False,55 Cancri e,21.0,False,287.0,0.0,16.0,115.0,175.0,False,F,P,593.0
Europa,False,TRAPPIST-1e,38.0,False,0.0,10346.0,1.0,14970.0,2111.0,False,B,S,27428.0
Mars,False,TRAPPIST-1e,38.0,False,3414.0,0.0,161.0,28.0,119.0,False,D,S,3722.0
Earth,False,TRAPPIST-1e,19.0,False,1.0,219.0,673.0,2.0,11.0,True,G,P,906.0
Earth,False,TRAPPIST-1e,0.0,False,0.0,0.0,0.0,0.0,0.0,False,G,P,0.0
Earth,False,TRAPPIST-1e,3.0,False,0.0,0.0,0.0,0.0,0.0,True,G,P,0.0
Earth,False,TRAPPIST-1e,20.0,False,0.0,0.0,3.0,299.0,92.0,False,G,P,394.0
Europa,True,TRAPPIST-1e,24.0,False,0.0,0.0,0.0,0.0,0.0,True,C,P,0.0
Earth,False,TRAPPIST-1e,37.0,False,17.0,146.0,426.0,0.0,232.0,True,F,S,821.0
Earth,False,TRAPPIST-1e,25.0,False,62.0,0.0,0.0,0.0,956.0,False,G,P,1018.0
Earth,True,TRAPPIST-1e,56.0,False,0.0,0.0,0.0,0.0,0.0,True,G,S,0.0
Earth,False,55 Cancri e,49.0,False,84.0,3.0,401.0,202.0,98.0,False,E,P,788.0
Earth,True,55 Cancri e,11.0,False,0.0,0.0,0.0,0.0,0.0,False,G,S,0.0
Earth,True,TRAPPIST-1e,1.0,False,0.0,0.0,0.0,0.0,0.0,True,G,P,0.0
Earth,False,TRAPPIST-1e,8.0,False,0.0,0.0,0.0,0.0,0.0,False,G,P,0.0
Earth,False,TRAPPIST-1e,39.0,False,0.0,0.0,10.0,898.0,0.0,False,G,P,908.0
Mars,True,TRAPPIST-1e,2.0,False,0.0,0.0,0.0,0.0,0.0,True,F,P,0.0
Mars,False,TRAPPIST-1e,23.0,False,350.53903958944284,0.0,8.0,1072.0,0.0,False,F,P,1430.5390395894428
Mars,False,TRAPPIST-1e,0.0,False,0.0,0.0,0.0,0.0,0.0,True,F,P,0.0
Mars,False,TRAPPIST-1e,39.0,False,406.0,0.0,867.0,0.0,0.0,True,F,P,1273.0
Mars,False,PSO J318.5-22,25.0,False,1052.0,0.0,719.0,0.0,7.0,False,D,P,1778.0
Europa,False,TRAPPIST-1e,36.0,False,0.0,972.0,0.0,795.0,575.0,False,C,P,2342.0
Earth,True,PSO J318.5-22,52.0,False,0.0,0.0,0.0,0.0,0.0,True,G,P,0.0
Earth,True,TRAPPIST-1e,18.0,False,0.0,0.0,0.0,0.0,0.0,False,G,S,0.0
Earth,True,TRAPPIST-1e,15.0,False,0.0,0.0,0.0,0.0,0.0,True,G,P,0.0
Europa,True,TRAPPIST-1e,35.0,False,0.0,0.0,0.0,0.0,0.0,True,B,S,0.0
Europa,True,TRAPPIST-1e,47.0,False,0.0,0.0,0.0,0.0,0.0,True,B,S,0.0
Europa,True,55 Cancri e,45.0,False,0.0,0.0,0.0,0.0,0.0,True,B,P,0.0
Europa,False,55 Cancri e,27.0,False,0.0,2433.0,270.12864211105006,878.0,443.0,True,A,P,4024.12864211105
Europa,True,TRAPPIST-1e,51.0,False,0.0,0.0,0.0,0.0,0.0,True,C,S,0.0
Earth,False,TRAPPIST-1e,29.0,False,0.0,2.0,66.0,0.0,705.0,False,G,S,773.0
Europa,False,55 Cancri e,27.0,False,2.0,1720.0,12.0,1125.0,122.0,True,C,S,2981.0
Earth,True,PSO J318.5-22,19.0,False,0.0,0.0,0.0,0.0,0.0,False,G,P,0.0
Earth,True,55 Cancri e,24.0,False,0.0,0.0,0.0,0.0,0.0,True,D,P,0.0
Mars,False,TRAPPIST-1e,29.0,False,902.0,1.0,137.0,0.0,0.0,True,F,P,1040.0
Mars,True,TRAPPIST-1e,11.0,False,0.0,0.0,0.0,0.0,0.0,True,F,P,0.0
Mars,False,TRAPPIST-1e,17.0,False,848.0,0.0,307.0,182.0,0.0,False,F,P,1337.0
Earth,False,TRAPPIST-1e,13.0,False,192.0,0.0,0.0,51.0,739.0,False,E,P,982.0
Earth,False,TRAPPIST-1e,35.0,False,147.0,188.0,0.0,10.0,387.0,False,F,P,732.0
Earth,False,TRAPPIST-1e,21.0,False,367.0,281.0,0.0,0.0,146.0,False,F,P,794.0
Earth,False,55 Cancri e,21.0,False,0.0,56.0,0.0,0.0,1918.0,False,F,S,1974.0
Earth,False,TRAPPIST-1e,38.0,False,1517.0,0.0,0.0,27.0,0.0,False,F,P,1544.0
Earth,True,TRAPPIST-1e,19.0,False,0.0,0.0,0.0,0.0,0.0,True,G,P,0.0
Earth,True,TRAPPIST-1e,2.0,False,0.0,0.0,0.0,0.0,0.0,True,G,P,0.0
Earth,False,TRAPPIST-1e,0.0,False,0.0,0.0,0.0,0.0,0.0,True,G,P,0.0
Earth,True,TRAPPIST-1e,13.0,False,0.0,0.0,0.0,0.0,0.0,False,G,P,0.0
Earth,False,TRAPPIST-1e,25.0,False,122.0,84.0,270.12864211105006,0.0,0.0,False,E,P,476.12864211105006
Earth,False,TRAPPIST-1e,16.0,False,0.0,3.0,0.0,0.0,1099.0,False,F,P,1102.0
Earth,False,55 Cancri e,1.0,False,0.0,0.0,0.0,0.0,0.0,False,G,P,0.0
Earth,True,TRAPPIST-1e,15.0,False,0.0,0.0,0.0,0.0,0.0,True,G,P,0.0
Mars,False,55 Cancri e,21.0,False,2237.0,0.0,119.0,0.0,0.0,False,E,S,2356.0
Mars,False,TRAPPIST-1e,23.0,False,1215.0,80.0,1.0,2.0,0.0,False,E,S,1298.0
Mars,False,TRAPPIST-1e,33.0,False,1933.0,12.0,188.0,1.0,0.0,False,E,S,2134.0
Mars,True,TRAPPIST-1e,21.0,False,0.0,0.0,0.0,0.0,0.0,True,E,S,0.0
Mars,False,TRAPPIST-1e,41.0,False,1230.0,0.0,301.0,43.0,1023.0,False,E,S,2597.0
Mars,False,TRAPPIST-1e,16.0,False,915.0,0.0,221.0,234.0,0.0,False,E,S,1370.0
Mars,True,TRAPPIST-1e,42.0,False,0.0,0.0,0.0,0.0,0.0,False,E,S,0.0
Mars,False,TRAPPIST-1e,20.0,False,1406.0,0.0,0.0,11.0,0.0,False,F,S,1417.0
Mars,True,TRAPPIST-1e,24.0,False,0.0,0.0,0.0,0.0,0.0,True,F,S,0.0
Mars,True,TRAPPIST-1e,16.0,False,0.0,0.0,0.0,0.0,0.0,True,E,S,0.0
Earth,False,TRAPPIST-1e,21.0,False,0.0,2.0,665.0,0.0,9.0,False,G,S,676.0
Mars,False,TRAPPIST-1e,32.0,True,181.0,0.0,5.0,1634.0,0.0,False,F,S,1820.0
Earth,True,PSO J318.5-22,58.0,False,0.0,0.0,0.0,0.0,0.0,True,G,P,0.0
Earth,False,TRAPPIST-1e,24.0,False,4.0,7.0,0.0,713.0,79.0,False,F,S,803.0
Mars,False,TRAPPIST-1e,30.0,False,85.0,0.0,1.0,1720.0,0.0,False,F,S,1806.0
Earth,True,PSO J318.5-22,27.0,False,0.0,0.0,0.0,0.0,0.0,False,G,S,0.0
Mars,False,TRAPPIST-1e,32.0,False,56.0,0.0,256.0,1438.0,0.0,False,F,S,1750.0
Earth,False,TRAPPIST-1e,43.0,False,350.53903958944284,888.0,0.0,0.0,0.0,False,F,P,1238.5390395894428
Europa,True,TRAPPIST-1e,42.0,False,0.0,0.0,0.0,0.0,0.0,True,B,P,0.0
Mars,False,TRAPPIST-1e,37.0,False,637.0,0.0,0.0,92.0,319.0,False,F,S,1048.0
Mars,True,TRAPPIST-1e,35.0,False,0.0,0.0,0.0,0.0,0.0,True,F,P,0.0
Europa,False,55 Cancri e,33.0,False,0.0,1249.0,0.0,4812.0,1116.0,False,E,P,7177.0
Earth,False,TRAPPIST-1e,18.0,False,313.0,1.0,691.0,283.0,0.0,False,F,S,1288.0
Earth,True,TRAPPIST-1e,21.0,False,0.0,0.0,0.0,0.0,0.0,False,G,S,0.0
Mars,True,TRAPPIST-1e,43.0,False,0.0,0.0,0.0,0.0,0.0,True,F,S,0.0
Mars,True,55 Cancri e,14.0,False,0.0,0.0,0.0,0.0,0.0,True,F,S,0.0
Europa,False,55 Cancri e,46.0,False,0.0,3571.0,0.0,0.0,7.0,True,C,P,3578.0
Europa,False,TRAPPIST-1e,33.0,False,0.0,86.0,796.0,584.0,10912.0,False,C,P,12378.0
Mars,False,TRAPPIST-1e,21.0,False,2947.0,0.0,287.0,27.0,0.0,False,D,P,3261.0
Europa,False,TRAPPIST-1e,33.0,False,0.0,1.0,0.0,8620.0,1063.0,False,C,S,9684.0
Earth,True,PSO J318.5-22,47.0,False,0.0,0.0,0.0,0.0,0.0,False,G,S,0.0
Earth,True,55 Cancri e,54.0,False,0.0,0.0,0.0,0.0,0.0,True,C,S,0.0
Earth,False,TRAPPIST-1e,30.0,False,335.0,695.0,541.0,0.0,0.0,False,F,P,1571.0
Earth,False,TRAPPIST-1e,29.0,False,272.0,615.0,0.0,0.0,1.0,False,G,P,888.0
Earth,False,TRAPPIST-1e,21.0,False,702.0,172.0,408.0,2.0,6.0,True,F,P,1290.0
Europa,True,TRAPPIST-1e,24.0,False,0.0,0.0,0.0,0.0,0.0,True,A,S,0.0
Mars,False,55 Cancri e,21.0,False,1664.0,0.0,270.12864211105006,0.0,0.0,False,F,S,1934.12864211105
Mars,True,TRAPPIST-1e,60.0,False,0.0,0.0,0.0,0.0,0.0,True,F,S,0.0
Earth,False,TRAPPIST-1e,22.0,False,0.0,0.0,313.0,299.0,92.0,False,F,S,704.0
Europa,False,TRAPPIST-1e,26.0,False,0.0,4810.0,0.0,981.0,2054.0,False,E,S,7845.0
Earth,False,TRAPPIST-1e,26.0,False,66.0,29.0,0.0,0.0,803.0,False,F,P,898.0
Earth,True,TRAPPIST-1e,28.0,False,0.0,0.0,0.0,0.0,0.0,True,G,P,0.0
Europa,True,TRAPPIST-1e,39.0,False,0.0,0.0,0.0,0.0,0.0,True,D,S,0.0
Earth,False,TRAPPIST-1e,13.0,False,118.0,0.0,0.0,754.0,1.0,False,F,S,873.0
Earth,False,55 Cancri e,47.0,False,0.0,231.0,592.0,0.0,0.0,True,F,S,823.0
Earth,False,TRAPPIST-1e,63.0,False,0.0,25.0,128.0,0.0,1240.0,False,F,P,1393.0
Europa,True,55 Cancri e,27.0,False,0.0,0.0,0.0,0.0,0.0,True,D,S,0.0
Earth,False,55 Cancri e,50.0,False,44.0,2390.0,0.0,53.0,0.0,True,F,P,2487.0
Earth,False,TRAPPIST-1e,35.0,False,0.0,0.0,0.0,888.0,476.35311409149364,False,F,S,1364.3531140914936
Earth,False,TRAPPIST-1e,45.0,False,0.0,97.0,0.0,14.0,333.0,False,G,P,444.0
Earth,False,TRAPPIST-1e,19.0,False,0.0,0.0,2078.0,0.0,0.0,True,F,P,2078.0
Earth,False,TRAPPIST-1e,21.0,False,0.0,918.0,0.0,0.0,0.0,True,F,S,918.0
Earth,True,PSO J318.5-22,29.0,False,0.0,0.0,0.0,0.0,0.0,True,G,P,0.0
Earth,False,TRAPPIST-1e,22.0,False,146.0,654.0,1.0,0.0,2.0,True,F,P,803.0
Europa,True,TRAPPIST-1e,14.0,False,0.0,0.0,0.0,0.0,0.0,True,E,P,0.0
Europa,True,55 Cancri e,42.0,False,0.0,0.0,0.0,0.0,0.0,True,E,P,0.0
Earth,False,55 Cancri e,57.0,False,3.0,1281.0,29.0,162.0,13.0,False,F,P,1488.0
Europa,True,55 Cancri e,39.0,False,0.0,0.0,0.0,0.0,0.0,True,F,S,0.0
Europa,False,TRAPPIST-1e,28.0,False,0.0,587.0,32.0,6.0,1460.0,False,B,P,2085.0
Earth,False,55 Cancri e,19.0,False,0.0,0.0,0.0,0.0,828.0,False,F,S,828.0
Europa,True,55 Cancri e,19.0,False,0.0,0.0,0.0,0.0,0.0,True,C,S,0.0
Europa,False,55 Cancri e,26.0,False,0.0,4458.0,0.0,1157.0,262.0,True,B,S,5877.0
Europa,True,TRAPPIST-1e,17.0,False,0.0,0.0,0.0,0.0,0.0,True,B,S,0.0
Europa,True,TRAPPIST-1e,43.0,False,0.0,0.0,0.0,0.0,0.0,True,B,S,0.0
Europa,False,55 Cancri e,9.0,False,0.0,0.0,0.0,0.0,0.0,True,B,S,0.0
Europa,False,TRAPPIST-1e,40.0,False,0.0,6500.0,88.0,1090.0,0.0,True,D,S,7678.0
Europa,True,TRAPPIST-1e,50.0,False,0.0,0.0,0.0,0.0,0.0,True,B,S,0.0
Earth,False,TRAPPIST-1e,24.0,False,90.0,2.0,1324.0,17.0,0.0,True,G,P,1433.0
Europa,True,55 Cancri e,57.0,False,0.0,0.0,0.0,0.0,0.0,True,A,P,0.0
Earth,True,TRAPPIST-1e,16.0,False,0.0,0.0,0.0,0.0,0.0,False,F,S,0.0
Earth,False,TRAPPIST-1e,23.0,False,0.0,0.0,15.0,0.0,1370.0,False,F,P,1385.0
Earth,True,TRAPPIST-1e,23.0,False,0.0,0.0,0.0,0.0,0.0,True,G,S,0.0
Europa,False,TRAPPIST-1e,28.0,False,0.0,422.0,0.0,1851.0,5166.0,False,E,S,7439.0
Europa,False,55 Cancri e,23.0,False,0.0,584.0,0.0,20.0,2469.0,False,C,P,3073.0
Earth,False,TRAPPIST-1e,23.0,False,368.0,175.0,259.0,1.0,101.0,False,E,S,904.0
Earth,False,TRAPPIST-1e,18.0,False,0.0,0.0,1359.0,0.0,0.0,True,F,S,1359.0
Earth,False,TRAPPIST-1e,18.0,False,1194.0,0.0,157.0,6.0,0.0,False,F,S,1357.0
Europa,False,TRAPPIST-1e,67.0,False,350.53903958944284,230.0,0.0,4476.0,241.0,False,F,S,5297.539039589443
Earth,False,PSO J318.5-22,60.0,False,7.0,540.0,1.0,0.0,4.0,True,F,P,552.0
Earth,True,55 Cancri e,27.0,False,0.0,0.0,0.0,0.0,0.0,True,G,P,0.0
Earth,False,55 Cancri e,49.0,False,331.0,0.0,0.0,318.0,0.0,True,F,P,649.0
Earth,False,55 Cancri e,0.0,False,0.0,0.0,0.0,0.0,0.0,True,G,P,0.0
Earth,False,55 Cancri e,26.0,False,386.0,0.0,74.0,0.0,1330.0,False,G,P,1790.0
Earth,True,PSO J318.5-22,35.0,False,0.0,0.0,0.0,0.0,0.0,True,G,S,0.0
Europa,False,TRAPPIST-1e,24.0,False,0.0,2628.0,270.12864211105006,170.0,0.0,True,B,S,3068.12864211105
Europa,True,TRAPPIST-1e,20.0,False,0.0,0.0,0.0,0.0,0.0,True,B,S,0.0
Earth,False,TRAPPIST-1e,18.0,False,0.0,2.0,0.0,485.74408365437534,0.0,False,G,S,487.74408365437534
Earth,False,TRAPPIST-1e,21.0,False,0.0,5.0,3.0,0.0,476.35311409149364,False,G,S,484.35311409149364
Earth,False,TRAPPIST-1e,59.0,True,1018.0,0.0,209.0,0.0,0.0,False,F,S,1227.0
Earth,True,PSO J318.5-22,13.0,False,0.0,0.0,0.0,0.0,0.0,False,G,S,0.0
Earth,True,55 Cancri e,43.0,False,0.0,0.0,0.0,0.0,0.0,False,G,P,0.0
Earth,True,TRAPPIST-1e,29.0,False,0.0,0.0,0.0,0.0,0.0,False,G,S,0.0
Earth,False,TRAPPIST-1e,19.0,False,17.0,0.0,784.0,0.0,2.0,True,F,S,803.0
Europa,False,TRAPPIST-1e,2.0,False,0.0,0.0,0.0,0.0,0.0,True,C,S,0.0
Europa,False,TRAPPIST-1e,32.0,False,247.0,4651.0,0.0,46.0,202.0,True,C,S,5146.0
Europa,False,TRAPPIST-1e,33.0,False,443.0,317.0,0.0,148.0,1260.0,False,C,S,2168.0
Earth,False,TRAPPIST-1e,25.0,False,0.0,0.0,251.0,0.0,552.0,False,F,P,803.0
Mars,True,55 Cancri e,29.0,False,0.0,0.0,0.0,0.0,0.0,True,F,P,0.0
Mars,False,TRAPPIST-1e,29.0,False,5715.0,2.0,211.0,1476.0,0.0,False,F,S,7404.0
Earth,False,TRAPPIST-1e,44.0,False,695.0,1.0,16.0,0.0,0.0,False,F,P,712.0
Mars,True,55 Cancri e,2.0,False,0.0,0.0,0.0,0.0,0.0,True,F,S,0.0
Mars,False,TRAPPIST-1e,19.0,False,417.0,349.0,634.0,3.0,1057.0,True,F,S,2460.0
Mars,False,55 Cancri e,0.0,False,0.0,0.0,0.0,0.0,0.0,True,F,S,0.0
Earth,True,TRAPPIST-1e,18.0,False,0.0,0.0,0.0,0.0,0.0,True,G,S,0.0
Europa,True,55 Cancri e,38.0,False,0.0,0.0,0.0,0.0,0.0,True,B,S,0.0
Earth,True,PSO J318.5-22,5.0,False,0.0,0.0,0.0,0.0,0.0,False,G,P,0.0
Earth,False,PSO J318.5-22,31.0,False,121.0,0.0,0.0,274.0,907.0,False,F,P,1302.0
Mars,True,TRAPPIST-1e,30.0,False,0.0,0.0,0.0,0.0,0.0,False,E,S,0.0
Earth,True,55 Cancri e,15.0,False,0.0,0.0,0.0,0.0,0.0,True,G,P,0.0
Mars,False,TRAPPIST-1e,27.0,False,434.0,0.0,1434.0,0.0,0.0,False,F,S,1868.0
Mars,False,TRAPPIST-1e,22.0,False,142.0,2876.0,202.0,3.0,0.0,True,D,P,3223.0
Mars,False,TRAPPIST-1e,36.0,False,520.0,0.0,1865.0,0.0,0.0,True,F,S,2385.0
Earth,True,PSO J318.5-22,14.0,False,0.0,0.0,0.0,0.0,0.0,True,G,P,0.0
Mars,False,TRAPPIST-1e,23.0,False,2001.0,0.0,2975.0,0.0,0.0,False,F,P,4976.0
Earth,True,TRAPPIST-1e,18.0,False,0.0,0.0,0.0,0.0,0.0,True,F,S,0.0
Europa,True,55 Cancri e,36.0,False,0.0,0.0,0.0,0.0,0.0,True,B,P,0.0
Earth,False,TRAPPIST-1e,41.0,False,350.53903958944284,1198.0,0.0,124.0,572.0,False,F,S,2244.539039589443
Earth,True,TRAPPIST-1e,50.0,False,0.0,0.0,0.0,0.0,0.0,True,G,S,0.0
Earth,True,PSO J318.5-22,32.0,False,0.0,0.0,0.0,0.0,0.0,True,G,S,0.0
Earth,False,PSO J318.5-22,26.0,False,148.0,0.0,453.0,0.0,88.0,False,F,S,689.0
Earth,False,TRAPPIST-1e,15.0,False,358.0,212.0,33.0,0.0,112.0,False,F,S,715.0
Earth,False,55 Cancri e,33.0,False,0.0,36.0,0.0,280.0,417.0,True,F,S,733.0
Earth,False,55 Cancri e,27.0,False,0.0,0.0,0.0,685.0,21.0,False,G,S,706.0
Mars,False,TRAPPIST-1e,26.0,False,2832.0,107.0,4447.0,15.0,4.0,False,F,P,7405.0
Mars,True,TRAPPIST-1e,61.0,False,0.0,0.0,0.0,0.0,0.0,True,F,P,0.0
Earth,False,TRAPPIST-1e,24.0,False,0.0,0.0,592.0,177.0,58.0,True,G,S,827.0
Earth,False,TRAPPIST-1e,30.0,False,0.0,95.0,0.0,441.0,1023.0,False,F,P,1559.0
Mars,True,TRAPPIST-1e,24.0,False,0.0,0.0,0.0,0.0,0.0,True,F,P,0.0
Earth,False,TRAPPIST-1e,24.0,False,0.0,5.0,0.0,2766.0,0.0,False,F,P,2771.0
Earth,True,TRAPPIST-1e,41.0,False,0.0,0.0,0.0,0.0,0.0,False,G,P,0.0
Earth,False,TRAPPIST-1e,20.0,False,0.0,0.0,558.0,0.0,230.0,False,E,P,788.0
Earth,False,TRAPPIST-1e,22.0,False,116.0,0.0,786.0,6.0,0.0,True,G,S,908.0
Europa,False,55 Cancri e,63.0,False,0.0,1068.0,0.0,176.0,8188.0,False,C,S,9432.0
Europa,False,55 Cancri e,18.0,False,17.0,215.0,4.0,5132.0,697.0,False,B,S,6065.0
Europa,True,55 Cancri e,21.0,False,0.0,0.0,0.0,0.0,0.0,True,B,S,0.0
Europa,False,TRAPPIST-1e,79.0,False,5649.0,235.0,7.0,2579.0,2175.0,False,B,S,10645.0
Europa,True,TRAPPIST-1e,56.0,False,0.0,0.0,0.0,0.0,0.0,True,B,S,0.0
Europa,True,TRAPPIST-1e,13.0,False,0.0,0.0,0.0,0.0,0.0,True,B,S,0.0
Europa,False,TRAPPIST-1e,33.0,False,0.0,2491.0,6.0,1173.0,1059.0,False,B,S,4729.0
Europa,True,TRAPPIST-1e,32.0,False,0.0,0.0,0.0,0.0,0.0,True,B,S,0.0
Earth,False,TRAPPIST-1e,31.0,False,198.0,0.0,591.0,0.0,164.0,True,G,P,953.0
Europa,True,55 Cancri e,26.0,False,0.0,0.0,0.0,0.0,0.0,True,F,S,0.0
Europa,True,55 Cancri e,18.0,False,0.0,0.0,0.0,0.0,0.0,True,B,P,0.0
Europa,True,55 Cancri e,38.0,False,0.0,0.0,0.0,0.0,0.0,True,B,P,0.0
Earth,False,TRAPPIST-1e,23.0,False,348.0,0.0,0.0,4.0,368.0,False,G,P,720.0
Earth,False,TRAPPIST-1e,28.0,False,82.0,773.0,0.0,3693.0,140.0,False,G,S,4688.0
Earth,True,PSO J318.5-22,34.0,False,0.0,0.0,0.0,0.0,0.0,False,G,S,0.0
Earth,False,55 Cancri e,0.0,False,0.0,0.0,0.0,0.0,0.0,True,G,S,0.0
Earth,False,TRAPPIST-1e,14.0,False,3.0,0.0,881.0,25.0,0.0,True,G,S,909.0
Earth,False,TRAPPIST-1e,23.0,False,13.0,747.0,0.0,0.0,128.0,False,G,P,888.0
Earth,True,TRAPPIST-1e,49.0,False,0.0,0.0,0.0,0.0,0.0,False,G,P,0.0
Earth,True,TRAPPIST-1e,14.0,False,0.0,0.0,0.0,0.0,0.0,False,G,S,0.0
Earth,False,TRAPPIST-1e,18.0,False,391.0,44.0,356.0,0.0,0.0,False,E,P,791.0
Europa,False,PSO J318.5-22,27.0,True,69.0,5728.0,0.0,0.0,987.0,True,C,P,6784.0
Earth,False,TRAPPIST-1e,48.0,False,0.0,111.0,0.0,1508.0,0.0,False,E,P,1619.0
Europa,False,55 Cancri e,31.0,True,0.0,11003.0,552.0,8157.0,5688.0,False,B,P,25400.0
Europa,False,55 Cancri e,61.0,False,1.0,608.0,0.0,3835.0,1.0,False,B,P,4445.0
Earth,True,TRAPPIST-1e,18.0,False,0.0,0.0,0.0,0.0,0.0,True,G,S,0.0
Mars,True,TRAPPIST-1e,45.0,False,0.0,0.0,0.0,0.0,0.0,True,F,S,0.0
Mars,False,TRAPPIST-1e,22.0,False,28.0,420.0,36.0,6011.0,3.0,False,D,S,6498.0
Mars,False,TRAPPIST-1e,30.0,True,1056.0,0.0,0.0,0.0,0.0,False,D,S,1056.0
Mars,False,TRAPPIST-1e,30.0,False,1770.0,0.0,0.0,13.0,0.0,False,D,S,1783.0
Earth,True,55 Cancri e,32.0,True,0.0,0.0,0.0,0.0,0.0,True,D,S,0.0
Mars,False,TRAPPIST-1e,43.0,True,353.0,896.0,0.0,0.0,2.0,True,D,P,1251.0
Earth,False,55 Cancri e,17.0,False,177.0,714.4862536656891,0.0,310.0,7.0,False,F,P,1208.4862536656892
Earth,False,TRAPPIST-1e,23.0,False,350.53903958944284,21.0,0.0,0.0,1699.0,False,G,P,2070.539039589443
Earth,False,TRAPPIST-1e,20.0,False,0.0,465.0,0.0,5.0,223.0,False,F,P,693.0
Earth,True,TRAPPIST-1e,39.0,False,0.0,0.0,0.0,0.0,0.0,False,G,P,0.0
Mars,False,TRAPPIST-1e,35.0,False,1134.0,113.0,52.0,0.0,0.0,False,E,P,1299.0
Mars,False,TRAPPIST-1e,31.0,False,0.0,0.0,1116.0,2.0,0.0,False,F,S,1118.0
Earth,False,55 Cancri e,21.0,False,0.0,150.0,0.0,567.0,0.0,False,F,S,717.0
Earth,False,TRAPPIST-1e,16.0,False,691.0,0.0,101.0,140.0,0.0,False,F,P,932.0
Europa,False,TRAPPIST-1e,60.0,False,0.0,7255.0,5952.0,1537.0,0.0,True,C,P,14744.0
Earth,False,TRAPPIST-1e,18.0,False,0.0,157.0,0.0,352.0,60.0,False,F,P,569.0
Earth,True,TRAPPIST-1e,42.0,False,0.0,0.0,0.0,0.0,0.0,False,G,S,0.0
Europa,True,55 Cancri e,68.0,False,0.0,0.0,0.0,0.0,0.0,True,B,P,0.0
Europa,False,55 Cancri e,22.0,False,0.0,1170.0,0.0,5467.0,1241.0,False,B,P,7878.0
Europa,True,TRAPPIST-1e,59.0,False,0.0,0.0,0.0,0.0,0.0,True,B,P,0.0
Europa,False,TRAPPIST-1e,27.0,False,8.0,3584.0,0.0,13.0,57.0,True,B,P,3662.0
Mars,False,TRAPPIST-1e,37.0,False,1094.0,2.0,26.0,34.0,1.0,False,F,P,1157.0
Mars,True,TRAPPIST-1e,3.0,False,0.0,0.0,0.0,0.0,0.0,True,F,P,0.0
Mars,True,TRAPPIST-1e,31.0,False,0.0,0.0,0.0,0.0,0.0,True,F,P,0.0
Europa,False,TRAPPIST-1e,31.0,False,417.0,714.4862536656891,7185.0,562.0,792.0,True,E,P,9670.48625366569
Europa,False,TRAPPIST-1e,29.0,False,0.0,4118.0,0.0,715.0,3139.0,True,C,S,7972.0
Europa,False,55 Cancri e,20.0,False,2.0,10116.0,0.0,2.0,225.0,True,A,S,10345.0
Europa,True,55 Cancri e,46.0,False,0.0,0.0,0.0,0.0,0.0,True,A,S,0.0
Earth,False,TRAPPIST-1e,29.0,False,0.0,1026.0,0.0,16.0,0.0,True,F,S,1042.0
Mars,True,TRAPPIST-1e,43.0,False,0.0,0.0,0.0,0.0,0.0,True,F,P,0.0
Mars,False,TRAPPIST-1e,17.0,False,1483.0,10.0,0.0,0.0,0.0,False,F,S,1493.0
Europa,True,55 Cancri e,27.0,False,0.0,0.0,0.0,0.0,0.0,True,B,P,0.0
Europa,False,TRAPPIST-1e,47.0,False,4.0,891.0,0.0,2962.0,3656.0,False,B,P,7513.0
Mars,True,TRAPPIST-1e,45.0,False,0.0,0.0,0.0,0.0,0.0,True,F,S,0.0
Earth,True,TRAPPIST-1e,17.0,False,0.0,0.0,0.0,0.0,0.0,True,G,S,0.0
Earth,False,55 Cancri e,10.0,False,0.0,0.0,0.0,0.0,0.0,True,G,S,0.0
Earth,False,PSO J318.5-22,56.0,False,46.0,11.0,0.0,622.0,0.0,False,G,S,679.0
Earth,False,TRAPPIST-1e,39.0,False,382.0,0.0,22.0,467.0,0.0,False,F,S,871.0
Earth,False,PSO J318.5-22,40.0,False,7.0,0.0,840.0,26.0,0.0,False,F,S,873.0
Europa,True,TRAPPIST-1e,40.0,False,0.0,0.0,0.0,0.0,0.0,True,B,S,0.0
Europa,False,55 Cancri e,34.0,False,350.53903958944284,5637.0,45.0,1936.0,56.0,False,C,P,8024.539039589443
Earth,False,55 Cancri e,32.0,False,0.0,0.0,0.0,722.0,0.0,False,F,S,722.0
Earth,False,TRAPPIST-1e,35.0,False,7.0,1043.0,0.0,0.0,0.0,False,F,P,1050.0
Mars,False,TRAPPIST-1e,32.0,True,2484.0,429.0,102.0,0.0,0.0,False,D,P,3015.0
Earth,False,TRAPPIST-1e,26.0,True,1869.0,0.0,136.0,0.0,0.0,False,F,P,2005.0
Earth,False,TRAPPIST-1e,25.0,False,1352.0,0.0,0.0,24.0,799.0,False,F,S,2175.0
Earth,False,TRAPPIST-1e,26.0,False,0.0,0.0,0.0,77.0,715.0,False,E,S,792.0
Europa,True,55 Cancri e,22.0,False,0.0,0.0,0.0,0.0,0.0,True,B,P,0.0
Earth,False,TRAPPIST-1e,22.0,False,9.0,0.0,795.0,0.0,0.0,True,F,S,804.0
Earth,False,TRAPPIST-1e,24.0,False,757.0,0.0,0.0,32.0,0.0,False,E,P,789.0
Earth,True,PSO J318.5-22,32.0,False,0.0,0.0,0.0,0.0,0.0,True,G,P,0.0
Earth,True,TRAPPIST-1e,11.0,False,0.0,0.0,0.0,0.0,0.0,True,G,S,0.0
Mars,True,TRAPPIST-1e,22.0,False,0.0,0.0,0.0,0.0,0.0,True,E,S,0.0
Europa,True,TRAPPIST-1e,19.0,False,0.0,0.0,0.0,0.0,0.0,True,B,S,0.0
Europa,True,55 Cancri e,34.0,False,0.0,0.0,0.0,0.0,0.0,True,F,S,0.0
Europa,True,TRAPPIST-1e,74.0,False,0.0,0.0,0.0,0.0,0.0,True,B,S,0.0
Europa,False,55 Cancri e,28.0,True,5.0,4288.0,0.0,745.0,5.0,True,B,S,5043.0
Europa,True,TRAPPIST-1e,42.0,False,0.0,0.0,0.0,0.0,0.0,True,B,S,0.0
Europa,True,TRAPPIST-1e,43.0,False,0.0,0.0,0.0,0.0,0.0,True,B,S,0.0
Earth,False,TRAPPIST-1e,55.0,False,210.0,185.0,188.0,59.0,73.0,False,F,S,715.0
Earth,False,PSO J318.5-22,19.0,False,0.0,0.0,747.0,26.0,0.0,True,G,P,773.0
Earth,True,TRAPPIST-1e,6.0,False,0.0,0.0,0.0,0.0,0.0,False,G,P,0.0
Earth,False,TRAPPIST-1e,7.0,False,0.0,0.0,0.0,0.0,0.0,False,G,P,0.0
Europa,True,55 Cancri e,28.0,False,0.0,0.0,0.0,0.0,0.0,True,D,S,0.0
Earth,False,TRAPPIST-1e,15.0,False,2156.0,0.0,0.0,59.0,2.0,False,F,S,2217.0
Earth,True,PSO J318.5-22,24.0,False,0.0,0.0,0.0,0.0,0.0,True,G,S,0.0
Earth,False,PSO J318.5-22,31.0,False,0.0,869.0,0.0,0.0,0.0,True,E,S,869.0
Earth,False,TRAPPIST-1e,22.0,False,0.0,70.0,182.0,612.0,20.0,True,F,S,884.0
Earth,False,55 Cancri e,1.0,False,0.0,0.0,0.0,0.0,0.0,True,G,S,0.0
Earth,True,TRAPPIST-1e,50.0,False,0.0,0.0,0.0,0.0,0.0,False,G,S,0.0
Mars,False,TRAPPIST-1e,34.0,False,865.0,0.0,257.0,485.74408365437534,35.0,False,F,P,1642.7440836543753
Mars,False,TRAPPIST-1e,14.0,False,928.0,852.0,81.0,0.0,0.0,False,F,P,1861.0
Earth,False,TRAPPIST-1e,19.0,False,4.0,10.0,0.0,1178.0,428.0,False,E,P,1620.0
Earth,False,TRAPPIST-1e,27.0,False,0.0,654.0,22.0,146.0,4.0,True,E,P,826.0
Earth,False,TRAPPIST-1e,36.0,False,0.0,0.0,863.0,1.0,1.0,False,F,P,865.0
Earth,True,TRAPPIST-1e,34.0,False,0.0,0.0,0.0,0.0,0.0,False,F,S,0.0
Mars,True,55 Cancri e,25.0,False,0.0,0.0,0.0,0.0,0.0,True,F,S,0.0
Earth,True,TRAPPIST-1e,36.0,False,0.0,0.0,0.0,0.0,0.0,True,F,S,0.0
Europa,False,TRAPPIST-1e,16.0,False,0.0,45.0,2.0,5183.0,170.0,False,B,P,5400.0
Europa,False,55 Cancri e,30.0,False,0.0,7972.0,0.0,0.0,4.0,True,B,P,7976.0
Earth,False,PSO J318.5-22,37.0,False,0.0,10.0,544.0,9.0,299.0,False,F,S,862.0
Earth,True,55 Cancri e,15.0,False,0.0,0.0,0.0,0.0,0.0,True,G,S,0.0
Earth,False,TRAPPIST-1e,36.0,False,0.0,0.0,38.0,9.0,943.0,False,E,P,990.0
Mars,False,PSO J318.5-22,27.0,False,350.53903958944284,6.0,145.0,144.0,0.0,False,F,P,645.5390395894428
Mars,True,TRAPPIST-1e,27.0,False,0.0,0.0,0.0,0.0,0.0,True,F,P,0.0
Mars,True,TRAPPIST-1e,12.0,False,0.0,0.0,0.0,0.0,0.0,True,F,P,0.0
Earth,False,TRAPPIST-1e,22.0,False,0.0,5.0,0.0,1619.0,0.0,False,E,P,1624.0
Earth,False,TRAPPIST-1e,27.0,False,350.53903958944284,34.0,23.0,0.0,275.0,False,G,P,682.5390395894428
Earth,True,TRAPPIST-1e,13.0,False,0.0,0.0,0.0,0.0,0.0,True,G,S,0.0
Earth,False,TRAPPIST-1e,27.0,False,0.0,118.0,0.0,5.0,665.0,False,E,S,788.0
Earth,False,TRAPPIST-1e,28.0,False,0.0,14.0,0.0,0.0,615.0,False,F,S,629.0
Europa,False,55 Cancri e,21.0,False,0.0,33.0,0.0,3348.0,55.0,False,B,S,3436.0
Europa,False,TRAPPIST-1e,39.0,False,172.0,1794.0,12.0,4303.0,246.0,False,C,S,6527.0
Earth,True,PSO J318.5-22,28.0,False,0.0,0.0,0.0,0.0,0.0,False,G,P,0.0
Earth,True,TRAPPIST-1e,14.0,False,0.0,0.0,0.0,0.0,0.0,True,G,S,0.0
Europa,True,55 Cancri e,27.0,False,0.0,0.0,0.0,0.0,0.0,True,F,S,0.0
Europa,True,55 Cancri e,46.0,False,0.0,0.0,0.0,0.0,0.0,True,B,S,0.0
Mars,True,55 Cancri e,27.0,False,0.0,0.0,0.0,0.0,0.0,True,F,S,0.0
Mars,False,TRAPPIST-1e,21.0,False,0.0,0.0,0.0,0.0,0.0,False,E,S,0.0
Mars,False,55 Cancri e,21.0,False,513.0,0.0,1749.0,82.0,0.0,True,D,P,2344.0
Europa,False,TRAPPIST-1e,42.0,False,0.0,929.0,967.0,485.74408365437534,481.0,False,E,P,2862.7440836543756
Mars,False,TRAPPIST-1e,22.0,False,10.0,0.0,817.0,471.0,0.0,False,F,S,1298.0
Mars,False,TRAPPIST-1e,10.0,False,0.0,0.0,0.0,0.0,0.0,True,F,S,0.0
Mars,False,TRAPPIST-1e,43.0,False,1821.0,0.0,47.0,29.0,0.0,False,F,S,1897.0
Mars,False,TRAPPIST-1e,42.0,False,1246.0,35.0,16.0,0.0,0.0,False,E,S,1297.0
Europa,True,55 Cancri e,18.0,False,0.0,0.0,0.0,0.0,0.0,True,B,S,0.0
Europa,True,55 Cancri e,54.0,False,0.0,0.0,0.0,0.0,0.0,True,B,S,0.0
Europa,True,TRAPPIST-1e,24.0,False,0.0,0.0,0.0,0.0,0.0,True,B,S,0.0
Europa,False,TRAPPIST-1e,64.0,False,0.0,1737.0,11.0,401.0,752.0,False,B,S,2901.0
Europa,True,55 Cancri e,18.0,False,0.0,0.0,0.0,0.0,0.0,True,B,S,0.0
Earth,True,55 Cancri e,53.0,False,0.0,0.0,0.0,0.0,0.0,True,B,S,0.0
Mars,True,TRAPPIST-1e,23.0,False,0.0,0.0,0.0,0.0,0.0,True,F,S,0.0
Earth,False,TRAPPIST-1e,39.0,False,0.0,0.0,0.0,0.0,0.0,True,G,S,0.0
Europa,False,TRAPPIST-1e,59.0,False,0.0,16521.0,0.0,323.0,0.0,True,C,P,16844.0
Europa,False,55 Cancri e,32.0,False,0.0,5755.0,0.0,59.0,122.0,True,D,S,5936.0
Europa,True,TRAPPIST-1e,55.0,False,0.0,0.0,0.0,0.0,0.0,True,D,S,0.0
Earth,True,PSO J318.5-22,21.0,False,0.0,0.0,0.0,0.0,0.0,True,G,P,0.0
Europa,True,TRAPPIST-1e,50.0,False,0.0,0.0,0.0,0.0,0.0,True,B,S,0.0
Europa,False,55 Cancri e,55.0,False,113.0,2492.0,41.0,0.0,2376.0,False,A,S,5022.0
Earth,False,TRAPPIST-1e,27.0,False,1445.0,0.0,1.0,2.0,73.0,False,F,P,1521.0
Earth,True,TRAPPIST-1e,35.0,False,0.0,0.0,0.0,0.0,0.0,True,F,S,0.0
Earth,True,TRAPPIST-1e,27.0,False,0.0,0.0,0.0,0.0,0.0,True,G,S,0.0
Earth,False,TRAPPIST-1e,55.0,False,62.0,714.4862536656891,0.0,0.0,476.35311409149364,False,G,S,1252.8393677571828
Earth,False,TRAPPIST-1e,23.0,False,39.0,263.0,0.0,0.0,476.35311409149364,True,E,S,778.3531140914936
Earth,False,TRAPPIST-1e,42.0,False,0.0,0.0,750.0,0.0,156.0,False,E,P,906.0
Earth,False,TRAPPIST-1e,35.0,False,553.0,213.0,1733.0,0.0,6.0,True,E,S,2505.0
Earth,True,TRAPPIST-1e,47.0,False,0.0,0.0,0.0,0.0,0.0,True,F,S,0.0
Mars,False,55 Cancri e,27.0,False,1172.0,11.0,3.0,0.0,4.0,False,F,S,1190.0
Mars,True,TRAPPIST-1e,34.0,False,0.0,0.0,0.0,0.0,0.0,True,F,S,0.0
Europa,False,TRAPPIST-1e,46.0,False,0.0,1119.0,0.0,3427.0,6595.0,False,C,P,11141.0
Earth,True,PSO J318.5-22,26.0,False,0.0,0.0,0.0,0.0,0.0,False,G,P,0.0
Earth,True,55 Cancri e,1.0,False,0.0,0.0,0.0,0.0,0.0,False,G,P,0.0
Earth,True,55 Cancri e,27.0,False,0.0,0.0,0.0,0.0,0.0,True,G,P,0.0
Mars,False,TRAPPIST-1e,33.0,False,20.0,0.0,384.0,557.0,0.0,False,D,P,961.0
Europa,False,TRAPPIST-1e,34.0,False,98.0,715.0,29.0,5732.0,1902.0,False,B,P,8476.0
Europa,False,TRAPPIST-1e,49.0,False,3573.0,1308.0,316.0,641.0,25.0,False,B,P,5863.0
Earth,False,TRAPPIST-1e,22.0,False,0.0,5.0,0.0,320.0,352.0,False,G,P,677.0
Earth,False,TRAPPIST-1e,28.0,False,0.0,1073.0,0.0,0.0,5.0,True,F,P,1078.0
Europa,True,TRAPPIST-1e,27.0,False,0.0,0.0,0.0,0.0,0.0,True,C,P,0.0
Europa,True,55 Cancri e,36.0,False,0.0,0.0,0.0,0.0,0.0,True,C,P,0.0
Earth,True,55 Cancri e,30.0,False,0.0,0.0,0.0,0.0,0.0,True,C,P,0.0
Europa,True,TRAPPIST-1e,49.0,False,0.0,0.0,0.0,0.0,0.0,True,C,P,0.0
Europa,False,TRAPPIST-1e,38.0,False,0.0,1793.0,479.0,9.0,4987.0,False,C,P,7268.0
Mars,True,TRAPPIST-1e,31.0,False,0.0,0.0,0.0,0.0,0.0,True,F,S,0.0
Earth,False,TRAPPIST-1e,17.0,False,1471.0,0.0,0.0,45.0,16.0,False,F,S,1532.0
Earth,False,TRAPPIST-1e,26.0,False,9.0,0.0,0.0,0.0,878.0,False,G,P,887.0
Earth,False,TRAPPIST-1e,23.0,False,59.0,0.0,0.0,681.0,0.0,False,F,P,740.0
Earth,False,55 Cancri e,24.0,False,930.0,691.0,838.0,0.0,0.0,False,F,S,2459.0
Earth,False,TRAPPIST-1e,23.0,False,0.0,15.0,831.0,16.0,3.0,False,F,S,865.0
Earth,False,TRAPPIST-1e,24.0,False,0.0,86.0,704.0,0.0,1.0,True,E,S,791.0
Mars,False,PSO J318.5-22,32.0,False,666.0,0.0,0.0,252.0,1.0,True,D,S,919.0
Mars,True,TRAPPIST-1e,43.0,False,0.0,0.0,0.0,0.0,0.0,True,F,S,0.0
Earth,False,TRAPPIST-1e,23.0,False,13.0,12.0,0.0,762.0,0.0,True,F,S,787.0
Earth,False,TRAPPIST-1e,42.0,False,126.0,0.0,266.0,445.0,12.0,False,G,S,849.0
Europa,True,55 Cancri e,29.0,False,0.0,0.0,0.0,0.0,0.0,True,C,S,0.0
Europa,True,TRAPPIST-1e,40.0,False,0.0,0.0,0.0,0.0,0.0,True,C,P,0.0
Europa,False,TRAPPIST-1e,37.0,False,0.0,6506.0,0.0,764.0,0.0,True,C,P,7270.0
Europa,True,55 Cancri e,61.0,False,0.0,0.0,0.0,0.0,0.0,True,C,P,0.0
Europa,False,TRAPPIST-1e,33.0,False,0.0,165.0,1.0,2525.0,0.0,False,C,P,2691.0
Earth,False,TRAPPIST-1e,19.0,False,0.0,1428.0,0.0,1.0,19.0,True,F,S,1448.0
Earth,False,PSO J318.5-22,21.0,False,0.0,12.0,580.0,0.0,79.0,False,F,S,671.0
Earth,False,TRAPPIST-1e,4.0,False,0.0,0.0,0.0,0.0,0.0,False,G,S,0.0
Earth,False,PSO J318.5-22,12.0,False,0.0,0.0,0.0,0.0,0.0,True,G,S,0.0
Earth,False,TRAPPIST-1e,44.0,False,1440.0,293.0,74.0,32.0,0.0,True,F,S,1839.0
Earth,False,TRAPPIST-1e,22.0,False,0.0,0.0,332.0,442.0,0.0,False,G,S,774.0
Mars,False,55 Cancri e,33.0,False,840.0,642.0,402.0,21.0,0.0,False,F,P,1905.0
Europa,True,55 Cancri e,32.0,False,0.0,0.0,0.0,0.0,0.0,True,B,P,0.0
Europa,True,TRAPPIST-1e,28.0,False,0.0,0.0,0.0,0.0,0.0,True,B,P,0.0
Europa,False,TRAPPIST-1e,28.0,False,0.0,410.0,2.0,1354.0,3695.0,False,B,P,5461.0
Mars,False,TRAPPIST-1e,31.0,False,697.0,0.0,612.0,0.0,0.0,False,F,P,1309.0
Mars,True,TRAPPIST-1e,13.0,False,0.0,0.0,0.0,0.0,0.0,True,E,S,0.0
Earth,True,TRAPPIST-1e,14.0,False,0.0,0.0,0.0,0.0,0.0,True,G,S,0.0
Europa,False,TRAPPIST-1e,33.0,False,1908.0,33.0,0.0,1.0,4.0,False,D,S,1946.0
Europa,True,55 Cancri e,27.0,False,0.0,0.0,0.0,0.0,0.0,True,D,S,0.0
Earth,False,TRAPPIST-1e,23.0,False,0.0,334.0,310.0,0.0,0.0,True,F,P,644.0
Europa,False,TRAPPIST-1e,36.0,True,530.0,5085.0,1.0,146.0,872.0,True,C,S,6634.0
Europa,True,55 Cancri e,22.0,False,0.0,0.0,0.0,0.0,0.0,True,C,P,0.0
Europa,True,TRAPPIST-1e,19.0,False,0.0,0.0,0.0,0.0,0.0,False,C,P,0.0
Europa,True,TRAPPIST-1e,42.0,False,0.0,0.0,0.0,0.0,0.0,True,C,P,0.0
Europa,True,TRAPPIST-1e,30.0,False,0.0,0.0,0.0,0.0,0.0,True,C,P,0.0
Europa,True,55 Cancri e,16.0,False,0.0,0.0,0.0,0.0,0.0,True,C,P,0.0
Europa,False,TRAPPIST-1e,55.0,False,0.0,1542.0,0.0,1814.0,1568.0,False,C,P,4924.0
Europa,True,TRAPPIST-1e,55.0,False,0.0,0.0,0.0,0.0,0.0,True,C,P,0.0
Earth,False,TRAPPIST-1e,19.0,False,1911.0,0.0,21.0,854.0,0.0,False,F,S,2786.0
Earth,False,TRAPPIST-1e,27.0,False,14.0,809.0,25.0,54.0,476.35311409149364,False,F,P,1378.3531140914936
Europa,True,TRAPPIST-1e,18.0,False,0.0,0.0,0.0,0.0,0.0,True,E,P,0.0
Earth,False,TRAPPIST-1e,21.0,False,0.0,714.4862536656891,625.0,110.0,0.0,False,F,S,1449.4862536656892
Earth,False,TRAPPIST-1e,65.0,False,0.0,0.0,521.0,105.0,0.0,False,G,P,626.0
Earth,False,TRAPPIST-1e,55.0,False,53.0,790.0,37.0,0.0,0.0,True,F,S,880.0
Earth,False,TRAPPIST-1e,50.0,False,350.53903958944284,233.0,0.0,0.0,0.0,False,G,S,583.5390395894428
Earth,True,TRAPPIST-1e,49.0,False,0.0,0.0,0.0,0.0,0.0,True,G,P,0.0
Earth,False,TRAPPIST-1e,22.0,False,0.0,0.0,601.0,183.0,4.0,False,E,S,788.0
Mars,True,TRAPPIST-1e,33.0,False,0.0,0.0,0.0,0.0,0.0,True,F,P,0.0
Mars,True,TRAPPIST-1e,3.0,False,0.0,0.0,0.0,0.0,0.0,True,F,S,0.0
Mars,True,TRAPPIST-1e,0.0,False,0.0,0.0,0.0,0.0,0.0,True,F,S,0.0
Mars,True,TRAPPIST-1e,33.0,False,0.0,0.0,0.0,0.0,0.0,True,F,S,0.0
Mars,True,TRAPPIST-1e,48.0,False,0.0,0.0,0.0,0.0,0.0,True,F,P,0.0
Mars,True,TRAPPIST-1e,5.0,False,0.0,0.0,0.0,0.0,0.0,True,F,P,0.0
Mars,False,TRAPPIST-1e,23.0,False,2648.0,0.0,1092.0,0.0,0.0,False,D,P,3740.0
Europa,True,TRAPPIST-1e,53.0,False,0.0,0.0,0.0,0.0,0.0,True,D,P,0.0
Mars,False,TRAPPIST-1e,18.0,False,5.0,25.0,616.0,0.0,1042.0,False,F,P,1688.0
Earth,True,PSO J318.5-22,20.0,False,0.0,0.0,0.0,0.0,0.0,False,G,P,0.0
Earth,False,TRAPPIST-1e,23.0,False,234.0,1.0,551.0,0.0,1.0,False,E,P,787.0
Earth,False,TRAPPIST-1e,48.0,False,801.0,2.0,0.0,1.0,973.0,False,G,P,1777.0
Earth,True,PSO J318.5-22,19.0,False,0.0,0.0,0.0,0.0,0.0,False,G,S,0.0
Mars,False,TRAPPIST-1e,27.0,False,43.0,152.0,182.0,1.0,2005.0,False,D,P,2383.0
Earth,False,55 Cancri e,9.0,False,0.0,0.0,0.0,0.0,0.0,False,G,S,0.0
Earth,False,TRAPPIST-1e,24.0,False,350.53903958944284,4.0,0.0,670.0,113.0,False,E,S,1137.5390395894428
Mars,False,TRAPPIST-1e,46.0,False,21.0,0.0,2155.0,422.0,476.35311409149364,True,F,P,3074.353114091494
Earth,True,TRAPPIST-1e,23.0,False,0.0,0.0,0.0,0.0,0.0,True,G,P,0.0
Earth,True,TRAPPIST-1e,21.0,False,0.0,0.0,0.0,0.0,0.0,False,G,P,0.0
Earth,True,TRAPPIST-1e,19.0,False,0.0,0.0,0.0,0.0,0.0,False,G,S,0.0
Mars,False,TRAPPIST-1e,0.0,False,0.0,0.0,0.0,0.0,0.0,True,F,P,0.0
Mars,False,TRAPPIST-1e,4.0,False,0.0,714.4862536656891,0.0,0.0,0.0,True,F,P,714.4862536656891
Mars,False,TRAPPIST-1e,26.0,False,1252.0,0.0,46.0,124.0,6.0,False,F,P,1428.0
Mars,True,TRAPPIST-1e,9.0,False,0.0,0.0,0.0,0.0,0.0,True,F,P,0.0
Europa,False,TRAPPIST-1e,24.0,False,0.0,3385.0,826.0,9.0,793.0,True,C,S,5013.0
Mars,True,TRAPPIST-1e,24.0,False,0.0,0.0,0.0,0.0,0.0,True,F,P,0.0
Mars,False,TRAPPIST-1e,25.0,False,0.0,0.0,0.0,0.0,0.0,False,E,P,0.0
Mars,True,TRAPPIST-1e,21.0,False,0.0,0.0,0.0,0.0,0.0,True,F,P,0.0
Earth,False,TRAPPIST-1e,21.0,False,0.0,0.0,12.0,0.0,747.0,False,F,P,759.0
Europa,False,TRAPPIST-1e,37.0,False,27.0,654.0,10.0,881.0,9568.0,False,C,P,11140.0
Europa,False,55 Cancri e,44.0,False,434.0,3113.0,19.0,485.74408365437534,892.0,False,C,P,4943.744083654376
Europa,False,TRAPPIST-1e,43.0,False,4.0,1111.0,118.0,1852.0,476.35311409149364,False,C,P,3561.353114091494
Earth,False,TRAPPIST-1e,7.0,False,0.0,0.0,0.0,0.0,0.0,True,G,P,0.0
Mars,False,TRAPPIST-1e,33.0,False,149.0,0.0,270.12864211105006,0.0,109.0,False,F,P,528.1286421110501
Earth,False,TRAPPIST-1e,24.0,False,0.0,714.4862536656891,229.0,502.0,5.0,False,F,P,1450.4862536656892
Earth,True,PSO J318.5-22,31.0,False,0.0,0.0,0.0,0.0,0.0,True,G,S,0.0
Europa,True,TRAPPIST-1e,27.0,True,0.0,0.0,0.0,0.0,0.0,True,B,P,0.0
Earth,False,TRAPPIST-1e,34.0,False,0.0,0.0,0.0,485.74408365437534,0.0,True,G,S,485.74408365437534
Earth,True,TRAPPIST-1e,58.0,False,0.0,0.0,0.0,0.0,0.0,False,G,S,0.0
Earth,False,TRAPPIST-1e,7.0,False,0.0,0.0,0.0,0.0,0.0,True,G,S,0.0
Earth,True,55 Cancri e,3.0,False,0.0,0.0,0.0,0.0,0.0,True,G,S,0.0
Earth,False,55 Cancri e,21.0,False,0.0,0.0,908.0,49.0,0.0,True,G,P,957.0
Earth,False,PSO J318.5-22,21.0,False,1.0,368.0,0.0,0.0,388.0,False,F,P,757.0
Europa,True,TRAPPIST-1e,39.0,False,0.0,0.0,0.0,0.0,0.0,True,C,S,0.0
Europa,True,55 Cancri e,43.0,False,0.0,0.0,0.0,0.0,0.0,True,C,S,0.0
Earth,True,TRAPPIST-1e,22.0,False,0.0,0.0,0.0,0.0,0.0,True,G,S,0.0
Earth,False,TRAPPIST-1e,44.0,False,103.0,0.0,18.0,1197.0,1.0,True,F,P,1319.0
Earth,False,TRAPPIST-1e,38.0,False,0.0,0.0,0.0,1018.0,0.0,False,G,P,1018.0
Mars,True,TRAPPIST-1e,32.0,False,0.0,0.0,0.0,0.0,0.0,True,F,S,0.0
Mars,True,TRAPPIST-1e,55.0,False,0.0,0.0,0.0,0.0,0.0,True,F,S,0.0
Mars,False,PSO J318.5-22,31.0,True,629.0,0.0,0.0,150.0,0.0,False,D,P,779.0
Earth,False,TRAPPIST-1e,39.0,False,0.0,1496.0,0.0,140.0,383.0,False,F,P,2019.0
Earth,False,TRAPPIST-1e,35.0,False,0.0,1778.0,0.0,0.0,0.0,True,G,S,1778.0
Earth,False,TRAPPIST-1e,37.0,False,614.0,0.0,50.0,11.0,319.0,False,E,S,994.0
Earth,False,55 Cancri e,13.0,False,0.0,7.0,0.0,339.0,359.0,False,F,P,705.0
Earth,False,TRAPPIST-1e,21.0,False,0.0,0.0,7.0,675.0,0.0,False,F,P,682.0
Mars,False,TRAPPIST-1e,20.0,False,0.0,0.0,0.0,0.0,0.0,False,E,S,0.0
Europa,True,55 Cancri e,20.0,False,0.0,0.0,0.0,0.0,0.0,True,B,P,0.0
Earth,False,TRAPPIST-1e,63.0,False,0.0,123.0,956.0,25.0,476.35311409149364,True,F,P,1580.3531140914936
Earth,False,TRAPPIST-1e,36.0,False,2.0,0.0,0.0,1958.0,19.0,False,F,S,1979.0
Europa,False,55 Cancri e,29.0,False,0.0,3344.0,0.0,118.0,972.0,True,C,S,4434.0
Europa,False,55 Cancri e,36.0,False,0.0,4967.0,82.0,1517.0,575.0,True,C,S,7141.0
Europa,False,TRAPPIST-1e,79.0,False,0.0,0.0,0.0,2210.0,2.0,False,C,S,2212.0
Europa,True,55 Cancri e,30.0,False,0.0,0.0,0.0,0.0,0.0,True,C,S,0.0
Europa,True,55 Cancri e,30.0,False,0.0,0.0,0.0,0.0,0.0,True,C,S,0.0
Mars,False,TRAPPIST-1e,19.0,False,1019.0,266.0,141.0,0.0,0.0,True,F,P,1426.0
Europa,True,TRAPPIST-1e,33.0,False,0.0,0.0,0.0,0.0,0.0,True,E,P,0.0
Earth,False,TRAPPIST-1e,20.0,False,1724.0,0.0,0.0,1.0,0.0,False,G,P,1725.0
Europa,True,55 Cancri e,38.0,False,0.0,0.0,0.0,0.0,0.0,True,C,S,0.0
Mars,True,TRAPPIST-1e,7.0,False,0.0,0.0,0.0,0.0,0.0,True,F,S,0.0
Mars,True,TRAPPIST-1e,58.0,False,0.0,0.0,0.0,0.0,0.0,True,F,S,0.0
Mars,False,TRAPPIST-1e,33.0,False,105.0,0.0,1087.0,0.0,0.0,False,F,S,1192.0
Earth,True,PSO J318.5-22,3.0,False,0.0,0.0,0.0,0.0,0.0,True,G,S,0.0
Mars,True,TRAPPIST-1e,39.0,False,0.0,0.0,0.0,0.0,0.0,True,E,S,0.0
Mars,False,TRAPPIST-1e,37.0,False,237.0,2.0,708.0,0.0,0.0,True,E,P,947.0
Earth,False,TRAPPIST-1e,32.0,False,0.0,0.0,0.0,768.0,3.0,False,G,P,771.0
Earth,False,TRAPPIST-1e,28.0,False,0.0,863.0,0.0,17.0,0.0,True,F,S,880.0
Earth,False,TRAPPIST-1e,38.0,False,0.0,8.0,736.0,140.0,0.0,False,G,S,884.0
Earth,False,PSO J318.5-22,21.0,False,0.0,576.0,1.0,20.0,476.35311409149364,False,F,S,1073.3531140914936
Earth,True,TRAPPIST-1e,18.0,False,0.0,0.0,0.0,0.0,0.0,True,G,S,0.0
Earth,True,TRAPPIST-1e,15.0,False,0.0,0.0,0.0,0.0,0.0,False,G,S,0.0
Europa,False,TRAPPIST-1e,44.0,False,0.0,2506.0,0.0,1360.0,722.0,False,C,P,4588.0
Earth,False,TRAPPIST-1e,44.0,False,86.0,525.0,16.0,49.0,39.0,True,F,P,715.0
Europa,False,TRAPPIST-1e,36.0,False,0.0,0.0,0.0,4507.0,5689.0,False,E,S,10196.0
Earth,False,TRAPPIST-1e,28.0,False,350.53903958944284,0.0,7104.0,0.0,0.0,True,F,P,7454.539039589443
Mars,False,TRAPPIST-1e,15.0,False,1264.0,0.0,2.0,23.0,0.0,False,F,P,1289.0
Earth,False,TRAPPIST-1e,45.0,False,0.0,25.0,87.0,989.0,482.0,False,F,P,1583.0
Earth,False,TRAPPIST-1e,26.0,False,0.0,530.0,2.0,9.0,403.0,False,F,P,944.0
Earth,True,PSO J318.5-22,46.0,False,0.0,0.0,0.0,0.0,0.0,True,G,P,0.0
Earth,False,TRAPPIST-1e,25.0,False,1.0,0.0,38.0,7.0,740.0,False,G,P,786.0
Earth,True,PSO J318.5-22,46.0,False,0.0,0.0,0.0,0.0,0.0,False,G,S,0.0
Earth,True,TRAPPIST-1e,15.0,False,0.0,0.0,0.0,0.0,0.0,False,G,S,0.0
Earth,True,TRAPPIST-1e,37.0,False,0.0,0.0,0.0,0.0,0.0,False,G,S,0.0
Earth,False,TRAPPIST-1e,20.0,False,350.53903958944284,215.0,0.0,541.0,0.0,False,G,S,1106.5390395894428
Earth,True,PSO J318.5-22,45.0,False,0.0,0.0,0.0,0.0,0.0,False,G,P,0.0
Earth,True,TRAPPIST-1e,7.0,False,0.0,0.0,0.0,0.0,0.0,False,G,P,0.0
Earth,True,TRAPPIST-1e,5.0,False,0.0,0.0,0.0,0.0,0.0,False,G,P,0.0
Mars,True,TRAPPIST-1e,38.0,False,0.0,0.0,0.0,0.0,0.0,True,F,S,0.0
Mars,False,TRAPPIST-1e,30.0,False,269.0,96.0,252.0,0.0,0.0,False,F,P,617.0
Mars,False,TRAPPIST-1e,27.0,False,0.0,0.0,0.0,0.0,0.0,True,F,P,0.0
Mars,False,TRAPPIST-1e,0.0,False,0.0,0.0,0.0,0.0,0.0,True,F,P,0.0
Mars,True,TRAPPIST-1e,20.0,False,0.0,0.0,0.0,0.0,0.0,True,F,P,0.0
Earth,False,TRAPPIST-1e,41.0,False,1.0,922.0,4.0,55.0,15.0,False,E,P,997.0
Mars,True,TRAPPIST-1e,18.0,False,0.0,0.0,0.0,0.0,0.0,True,F,P,0.0
Mars,False,TRAPPIST-1e,29.0,True,3887.0,0.0,270.12864211105006,12.0,0.0,False,D,P,4169.12864211105
Mars,False,TRAPPIST-1e,19.0,False,3097.0,0.0,9.0,0.0,213.0,False,D,S,3319.0
Mars,False,TRAPPIST-1e,34.0,False,1973.0,0.0,97.0,41.0,3.0,False,E,S,2114.0
Europa,True,TRAPPIST-1e,36.0,False,0.0,0.0,0.0,0.0,0.0,True,B,S,0.0
Mars,True,TRAPPIST-1e,54.0,False,0.0,0.0,0.0,0.0,0.0,True,F,S,0.0
Mars,False,TRAPPIST-1e,19.0,False,164.0,0.0,783.0,0.0,0.0,False,E,S,947.0
Mars,False,TRAPPIST-1e,21.0,False,505.0,0.0,1952.0,0.0,0.0,False,F,S,2457.0
Mars,True,TRAPPIST-1e,23.0,False,0.0,0.0,0.0,0.0,0.0,True,E,S,0.0
Europa,True,55 Cancri e,35.0,False,0.0,0.0,0.0,0.0,0.0,True,F,S,0.0
Europa,False,TRAPPIST-1e,34.0,False,0.0,3488.0,0.0,4343.0,38.0,False,C,S,7869.0
Earth,False,TRAPPIST-1e,22.0,False,0.0,581.0,226.0,74.0,0.0,True,G,S,881.0
Earth,False,55 Cancri e,24.0,False,21.0,0.0,689.0,12.0,0.0,True,F,P,722.0
Mars,True,TRAPPIST-1e,18.0,False,0.0,0.0,0.0,0.0,0.0,True,F,S,0.0
Mars,False,55 Cancri e,24.0,False,2698.0,0.0,301.0,8.0,5.0,False,D,S,3012.0
Europa,True,TRAPPIST-1e,33.0,False,0.0,0.0,0.0,0.0,0.0,True,D,S,0.0
Earth,False,TRAPPIST-1e,24.0,False,121.0,237.0,4.0,387.0,54.0,False,F,S,803.0
Earth,True,TRAPPIST-1e,18.0,False,0.0,0.0,0.0,0.0,0.0,True,G,S,0.0
Earth,True,TRAPPIST-1e,19.0,False,0.0,0.0,0.0,0.0,0.0,True,G,P,0.0
Earth,False,55 Cancri e,43.0,False,0.0,0.0,722.0,0.0,0.0,True,F,P,722.0
Earth,True,TRAPPIST-1e,44.0,False,0.0,0.0,0.0,0.0,0.0,True,G,S,0.0
Europa,False,55 Cancri e,25.0,False,0.0,4949.0,0.0,452.0,15.0,True,A,S,5416.0
Europa,True,55 Cancri e,25.0,False,0.0,0.0,0.0,0.0,0.0,True,A,S,0.0
Europa,True,55 Cancri e,23.0,False,0.0,0.0,0.0,0.0,0.0,True,F,S,0.0
Mars,False,TRAPPIST-1e,23.0,False,1695.0,0.0,0.0,31.0,349.0,False,E,P,2075.0
Mars,False,TRAPPIST-1e,20.0,False,457.0,0.0,170.0,1132.0,0.0,False,F,P,1759.0
Mars,True,TRAPPIST-1e,2.0,False,0.0,0.0,0.0,0.0,0.0,True,F,P,0.0
Earth,False,TRAPPIST-1e,26.0,False,1577.0,2.0,0.0,30.0,0.0,False,E,S,1609.0
Earth,True,PSO J318.5-22,38.0,False,0.0,0.0,0.0,0.0,0.0,True,G,P,0.0
Earth,False,TRAPPIST-1e,1.0,False,0.0,0.0,0.0,0.0,0.0,False,G,P,0.0
Earth,False,TRAPPIST-1e,12.0,False,0.0,0.0,270.12864211105006,0.0,0.0,True,G,P,270.12864211105006
Earth,True,PSO J318.5-22,2.0,False,0.0,0.0,0.0,0.0,0.0,False,G,P,0.0
Earth,True,PSO J318.5-22,25.0,False,0.0,0.0,0.0,0.0,0.0,False,G,P,0.0
Earth,True,55 Cancri e,1.0,False,0.0,0.0,0.0,0.0,0.0,True,G,P,0.0
Earth,True,55 Cancri e,0.0,False,0.0,0.0,0.0,0.0,0.0,True,G,P,0.0
Europa,True,55 Cancri e,54.0,False,0.0,0.0,0.0,0.0,0.0,True,F,S,0.0
Earth,False,TRAPPIST-1e,21.0,False,521.0,0.0,4.0,261.0,1.0,False,E,P,787.0
Mars,False,TRAPPIST-1e,19.0,False,0.0,0.0,0.0,0.0,0.0,False,E,P,0.0
Earth,False,PSO J318.5-22,24.0,False,0.0,23.0,0.0,184.0,2566.0,False,F,S,2773.0
Earth,True,TRAPPIST-1e,20.0,False,0.0,0.0,0.0,0.0,0.0,False,G,P,0.0
Earth,False,TRAPPIST-1e,23.0,False,139.0,0.0,1.0,152.0,354.0,True,F,S,646.0
Earth,False,55 Cancri e,29.0,False,0.0,0.0,2.0,786.0,594.0,True,F,S,1382.0
Earth,False,TRAPPIST-1e,14.0,False,7.0,781.0,0.0,0.0,0.0,True,E,S,788.0
Earth,False,TRAPPIST-1e,19.0,False,0.0,714.0,2.0,0.0,0.0,False,F,S,716.0
Earth,False,55 Cancri e,23.0,False,0.0,38.0,88.0,4.0,561.0,False,F,P,691.0
Earth,False,TRAPPIST-1e,62.0,False,712.0,2.0,322.0,0.0,517.0,False,F,P,1553.0
Earth,False,TRAPPIST-1e,23.0,False,0.0,0.0,484.0,188.0,0.0,False,F,P,672.0
Europa,False,55 Cancri e,65.0,False,0.0,835.0,0.0,38.0,476.35311409149364,False,C,S,1349.3531140914936
Mars,True,TRAPPIST-1e,47.0,False,0.0,0.0,0.0,0.0,0.0,True,F,P,0.0
Europa,False,55 Cancri e,67.0,False,76.0,16.0,0.0,2247.0,1166.0,False,C,P,3505.0
Europa,True,55 Cancri e,14.0,False,0.0,0.0,0.0,0.0,0.0,True,C,P,0.0
Europa,False,TRAPPIST-1e,41.0,False,3594.0,3425.0,0.0,0.0,58.0,False,C,P,7077.0
Earth,True,TRAPPIST-1e,14.0,False,0.0,0.0,0.0,0.0,0.0,True,G,S,0.0
Earth,True,TRAPPIST-1e,19.0,False,0.0,0.0,0.0,0.0,0.0,False,G,S,0.0
Earth,False,55 Cancri e,22.0,False,15.0,142.0,0.0,41.0,493.0,False,F,S,691.0
Europa,True,TRAPPIST-1e,34.0,False,0.0,0.0,0.0,0.0,0.0,True,A,P,0.0
Europa,False,55 Cancri e,65.0,False,19.0,1344.0,4.0,3190.0,8.0,False,A,P,4565.0
Europa,True,55 Cancri e,42.0,False,0.0,0.0,0.0,0.0,0.0,True,F,S,0.0
Europa,True,55 Cancri e,22.0,False,0.0,0.0,0.0,0.0,0.0,True,D,P,0.0
Europa,True,55 Cancri e,54.0,False,0.0,0.0,0.0,0.0,0.0,True,B,S,0.0
Europa,False,TRAPPIST-1e,34.0,False,47.0,287.0,0.0,4302.0,0.0,False,B,S,4636.0
Europa,True,TRAPPIST-1e,27.0,False,0.0,0.0,0.0,0.0,0.0,True,B,S,0.0
Mars,False,55 Cancri e,67.0,False,1.0,0.0,5.0,1022.0,151.0,False,D,P,1179.0
Europa,False,TRAPPIST-1e,33.0,False,0.0,3879.0,0.0,48.0,67.0,True,C,P,3994.0
Earth,True,PSO J318.5-22,30.0,False,0.0,0.0,0.0,0.0,0.0,False,G,S,0.0
Earth,True,TRAPPIST-1e,22.0,False,0.0,0.0,0.0,0.0,0.0,False,G,S,0.0
Mars,False,PSO J318.5-22,35.0,False,1248.0,0.0,55.0,12.0,0.0,True,F,S,1315.0
Mars,False,TRAPPIST-1e,23.0,False,755.0,0.0,121.0,485.74408365437534,0.0,False,F,S,1361.7440836543753
Earth,False,TRAPPIST-1e,49.0,False,0.0,6.0,679.0,15.0,187.0,False,G,S,887.0
Europa,False,55 Cancri e,36.0,False,29.0,12180.0,0.0,93.0,17306.0,False,B,P,29608.0
Europa,True,TRAPPIST-1e,31.0,False,0.0,0.0,0.0,0.0,0.0,True,B,P,0.0
Europa,True,55 Cancri e,54.0,False,0.0,0.0,0.0,0.0,0.0,True,B,S,0.0
Earth,True,TRAPPIST-1e,0.0,False,0.0,0.0,0.0,0.0,0.0,False,G,S,0.0
Earth,False,TRAPPIST-1e,27.0,False,0.0,715.0,0.0,170.0,0.0,False,G,S,885.0
Earth,True,TRAPPIST-1e,54.0,False,0.0,0.0,0.0,0.0,0.0,False,G,S,0.0
Earth,True,PSO J318.5-22,10.0,False,0.0,0.0,0.0,0.0,0.0,False,G,S,0.0
Earth,False,55 Cancri e,0.0,False,0.0,0.0,0.0,0.0,0.0,True,G,S,0.0
Earth,True,PSO J318.5-22,7.0,False,0.0,0.0,0.0,0.0,0.0,True,G,S,0.0
Earth,True,TRAPPIST-1e,25.0,False,0.0,0.0,0.0,0.0,0.0,False,G,P,0.0
Europa,False,55 Cancri e,37.0,False,0.0,16.0,325.0,4476.0,1359.0,False,E,S,6176.0
Europa,True,55 Cancri e,15.0,False,0.0,0.0,0.0,0.0,0.0,True,E,S,0.0
Earth,True,TRAPPIST-1e,26.0,False,0.0,0.0,0.0,0.0,0.0,True,E,S,0.0
Europa,False,55 Cancri e,7.0,False,0.0,0.0,0.0,0.0,0.0,True,E,S,0.0
Earth,False,TRAPPIST-1e,30.0,False,558.0,4.0,0.0,175.0,0.0,False,F,S,737.0
Earth,False,TRAPPIST-1e,19.0,False,0.0,2.0,1399.0,0.0,18.0,True,F,P,1419.0
Europa,False,TRAPPIST-1e,30.0,False,0.0,3004.0,0.0,1018.0,0.0,False,A,P,4022.0
Earth,False,TRAPPIST-1e,21.0,False,562.0,2.0,0.0,0.0,11.0,False,F,P,575.0
Earth,False,PSO J318.5-22,21.0,False,14.0,33.0,0.0,3.0,467.0,False,G,S,517.0
Mars,True,TRAPPIST-1e,59.0,False,0.0,0.0,0.0,0.0,0.0,True,F,P,0.0
Europa,True,55 Cancri e,28.0,False,0.0,0.0,0.0,0.0,0.0,True,C,S,0.0
Earth,False,TRAPPIST-1e,32.0,False,713.0,0.0,2.0,0.0,1.0,False,F,P,716.0
Earth,True,TRAPPIST-1e,19.0,False,0.0,0.0,0.0,0.0,0.0,True,G,P,0.0
Earth,True,TRAPPIST-1e,7.0,False,0.0,0.0,0.0,0.0,0.0,False,G,P,0.0
Earth,False,55 Cancri e,16.0,False,797.0,0.0,0.0,0.0,0.0,False,F,P,797.0
Europa,False,TRAPPIST-1e,31.0,True,0.0,166.0,4.0,2177.0,342.0,False,A,S,2689.0
Europa,False,TRAPPIST-1e,30.0,False,0.0,142.0,870.0,89.0,3497.0,False,A,S,4598.0
Europa,True,TRAPPIST-1e,26.0,False,0.0,0.0,0.0,0.0,0.0,True,A,S,0.0
Earth,True,PSO J318.5-22,20.0,False,0.0,0.0,0.0,0.0,0.0,True,G,S,0.0
Earth,True,PSO J318.5-22,24.0,False,0.0,0.0,0.0,0.0,0.0,False,G,P,0.0
Earth,False,PSO J318.5-22,39.0,False,0.0,0.0,0.0,7.0,766.0,False,G,P,773.0
Mars,True,55 Cancri e,19.0,False,0.0,0.0,0.0,0.0,0.0,True,F,S,0.0
Mars,True,55 Cancri e,27.0,False,0.0,0.0,0.0,0.0,0.0,True,F,S,0.0
Earth,False,TRAPPIST-1e,34.0,False,0.0,0.0,0.0,874.0,0.0,False,F,S,874.0
Europa,True,55 Cancri e,28.0,False,0.0,0.0,0.0,0.0,0.0,True,D,S,0.0
Earth,False,TRAPPIST-1e,29.0,False,0.0,0.0,0.0,0.0,645.0,False,F,S,645.0
Mars,True,PSO J318.5-22,38.0,False,0.0,0.0,0.0,0.0,0.0,True,F,S,0.0
Europa,False,55 Cancri e,27.0,False,0.0,3462.0,5.0,1590.0,4.0,False,A,P,5061.0
Mars,True,TRAPPIST-1e,1.0,False,0.0,0.0,0.0,0.0,0.0,True,F,S,0.0
Europa,False,55 Cancri e,36.0,True,0.0,13248.0,100.0,1953.0,1.0,True,C,P,15302.0
Earth,False,TRAPPIST-1e,31.0,False,183.0,0.0,32.0,0.0,1171.0,False,F,S,1386.0
Earth,False,TRAPPIST-1e,1.0,False,0.0,0.0,0.0,0.0,0.0,True,G,S,0.0
Earth,False,TRAPPIST-1e,31.0,False,159.0,110.0,701.0,0.0,10.0,False,E,S,980.0
Mars,False,TRAPPIST-1e,10.0,False,0.0,0.0,0.0,0.0,476.35311409149364,True,F,S,476.35311409149364
Mars,False,TRAPPIST-1e,27.0,False,1227.0,42.0,1.0,0.0,0.0,False,F,S,1270.0
Mars,False,TRAPPIST-1e,42.0,False,836.0,0.0,51.0,304.0,0.0,False,F,S,1191.0
Mars,False,TRAPPIST-1e,0.0,False,0.0,0.0,0.0,0.0,0.0,True,F,S,0.0
Mars,False,PSO J318.5-22,41.0,False,1209.0,0.0,0.0,0.0,833.0,False,F,S,2042.0
Mars,True,TRAPPIST-1e,0.0,False,0.0,0.0,0.0,0.0,0.0,True,F,S,0.0
Mars,False,TRAPPIST-1e,0.0,False,0.0,0.0,0.0,0.0,0.0,True,F,S,0.0
Mars,True,TRAPPIST-1e,59.0,False,0.0,0.0,0.0,0.0,0.0,True,F,P,0.0
Earth,False,TRAPPIST-1e,13.0,False,2.0,1.0,30.0,485.74408365437534,0.0,False,E,S,518.7440836543753
Europa,False,55 Cancri e,24.0,False,0.0,284.0,0.0,4614.0,438.0,False,E,S,5336.0
Earth,True,TRAPPIST-1e,20.0,False,0.0,0.0,0.0,0.0,0.0,False,G,P,0.0
Europa,False,TRAPPIST-1e,71.0,True,0.0,0.0,0.0,0.0,0.0,True,B,S,0.0
Earth,True,PSO J318.5-22,23.0,False,0.0,0.0,0.0,0.0,0.0,True,G,S,0.0
Earth,False,55 Cancri e,15.0,False,0.0,59.0,714.0,0.0,3.0,True,F,S,776.0
Earth,False,TRAPPIST-1e,18.0,False,751.0,0.0,0.0,0.0,0.0,False,G,S,751.0
Earth,False,TRAPPIST-1e,19.0,False,0.0,561.0,10.0,0.0,161.0,True,F,S,732.0
Earth,True,55 Cancri e,4.0,False,0.0,0.0,0.0,0.0,0.0,True,G,S,0.0
Earth,False,55 Cancri e,42.0,False,0.0,0.0,739.0,0.0,0.0,True,F,S,739.0
Mars,False,TRAPPIST-1e,51.0,False,815.0,0.0,343.0,55.0,0.0,False,F,S,1213.0
Earth,True,TRAPPIST-1e,13.0,False,0.0,0.0,0.0,0.0,0.0,True,G,P,0.0
Earth,False,TRAPPIST-1e,27.0,False,174.0,653.0,0.0,0.0,0.0,True,F,S,827.0
Earth,False,TRAPPIST-1e,42.0,False,786.0,0.0,22.0,59.0,0.0,False,F,S,867.0
Earth,False,TRAPPIST-1e,41.0,False,324.0,2.0,270.12864211105006,7.0,26.0,True,F,S,629.1286421110501
Earth,False,PSO J318.5-22,21.0,False,15.0,0.0,2695.0,2.0,0.0,True,F,P,2712.0
Earth,False,TRAPPIST-1e,31.0,False,14.0,5.0,0.0,795.0,0.0,True,F,P,814.0
Europa,True,55 Cancri e,36.0,False,0.0,0.0,0.0,0.0,0.0,True,F,S,0.0
Earth,False,TRAPPIST-1e,31.0,False,0.0,0.0,0.0,838.0,27.0,False,F,P,865.0
Earth,False,55 Cancri e,14.0,False,77.0,0.0,9.0,424.0,166.0,False,G,S,676.0
Mars,False,PSO J318.5-22,32.0,True,494.0,701.0,71.0,0.0,0.0,False,F,S,1266.0
Europa,False,TRAPPIST-1e,32.0,False,0.0,179.0,0.0,0.0,5152.0,False,B,S,5331.0
Earth,False,TRAPPIST-1e,27.0,False,663.0,1111.0,0.0,0.0,2.0,False,G,P,1776.0
Europa,False,55 Cancri e,57.0,False,2651.0,2956.0,0.0,266.0,1300.0,False,B,S,7173.0
Earth,True,TRAPPIST-1e,13.0,False,0.0,0.0,0.0,0.0,0.0,False,G,S,0.0
Mars,True,TRAPPIST-1e,30.0,False,0.0,0.0,0.0,0.0,0.0,True,F,P,0.0
Mars,True,TRAPPIST-1e,14.0,False,0.0,0.0,0.0,0.0,0.0,True,F,P,0.0
Europa,False,TRAPPIST-1e,27.0,False,0.0,0.0,0.0,0.0,0.0,True,B,S,0.0
Europa,True,55 Cancri e,32.0,False,0.0,0.0,0.0,0.0,0.0,True,B,S,0.0
Mars,True,TRAPPIST-1e,54.0,False,0.0,0.0,0.0,0.0,0.0,True,E,S,0.0
Earth,False,55 Cancri e,23.0,False,217.0,378.0,19.0,1.0,12.0,False,F,P,627.0
Earth,True,55 Cancri e,38.0,False,0.0,0.0,0.0,0.0,0.0,True,A,S,0.0
Earth,True,TRAPPIST-1e,32.0,False,0.0,0.0,0.0,0.0,0.0,True,G,S,0.0
Earth,False,TRAPPIST-1e,24.0,False,34.0,7.0,320.0,0.0,427.0,False,E,P,788.0
Earth,True,TRAPPIST-1e,36.0,False,0.0,0.0,0.0,0.0,0.0,False,G,S,0.0
Earth,False,TRAPPIST-1e,11.0,False,0.0,0.0,0.0,0.0,0.0,False,G,S,0.0
Earth,True,TRAPPIST-1e,6.0,False,0.0,0.0,0.0,0.0,0.0,False,G,S,0.0
Europa,True,55 Cancri e,36.0,False,0.0,0.0,0.0,0.0,0.0,True,B,S,0.0
Europa,True,55 Cancri e,22.0,False,0.0,0.0,0.0,0.0,0.0,True,B,S,0.0
Earth,False,TRAPPIST-1e,27.0,False,2.0,850.0,18.0,2.0,0.0,False,F,S,872.0
Earth,True,TRAPPIST-1e,37.0,False,0.0,0.0,0.0,0.0,0.0,True,G,S,0.0
Earth,False,TRAPPIST-1e,55.0,False,280.0,0.0,444.0,0.0,0.0,False,F,S,724.0
Earth,False,PSO J318.5-22,27.0,False,112.0,473.0,0.0,92.0,0.0,False,G,P,677.0
Europa,False,TRAPPIST-1e,20.0,False,2.0,4754.0,0.0,246.0,31.0,True,A,S,5033.0
Earth,False,TRAPPIST-1e,16.0,False,350.53903958944284,0.0,32.0,2529.0,92.0,False,F,P,3003.539039589443
Earth,False,TRAPPIST-1e,19.0,False,0.0,162.0,540.0,0.0,0.0,False,F,S,702.0
Earth,False,TRAPPIST-1e,38.0,False,0.0,0.0,0.0,0.0,0.0,False,G,S,0.0
Earth,False,TRAPPIST-1e,35.0,False,12.0,687.0,46.0,2.0,0.0,False,F,S,747.0
Europa,True,55 Cancri e,33.0,False,0.0,0.0,0.0,0.0,0.0,True,C,P,0.0
Mars,False,PSO J318.5-22,37.0,True,381.0,0.0,3.0,447.0,0.0,False,D,S,831.0
Earth,False,TRAPPIST-1e,46.0,False,784.0,0.0,0.0,0.0,4.0,False,F,S,788.0
Europa,False,TRAPPIST-1e,41.0,False,3103.0,3.0,0.0,31.0,26.0,False,D,S,3163.0
Earth,False,TRAPPIST-1e,13.0,False,875.0,5.0,10.0,18.0,0.0,False,G,P,908.0
Earth,True,TRAPPIST-1e,31.0,False,0.0,0.0,0.0,0.0,0.0,False,G,S,0.0
Earth,True,55 Cancri e,52.0,False,0.0,0.0,0.0,0.0,0.0,True,G,S,0.0
Europa,False,TRAPPIST-1e,48.0,False,0.0,0.0,0.0,0.0,0.0,False,C,P,0.0
Europa,False,55 Cancri e,27.0,False,1.0,12804.0,0.0,10.0,52.0,True,C,P,12867.0
Mars,False,TRAPPIST-1e,16.0,False,172.0,714.4862536656891,338.0,9.0,0.0,False,F,P,1233.4862536656892
Earth,True,55 Cancri e,32.0,False,0.0,0.0,0.0,0.0,0.0,True,G,P,0.0
Earth,True,TRAPPIST-1e,25.0,False,0.0,0.0,0.0,0.0,0.0,False,G,S,0.0
Earth,False,TRAPPIST-1e,26.0,False,0.0,0.0,716.0,0.0,1.0,True,F,P,717.0
Earth,True,TRAPPIST-1e,44.0,False,0.0,0.0,0.0,0.0,0.0,False,G,P,0.0
Mars,False,TRAPPIST-1e,32.0,False,47.0,0.0,2552.0,0.0,0.0,True,F,S,2599.0
Earth,False,TRAPPIST-1e,18.0,False,200.0,124.0,0.0,413.0,0.0,True,F,P,737.0
Earth,True,55 Cancri e,23.0,False,0.0,0.0,0.0,0.0,0.0,False,G,S,0.0
Europa,False,TRAPPIST-1e,44.0,False,0.0,2792.0,0.0,148.0,1043.0,False,C,P,3983.0
Mars,False,PSO J318.5-22,29.0,False,4.0,0.0,421.0,435.0,19.0,False,D,P,879.0
Earth,False,55 Cancri e,19.0,False,0.0,388.0,469.0,485.74408365437534,0.0,True,F,S,1342.7440836543753
Europa,False,55 Cancri e,41.0,False,0.0,5738.0,7.0,9038.0,28.0,False,B,P,14811.0
Europa,False,TRAPPIST-1e,28.0,False,0.0,1736.0,270.12864211105006,145.0,634.0,False,B,P,2785.12864211105
Earth,True,TRAPPIST-1e,19.0,False,0.0,0.0,0.0,0.0,0.0,True,G,S,0.0
Mars,False,TRAPPIST-1e,32.0,True,2492.0,0.0,270.12864211105006,136.0,4.0,False,F,P,2902.12864211105
Earth,False,TRAPPIST-1e,74.0,False,853.0,0.0,543.0,31.0,0.0,True,F,P,1427.0
Europa,False,TRAPPIST-1e,31.0,False,0.0,7461.0,0.0,369.0,450.0,True,B,S,8280.0
Europa,False,55 Cancri e,38.0,False,0.0,172.0,0.0,5907.0,34.0,False,E,P,6113.0
Earth,False,TRAPPIST-1e,20.0,False,157.0,0.0,0.0,544.0,3.0,False,G,S,704.0
Earth,False,TRAPPIST-1e,24.0,False,47.0,0.0,10.0,139.0,1406.0,False,E,S,1602.0
Earth,False,PSO J318.5-22,26.0,False,18.0,84.0,93.0,886.0,289.0,False,F,P,1370.0
Earth,True,PSO J318.5-22,44.0,False,0.0,0.0,0.0,0.0,0.0,False,G,S,0.0
Europa,True,55 Cancri e,33.0,False,0.0,0.0,0.0,0.0,0.0,True,B,P,0.0
Europa,False,55 Cancri e,31.0,False,0.0,1095.0,0.0,169.0,1226.0,False,B,P,2490.0
Europa,False,55 Cancri e,27.0,False,0.0,7767.0,0.0,15.0,2453.0,True,C,S,10235.0
Europa,True,TRAPPIST-1e,22.0,False,0.0,0.0,0.0,0.0,0.0,True,B,S,0.0
Earth,False,TRAPPIST-1e,33.0,False,13.0,0.0,984.0,0.0,0.0,False,E,S,997.0
Mars,False,TRAPPIST-1e,34.0,False,379.0,0.0,1626.0,0.0,0.0,False,F,P,2005.0
Mars,True,TRAPPIST-1e,11.0,False,0.0,0.0,0.0,0.0,0.0,True,F,P,0.0
Mars,True,TRAPPIST-1e,41.0,False,0.0,0.0,0.0,0.0,0.0,True,F,P,0.0
Europa,False,55 Cancri e,30.0,False,0.0,7992.0,0.0,507.0,25.0,True,B,S,8524.0
Europa,False,TRAPPIST-1e,30.0,False,0.0,760.0,234.0,2761.0,81.0,False,B,S,3836.0
Earth,False,TRAPPIST-1e,25.0,False,0.0,714.4862536656891,699.0,43.0,22.0,False,G,S,1478.4862536656892
Earth,True,PSO J318.5-22,31.0,False,0.0,0.0,0.0,0.0,0.0,True,G,P,0.0
Earth,False,TRAPPIST-1e,38.0,False,646.0,0.0,0.0,135.0,260.0,False,F,P,1041.0
Earth,True,TRAPPIST-1e,15.0,False,0.0,0.0,0.0,0.0,0.0,True,G,P,0.0
Earth,False,TRAPPIST-1e,19.0,False,0.0,714.4862536656891,115.0,126.0,491.0,True,F,P,1446.4862536656892
Mars,True,TRAPPIST-1e,29.0,False,0.0,0.0,0.0,0.0,0.0,True,F,S,0.0
Europa,False,TRAPPIST-1e,30.0,False,14.0,12045.0,0.0,2121.0,0.0,True,C,P,14180.0
Europa,False,TRAPPIST-1e,29.0,False,0.0,1127.0,0.0,1867.0,1070.0,False,C,P,4064.0
Earth,False,TRAPPIST-1e,36.0,False,0.0,11.0,0.0,18.0,872.0,False,F,P,901.0
Earth,False,TRAPPIST-1e,24.0,False,174.0,0.0,0.0,630.0,0.0,False,F,S,804.0
Earth,False,TRAPPIST-1e,30.0,False,0.0,0.0,871.0,0.0,0.0,True,E,S,871.0
Earth,False,TRAPPIST-1e,0.0,False,0.0,0.0,0.0,0.0,0.0,True,G,S,0.0
Earth,True,TRAPPIST-1e,15.0,False,0.0,0.0,0.0,0.0,0.0,True,G,P,0.0
Earth,False,TRAPPIST-1e,38.0,False,55.0,741.0,0.0,0.0,13.0,True,G,P,809.0
Earth,False,TRAPPIST-1e,13.0,False,0.0,7.0,0.0,1175.0,0.0,False,F,P,1182.0
Mars,False,TRAPPIST-1e,18.0,False,594.0,0.0,555.0,0.0,0.0,False,F,P,1149.0
Earth,False,TRAPPIST-1e,16.0,False,891.0,0.0,831.0,0.0,0.0,False,G,P,1722.0
Earth,False,55 Cancri e,8.0,False,0.0,0.0,0.0,0.0,0.0,False,G,P,0.0
Earth,False,TRAPPIST-1e,19.0,False,72.0,5.0,0.0,342.0,188.0,True,F,P,607.0
Earth,False,55 Cancri e,26.0,False,0.0,474.0,0.0,0.0,201.0,False,G,P,675.0
Earth,True,55 Cancri e,15.0,False,0.0,0.0,0.0,0.0,0.0,True,G,P,0.0
Earth,True,PSO J318.5-22,38.0,False,0.0,0.0,0.0,0.0,0.0,True,G,S,0.0
Mars,False,TRAPPIST-1e,45.0,False,877.0,0.0,1383.0,0.0,0.0,False,F,S,2260.0
Earth,False,PSO J318.5-22,48.0,False,0.0,306.0,3.0,485.74408365437534,359.0,False,F,P,1153.7440836543753
Earth,True,55 Cancri e,17.0,False,0.0,0.0,0.0,0.0,0.0,False,G,S,0.0
Earth,False,TRAPPIST-1e,28.0,False,0.0,631.0,0.0,5.0,0.0,True,E,S,636.0
Mars,True,TRAPPIST-1e,41.0,False,0.0,0.0,0.0,0.0,0.0,True,F,P,0.0
Earth,False,TRAPPIST-1e,19.0,False,3.0,0.0,270.12864211105006,0.0,788.0,False,E,S,1061.12864211105
Earth,False,55 Cancri e,14.0,False,0.0,885.0,8.0,0.0,0.0,True,G,P,893.0
Europa,True,TRAPPIST-1e,21.0,False,0.0,0.0,0.0,0.0,0.0,True,B,P,0.0
Europa,True,TRAPPIST-1e,48.0,False,0.0,0.0,0.0,0.0,0.0,True,B,P,0.0
Mars,False,TRAPPIST-1e,19.0,False,631.0,0.0,834.0,304.0,0.0,False,F,S,1769.0
Earth,False,TRAPPIST-1e,29.0,False,1377.0,0.0,0.0,167.0,0.0,False,F,S,1544.0
Earth,False,TRAPPIST-1e,20.0,False,792.0,0.0,0.0,0.0,0.0,False,E,P,792.0
Mars,True,TRAPPIST-1e,44.0,False,0.0,0.0,0.0,0.0,0.0,True,F,P,0.0
Earth,True,TRAPPIST-1e,19.0,False,0.0,0.0,0.0,0.0,0.0,True,G,P,0.0
Earth,True,TRAPPIST-1e,64.0,False,0.0,0.0,0.0,0.0,0.0,False,G,P,0.0
Earth,False,TRAPPIST-1e,21.0,False,0.0,314.0,323.0,1026.0,6.0,False,E,P,1669.0
Earth,False,55 Cancri e,32.0,False,58.0,317.0,448.0,3.0,0.0,True,E,P,826.0
Earth,True,TRAPPIST-1e,20.0,False,0.0,0.0,0.0,0.0,0.0,False,G,S,0.0
Earth,False,TRAPPIST-1e,24.0,False,350.53903958944284,32.0,8.0,0.0,0.0,False,F,P,390.53903958944284
Europa,False,TRAPPIST-1e,44.0,False,0.0,0.0,0.0,0.0,0.0,True,B,S,0.0
Earth,True,PSO J318.5-22,57.0,False,0.0,0.0,0.0,0.0,0.0,True,G,P,0.0
Earth,False,TRAPPIST-1e,51.0,False,350.53903958944284,714.4862536656891,4.0,0.0,0.0,False,G,P,1069.025293255132
Earth,True,55 Cancri e,34.0,False,0.0,0.0,0.0,0.0,0.0,True,G,S,0.0
Earth,False,TRAPPIST-1e,45.0,False,0.0,1.0,13.0,0.0,873.0,False,G,S,887.0
Earth,False,TRAPPIST-1e,24.0,False,0.0,0.0,718.0,0.0,0.0,False,F,S,718.0
Earth,False,TRAPPIST-1e,23.0,False,0.0,0.0,490.0,0.0,319.0,False,G,S,809.0
Earth,True,TRAPPIST-1e,30.0,False,0.0,0.0,0.0,0.0,0.0,True,G,S,0.0
Earth,False,55 Cancri e,20.0,False,0.0,11.0,0.0,136.0,1088.0,False,F,S,1235.0
Earth,True,TRAPPIST-1e,22.0,False,0.0,0.0,0.0,0.0,0.0,True,G,S,0.0
Earth,True,PSO J318.5-22,27.0,False,0.0,0.0,0.0,0.0,0.0,False,G,S,0.0
Earth,True,TRAPPIST-1e,71.0,False,0.0,0.0,0.0,0.0,0.0,True,G,S,0.0
Earth,False,55 Cancri e,18.0,False,6.0,0.0,270.12864211105006,12.0,704.0,True,E,P,992.1286421110501
Earth,False,TRAPPIST-1e,16.0,False,3.0,0.0,35.0,150.0,478.0,False,F,P,666.0
Earth,False,TRAPPIST-1e,28.0,False,0.0,3.0,906.0,0.0,0.0,False,G,S,909.0
Earth,False,TRAPPIST-1e,36.0,False,1.0,784.0,0.0,55.0,149.0,True,E,S,989.0
Earth,False,TRAPPIST-1e,6.0,False,0.0,0.0,0.0,0.0,0.0,False,G,P,0.0
Earth,False,PSO J318.5-22,26.0,False,0.0,541.0,46.0,4.0,96.0,False,F,S,687.0
Earth,True,TRAPPIST-1e,27.0,False,0.0,0.0,0.0,0.0,0.0,False,G,S,0.0
Europa,False,TRAPPIST-1e,49.0,False,31.0,2727.0,0.0,184.0,135.0,True,D,S,3077.0
Europa,False,TRAPPIST-1e,29.0,False,387.0,942.0,0.0,9927.0,1341.0,False,D,S,12597.0
Europa,False,55 Cancri e,46.0,False,1192.0,1736.0,17.0,21.0,0.0,True,D,S,2966.0
Europa,False,55 Cancri e,35.0,True,8030.0,300.0,0.0,0.0,1436.0,False,F,S,9766.0
Europa,True,55 Cancri e,17.0,False,0.0,0.0,0.0,0.0,0.0,True,D,S,0.0
Europa,False,55 Cancri e,37.0,False,4301.0,791.0,0.0,1748.0,91.0,False,D,S,6931.0
Earth,False,55 Cancri e,24.0,False,252.0,0.0,0.0,449.0,0.0,False,F,S,701.0
Earth,True,TRAPPIST-1e,47.0,False,0.0,0.0,0.0,0.0,0.0,False,G,S,0.0
Earth,False,TRAPPIST-1e,26.0,False,621.0,1.0,98.0,11.0,135.0,False,F,S,866.0
Europa,True,55 Cancri e,46.0,False,0.0,0.0,0.0,0.0,0.0,True,C,P,0.0
Mars,False,TRAPPIST-1e,27.0,False,253.0,0.0,880.0,22.0,2.0,False,F,S,1157.0
Europa,False,TRAPPIST-1e,56.0,False,0.0,7447.0,0.0,253.0,35.0,True,C,P,7735.0
Mars,False,TRAPPIST-1e,18.0,False,885.0,0.0,32.0,0.0,0.0,False,D,P,917.0
Earth,True,TRAPPIST-1e,15.0,False,0.0,0.0,0.0,0.0,0.0,False,G,S,0.0
Mars,False,55 Cancri e,3.0,False,0.0,0.0,0.0,0.0,0.0,True,F,S,0.0
Mars,False,TRAPPIST-1e,42.0,False,1050.0,0.0,715.0,0.0,3.0,False,F,S,1768.0
Mars,True,TRAPPIST-1e,1.0,False,0.0,0.0,0.0,0.0,0.0,True,F,S,0.0
Europa,True,55 Cancri e,56.0,False,0.0,0.0,0.0,0.0,0.0,True,A,S,0.0
Earth,False,TRAPPIST-1e,20.0,False,0.0,0.0,4.0,9.0,773.0,False,G,S,786.0
Earth,False,TRAPPIST-1e,21.0,False,0.0,0.0,0.0,0.0,791.0,False,E,S,791.0
Earth,True,TRAPPIST-1e,5.0,False,0.0,0.0,0.0,0.0,0.0,True,E,S,0.0
Earth,False,TRAPPIST-1e,12.0,False,0.0,0.0,0.0,0.0,0.0,True,F,S,0.0
Europa,True,55 Cancri e,39.0,False,0.0,0.0,0.0,0.0,0.0,True,C,S,0.0
Europa,True,TRAPPIST-1e,60.0,False,0.0,0.0,0.0,0.0,0.0,True,C,S,0.0
Earth,False,TRAPPIST-1e,31.0,False,1633.0,4.0,49.0,6.0,0.0,False,F,S,1692.0
Earth,True,TRAPPIST-1e,58.0,False,0.0,0.0,0.0,0.0,0.0,False,G,P,0.0
Earth,True,TRAPPIST-1e,19.0,False,0.0,0.0,0.0,0.0,0.0,True,G,P,0.0
Earth,True,TRAPPIST-1e,29.0,False,0.0,0.0,0.0,0.0,0.0,False,G,S,0.0
Mars,True,TRAPPIST-1e,19.0,False,0.0,0.0,0.0,0.0,0.0,True,F,P,0.0
Earth,False,TRAPPIST-1e,44.0,False,0.0,131.0,267.0,554.0,0.0,False,F,S,952.0
Earth,False,TRAPPIST-1e,20.0,False,0.0,15.0,122.0,1125.0,0.0,False,F,S,1262.0
Earth,True,TRAPPIST-1e,18.0,False,0.0,0.0,0.0,0.0,0.0,True,G,P,0.0
Earth,False,TRAPPIST-1e,36.0,False,1.0,1410.0,0.0,1.0,0.0,True,F,S,1412.0
Mars,True,TRAPPIST-1e,25.0,False,0.0,0.0,0.0,0.0,0.0,True,F,P,0.0
Earth,False,TRAPPIST-1e,15.0,False,48.0,6.0,0.0,954.0,0.0,False,F,S,1008.0
Earth,False,55 Cancri e,18.0,False,187.0,12.0,0.0,1277.0,0.0,False,F,P,1476.0
Earth,True,TRAPPIST-1e,0.0,False,0.0,0.0,0.0,0.0,0.0,True,G,P,0.0
Earth,False,55 Cancri e,54.0,False,0.0,5.0,0.0,594.0,209.0,False,G,P,808.0
Earth,False,55 Cancri e,0.0,False,0.0,0.0,0.0,0.0,0.0,False,G,P,0.0
Earth,False,TRAPPIST-1e,20.0,False,759.0,0.0,106.0,202.0,0.0,False,F,P,1067.0
Earth,True,TRAPPIST-1e,21.0,False,0.0,0.0,0.0,0.0,0.0,False,G,S,0.0
Mars,False,TRAPPIST-1e,8.0,False,0.0,0.0,0.0,0.0,0.0,True,F,P,0.0
Mars,False,TRAPPIST-1e,46.0,False,1454.0,0.0,81.0,38.0,0.0,False,F,P,1573.0
Mars,False,TRAPPIST-1e,31.0,False,231.0,0.0,270.12864211105006,279.0,9.0,False,F,P,789.1286421110501
Mars,False,55 Cancri e,3.0,False,0.0,0.0,0.0,0.0,0.0,True,F,P,0.0
Mars,True,TRAPPIST-1e,30.0,False,0.0,0.0,0.0,0.0,0.0,True,F,P,0.0
Earth,False,TRAPPIST-1e,23.0,False,1081.0,0.0,0.0,0.0,7.0,False,F,P,1088.0
Earth,False,TRAPPIST-1e,14.0,False,756.0,84.0,0.0,8.0,99.0,False,F,S,947.0
Earth,True,PSO J318.5-22,25.0,False,0.0,0.0,0.0,0.0,0.0,False,G,P,0.0
Earth,True,TRAPPIST-1e,61.0,False,0.0,0.0,0.0,0.0,0.0,True,G,P,0.0
Earth,False,TRAPPIST-1e,31.0,False,0.0,0.0,0.0,675.0,213.0,False,G,P,888.0
Mars,False,55 Cancri e,13.0,False,4.0,0.0,1973.0,0.0,39.0,True,F,P,2016.0
Earth,True,PSO J318.5-22,24.0,False,0.0,0.0,0.0,0.0,0.0,True,G,S,0.0
Earth,False,TRAPPIST-1e,47.0,False,0.0,306.0,84.0,499.0,0.0,False,G,S,889.0
Earth,False,PSO J318.5-22,15.0,False,521.0,162.0,62.0,5.0,0.0,True,G,S,750.0
Europa,True,TRAPPIST-1e,46.0,False,0.0,0.0,0.0,0.0,0.0,True,F,S,0.0
Earth,False,TRAPPIST-1e,49.0,False,0.0,0.0,1526.0,960.0,0.0,False,F,P,2486.0
Europa,False,TRAPPIST-1e,37.0,False,0.0,0.0,0.0,0.0,0.0,False,C,P,0.0
Europa,False,TRAPPIST-1e,44.0,False,0.0,2349.0,7.0,815.0,10896.0,False,C,P,14067.0
Earth,False,TRAPPIST-1e,16.0,False,507.0,0.0,0.0,0.0,476.35311409149364,False,F,S,983.3531140914936
Earth,True,TRAPPIST-1e,58.0,False,0.0,0.0,0.0,0.0,0.0,True,G,P,0.0
Earth,False,TRAPPIST-1e,20.0,False,0.0,537.0,612.0,3.0,0.0,True,F,P,1152.0
Mars,True,55 Cancri e,36.0,False,0.0,0.0,0.0,0.0,0.0,True,F,P,0.0
Mars,True,TRAPPIST-1e,31.0,False,0.0,0.0,0.0,0.0,0.0,True,F,P,0.0
Earth,False,TRAPPIST-1e,21.0,False,2.0,447.0,81.0,74.0,476.35311409149364,False,F,S,1080.3531140914936
Earth,False,55 Cancri e,22.0,False,350.53903958944284,0.0,21.0,0.0,0.0,False,F,S,371.53903958944284
Earth,False,PSO J318.5-22,27.0,False,182.0,0.0,0.0,0.0,376.0,False,F,S,558.0
Earth,False,TRAPPIST-1e,58.0,False,0.0,0.0,828.0,0.0,96.0,True,F,S,924.0
Earth,True,TRAPPIST-1e,38.0,False,0.0,0.0,0.0,0.0,0.0,True,F,P,0.0
Mars,True,55 Cancri e,30.0,False,0.0,0.0,0.0,0.0,0.0,True,F,P,0.0
Europa,True,55 Cancri e,20.0,False,0.0,0.0,0.0,0.0,0.0,True,C,P,0.0
Earth,False,TRAPPIST-1e,19.0,False,0.0,0.0,27.0,53.0,677.0,False,F,S,757.0
Earth,False,TRAPPIST-1e,57.0,False,350.53903958944284,20.0,157.0,21.0,689.0,False,G,S,1237.5390395894428
Earth,False,TRAPPIST-1e,26.0,False,0.0,773.0,48.0,0.0,149.0,False,F,P,970.0
Earth,False,TRAPPIST-1e,38.0,False,0.0,3262.0,0.0,295.0,1374.0,True,B,P,4931.0
Europa,True,TRAPPIST-1e,15.0,False,0.0,0.0,0.0,0.0,0.0,True,B,P,0.0
Mars,True,TRAPPIST-1e,27.0,False,0.0,0.0,0.0,0.0,0.0,True,F,S,0.0
Mars,True,TRAPPIST-1e,35.0,False,0.0,0.0,0.0,0.0,0.0,True,F,P,0.0
Earth,True,PSO J318.5-22,38.0,False,0.0,0.0,0.0,0.0,0.0,False,G,S,0.0
Earth,False,TRAPPIST-1e,35.0,False,415.0,1328.0,0.0,14.0,60.0,False,T,P,1817.0
Europa,True,TRAPPIST-1e,14.0,False,0.0,0.0,0.0,0.0,0.0,True,B,S,0.0
Europa,True,TRAPPIST-1e,27.0,False,0.0,0.0,0.0,0.0,0.0,True,B,S,0.0
Earth,True,TRAPPIST-1e,25.0,False,0.0,0.0,0.0,0.0,0.0,False,G,P,0.0
Earth,False,TRAPPIST-1e,37.0,False,0.0,113.0,0.0,283.0,455.0,False,G,P,851.0
Earth,False,55 Cancri e,25.0,False,79.0,709.0,0.0,0.0,0.0,False,E,P,788.0
Earth,False,55 Cancri e,41.0,False,638.0,0.0,133.0,0.0,476.35311409149364,False,G,P,1247.3531140914936
Mars,False,TRAPPIST-1e,50.0,False,202.0,714.4862536656891,1108.0,0.0,0.0,False,F,S,2024.4862536656892
Mars,False,TRAPPIST-1e,33.0,False,694.0,0.0,60.0,564.0,0.0,False,F,S,1318.0
Mars,True,TRAPPIST-1e,27.0,False,0.0,0.0,0.0,0.0,0.0,True,F,S,0.0
Mars,True,TRAPPIST-1e,23.0,False,0.0,0.0,0.0,0.0,0.0,True,F,S,0.0
Mars,False,TRAPPIST-1e,18.0,False,556.0,0.0,0.0,852.0,6.0,True,F,S,1414.0
Earth,False,TRAPPIST-1e,31.0,False,0.0,1.0,0.0,16.0,843.0,False,F,S,860.0
Earth,True,TRAPPIST-1e,54.0,False,0.0,0.0,0.0,0.0,0.0,False,G,P,0.0
Earth,True,TRAPPIST-1e,0.0,False,0.0,0.0,0.0,0.0,0.0,True,G,P,0.0
Earth,False,TRAPPIST-1e,11.0,False,0.0,0.0,0.0,0.0,476.35311409149364,False,G,P,476.35311409149364
Earth,True,TRAPPIST-1e,4.0,False,0.0,0.0,0.0,0.0,0.0,False,G,P,0.0
Earth,False,TRAPPIST-1e,19.0,False,0.0,0.0,0.0,641.0,0.0,True,E,P,641.0
Earth,False,TRAPPIST-1e,7.0,False,0.0,0.0,0.0,0.0,0.0,True,G,P,0.0
Earth,True,PSO J318.5-22,20.0,False,0.0,0.0,0.0,0.0,0.0,False,G,S,0.0
Earth,True,55 Cancri e,33.0,False,0.0,0.0,0.0,0.0,0.0,True,D,P,0.0
Europa,False,TRAPPIST-1e,26.0,False,0.0,565.0,1.0,677.0,794.0,False,D,P,2037.0
Mars,True,TRAPPIST-1e,35.0,False,0.0,0.0,0.0,0.0,0.0,True,F,P,0.0
Mars,False,TRAPPIST-1e,23.0,False,1862.0,59.0,18.0,192.0,0.0,True,D,P,2131.0
Earth,False,TRAPPIST-1e,60.0,False,437.0,2.0,0.0,0.0,365.0,False,F,P,804.0
Europa,True,TRAPPIST-1e,34.0,False,0.0,0.0,0.0,0.0,0.0,True,F,S,0.0
Earth,False,TRAPPIST-1e,27.0,False,233.0,0.0,0.0,0.0,488.0,False,G,S,721.0
Mars,True,TRAPPIST-1e,42.0,False,0.0,0.0,0.0,0.0,0.0,True,E,S,0.0
Earth,False,PSO J318.5-22,22.0,False,0.0,78.0,642.0,0.0,0.0,False,F,P,720.0
Mars,False,TRAPPIST-1e,18.0,False,490.0,355.0,298.0,245.0,0.0,False,F,P,1388.0
Mars,False,TRAPPIST-1e,5.0,False,350.53903958944284,0.0,0.0,0.0,0.0,True,F,P,350.53903958944284
Mars,False,TRAPPIST-1e,18.0,False,787.0,0.0,106.0,1710.0,0.0,False,F,P,2603.0
Mars,False,TRAPPIST-1e,29.0,False,528.0,271.0,99.0,0.0,130.0,False,E,P,1028.0
Mars,False,PSO J318.5-22,39.0,False,173.0,0.0,660.0,1.0,781.0,False,F,P,1615.0
Earth,False,TRAPPIST-1e,17.0,False,82.0,0.0,263.0,16.0,515.0,False,F,S,876.0
Mars,False,TRAPPIST-1e,58.0,False,55.0,0.0,756.0,246.0,100.0,False,F,S,1157.0
Mars,True,TRAPPIST-1e,5.0,False,0.0,0.0,0.0,0.0,0.0,True,F,S,0.0
Europa,False,TRAPPIST-1e,23.0,False,0.0,24.0,0.0,55.0,7516.0,False,C,S,7595.0
Europa,False,55 Cancri e,26.0,False,8.0,6138.0,0.0,3.0,754.0,True,C,S,6903.0
Europa,False,55 Cancri e,40.0,False,0.0,4076.0,6124.0,58.0,100.0,True,B,P,10358.0
Earth,False,TRAPPIST-1e,20.0,False,0.0,0.0,0.0,0.0,719.0,True,E,S,719.0
Mars,False,TRAPPIST-1e,38.0,True,936.0,0.0,363.0,0.0,0.0,False,E,S,1299.0
Mars,False,TRAPPIST-1e,31.0,False,0.0,0.0,0.0,0.0,0.0,False,E,S,0.0
Earth,True,TRAPPIST-1e,34.0,False,0.0,0.0,0.0,0.0,0.0,True,G,S,0.0
Earth,False,TRAPPIST-1e,9.0,False,0.0,0.0,0.0,0.0,0.0,True,G,S,0.0
Earth,False,TRAPPIST-1e,36.0,False,0.0,3011.0,0.0,0.0,98.0,True,F,S,3109.0
Earth,True,TRAPPIST-1e,26.0,False,0.0,0.0,0.0,0.0,0.0,True,G,S,0.0
Earth,False,TRAPPIST-1e,18.0,False,855.0,0.0,51.0,0.0,0.0,False,E,P,906.0
Earth,False,PSO J318.5-22,55.0,False,98.0,46.0,0.0,743.0,0.0,True,F,P,887.0
Europa,False,TRAPPIST-1e,28.0,False,0.0,402.0,0.0,135.0,9010.0,False,B,P,9547.0
Europa,True,55 Cancri e,18.0,False,0.0,0.0,0.0,0.0,0.0,True,B,S,0.0
Earth,False,TRAPPIST-1e,28.0,False,2.0,0.0,0.0,787.0,3.0,False,E,S,792.0
Mars,True,TRAPPIST-1e,23.0,False,0.0,0.0,0.0,0.0,0.0,False,E,S,0.0
Mars,False,55 Cancri e,20.0,False,350.53903958944284,3.0,3505.0,199.0,17.0,True,D,S,4074.539039589443
Earth,True,TRAPPIST-1e,22.0,False,0.0,0.0,0.0,0.0,0.0,False,F,S,0.0
Mars,False,TRAPPIST-1e,27.0,False,0.0,0.0,0.0,0.0,0.0,True,E,P,0.0
Europa,True,55 Cancri e,13.0,False,0.0,0.0,0.0,0.0,0.0,True,F,S,0.0
Earth,False,TRAPPIST-1e,32.0,False,0.0,1755.0,0.0,0.0,67.0,True,G,S,1822.0
Europa,False,TRAPPIST-1e,53.0,False,0.0,143.0,1632.0,3.0,756.0,True,B,S,2534.0
Europa,True,TRAPPIST-1e,34.0,False,0.0,0.0,0.0,0.0,0.0,True,B,S,0.0
Europa,True,55 Cancri e,42.0,False,0.0,0.0,0.0,0.0,0.0,True,B,S,0.0
Earth,True,TRAPPIST-1e,19.0,False,0.0,0.0,0.0,0.0,0.0,True,G,S,0.0
Earth,False,TRAPPIST-1e,54.0,False,0.0,0.0,0.0,0.0,908.0,True,G,P,908.0
Earth,False,TRAPPIST-1e,12.0,False,0.0,0.0,0.0,0.0,0.0,True,G,S,0.0
Earth,False,TRAPPIST-1e,35.0,False,482.0,0.0,884.0,0.0,30.0,False,F,S,1396.0
Earth,False,TRAPPIST-1e,55.0,False,412.0,97.0,3.0,0.0,476.35311409149364,False,G,S,988.3531140914936
Earth,False,55 Cancri e,26.0,False,620.0,0.0,187.0,0.0,1304.0,False,F,P,2111.0
Europa,True,TRAPPIST-1e,49.0,False,0.0,0.0,0.0,0.0,0.0,True,B,P,0.0
Europa,True,55 Cancri e,22.0,False,0.0,0.0,0.0,0.0,0.0,True,C,P,0.0
Europa,False,55 Cancri e,27.0,False,0.0,122.0,2138.0,7368.0,1213.0,False,C,P,10841.0
Europa,False,TRAPPIST-1e,30.0,False,0.0,5225.0,0.0,8.0,1933.0,False,C,P,7166.0
Europa,False,55 Cancri e,39.0,False,0.0,5212.0,2.0,118.0,61.0,True,F,S,5393.0
Europa,True,TRAPPIST-1e,14.0,False,0.0,0.0,0.0,0.0,0.0,True,C,P,0.0
Europa,True,TRAPPIST-1e,29.0,False,0.0,0.0,0.0,0.0,0.0,True,C,P,0.0
Europa,False,55 Cancri e,34.0,False,2386.0,841.0,76.0,26.0,1693.0,False,C,P,5022.0
Earth,False,55 Cancri e,8.0,False,0.0,0.0,0.0,0.0,0.0,True,G,S,0.0
Earth,False,TRAPPIST-1e,7.0,False,0.0,0.0,0.0,0.0,0.0,False,G,S,0.0
Earth,True,TRAPPIST-1e,3.0,False,0.0,0.0,0.0,0.0,0.0,False,G,S,0.0
Earth,False,TRAPPIST-1e,0.0,False,0.0,0.0,0.0,0.0,0.0,False,G,S,0.0
Earth,False,55 Cancri e,10.0,False,0.0,0.0,0.0,0.0,0.0,False,G,S,0.0
Earth,True,55 Cancri e,16.0,False,0.0,0.0,0.0,0.0,0.0,False,G,S,0.0
Mars,False,TRAPPIST-1e,41.0,False,29.0,0.0,1095.0,0.0,4.0,False,F,S,1128.0
Earth,True,TRAPPIST-1e,18.0,False,0.0,0.0,0.0,0.0,0.0,True,G,P,0.0
Europa,True,TRAPPIST-1e,25.0,False,0.0,0.0,0.0,0.0,0.0,True,B,P,0.0
Europa,True,TRAPPIST-1e,32.0,False,0.0,0.0,0.0,0.0,0.0,True,B,P,0.0
Europa,True,55 Cancri e,26.0,False,0.0,0.0,0.0,0.0,0.0,True,B,P,0.0
Earth,False,TRAPPIST-1e,26.0,False,131.0,799.0,0.0,0.0,16.0,False,F,P,946.0
Earth,True,TRAPPIST-1e,18.0,False,0.0,0.0,0.0,0.0,0.0,True,G,P,0.0
Europa,False,TRAPPIST-1e,27.0,False,0.0,2987.0,2.0,3072.0,67.0,False,B,S,6128.0
Europa,True,TRAPPIST-1e,26.0,False,0.0,0.0,0.0,0.0,0.0,True,B,S,0.0
Europa,False,55 Cancri e,28.0,False,0.0,11330.0,72.0,43.0,461.0,True,B,S,11906.0
Europa,False,55 Cancri e,19.0,False,0.0,1291.0,0.0,16139.0,687.0,False,B,S,18117.0
Europa,False,TRAPPIST-1e,31.0,False,0.0,1847.0,0.0,103.0,694.0,True,C,S,2644.0
Earth,False,55 Cancri e,35.0,False,0.0,1328.0,5.0,0.0,7.0,True,F,P,1340.0
Europa,False,55 Cancri e,46.0,False,0.0,7201.0,0.0,32.0,2587.0,False,B,P,9820.0
Europa,False,TRAPPIST-1e,37.0,False,636.0,333.0,0.0,205.0,67.0,False,B,P,1241.0
Europa,True,TRAPPIST-1e,29.0,False,0.0,0.0,0.0,0.0,0.0,True,B,P,0.0
Europa,True,TRAPPIST-1e,17.0,False,0.0,0.0,0.0,0.0,0.0,True,B,P,0.0
Europa,False,55 Cancri e,30.0,False,0.0,3564.0,926.0,1.0,1920.0,False,C,P,6411.0
Mars,True,TRAPPIST-1e,28.0,False,0.0,0.0,0.0,0.0,0.0,True,F,P,0.0
Earth,False,TRAPPIST-1e,16.0,False,0.0,58.0,12.0,68.0,653.0,False,E,P,791.0
Mars,False,TRAPPIST-1e,40.0,False,2357.0,0.0,9.0,0.0,0.0,False,F,S,2366.0
Earth,False,TRAPPIST-1e,23.0,False,0.0,0.0,279.0,0.0,512.0,False,E,S,791.0
Earth,False,PSO J318.5-22,24.0,False,96.0,592.0,12.0,0.0,0.0,True,G,S,700.0
Earth,True,TRAPPIST-1e,36.0,False,0.0,0.0,0.0,0.0,0.0,True,G,P,0.0
Mars,True,TRAPPIST-1e,34.0,False,0.0,0.0,0.0,0.0,0.0,True,F,S,0.0
Europa,True,TRAPPIST-1e,59.0,False,0.0,0.0,0.0,0.0,0.0,True,C,P,0.0
Earth,False,TRAPPIST-1e,20.0,False,0.0,0.0,600.0,0.0,0.0,False,F,S,600.0
Europa,True,TRAPPIST-1e,15.0,False,0.0,0.0,0.0,0.0,0.0,True,B,S,0.0
Earth,False,TRAPPIST-1e,19.0,False,0.0,714.4862536656891,957.0,4.0,0.0,False,F,S,1675.4862536656892
Mars,True,55 Cancri e,64.0,False,0.0,0.0,0.0,0.0,0.0,True,F,P,0.0
Mars,False,TRAPPIST-1e,24.0,False,2997.0,0.0,3.0,0.0,7.0,True,E,P,3007.0
Mars,False,TRAPPIST-1e,23.0,False,60.0,1356.0,0.0,0.0,0.0,True,F,P,1416.0
Mars,False,TRAPPIST-1e,30.0,False,350.53903958944284,0.0,0.0,679.0,0.0,False,E,P,1029.5390395894428
Earth,False,TRAPPIST-1e,0.0,False,0.0,0.0,0.0,0.0,0.0,True,G,S,0.0
Earth,False,TRAPPIST-1e,8.0,False,0.0,0.0,0.0,0.0,0.0,False,G,S,0.0
Earth,True,TRAPPIST-1e,1.0,False,0.0,0.0,0.0,0.0,0.0,False,G,S,0.0
Earth,False,TRAPPIST-1e,48.0,False,0.0,33.0,654.0,0.0,113.0,True,F,S,800.0
Earth,False,TRAPPIST-1e,12.0,False,0.0,0.0,0.0,0.0,0.0,False,G,S,0.0
Earth,False,TRAPPIST-1e,30.0,False,0.0,575.0,180.0,4.0,44.0,False,F,S,803.0
Earth,False,TRAPPIST-1e,10.0,False,0.0,0.0,0.0,0.0,0.0,False,G,S,0.0
Earth,False,TRAPPIST-1e,11.0,False,0.0,0.0,0.0,0.0,0.0,False,G,S,0.0
Europa,False,TRAPPIST-1e,58.0,False,204.0,4227.0,0.0,3026.0,61.0,False,C,P,7518.0
Earth,False,TRAPPIST-1e,52.0,False,0.0,243.0,464.0,71.0,8.0,True,E,P,786.0
Earth,False,TRAPPIST-1e,36.0,False,0.0,0.0,0.0,0.0,1583.0,False,F,S,1583.0
Earth,False,TRAPPIST-1e,32.0,False,600.0,670.0,0.0,187.0,0.0,False,F,P,1457.0
Europa,True,TRAPPIST-1e,16.0,False,0.0,0.0,0.0,0.0,0.0,True,B,S,0.0
Europa,True,55 Cancri e,25.0,False,0.0,0.0,0.0,0.0,0.0,True,B,S,0.0
Earth,False,55 Cancri e,28.0,False,2.0,558.0,0.0,0.0,0.0,True,F,P,560.0
Europa,False,55 Cancri e,32.0,True,0.0,122.0,3700.0,337.0,1388.0,False,B,P,5547.0
Mars,False,TRAPPIST-1e,28.0,False,42.0,1116.0,0.0,0.0,0.0,True,F,S,1158.0
Earth,False,TRAPPIST-1e,16.0,False,0.0,0.0,752.0,0.0,235.0,False,E,P,987.0
Europa,False,55 Cancri e,50.0,True,0.0,5473.0,0.0,703.0,6381.0,False,B,S,12557.0
Earth,False,TRAPPIST-1e,20.0,False,71.0,8.0,513.0,354.0,0.0,False,F,P,946.0
Earth,False,TRAPPIST-1e,23.0,False,350.53903958944284,0.0,6.0,30.0,200.0,False,G,P,586.5390395894428
Earth,True,TRAPPIST-1e,45.0,False,0.0,0.0,0.0,0.0,0.0,True,G,P,0.0
Earth,False,TRAPPIST-1e,23.0,False,393.0,510.0,0.0,0.0,5.0,False,G,P,908.0
Earth,True,PSO J318.5-22,53.0,False,0.0,0.0,0.0,0.0,0.0,False,G,S,0.0
Earth,True,TRAPPIST-1e,8.0,False,0.0,0.0,0.0,0.0,0.0,False,G,S,0.0
Earth,True,TRAPPIST-1e,6.0,False,0.0,0.0,0.0,0.0,0.0,True,G,S,0.0
Earth,True,TRAPPIST-1e,3.0,False,0.0,0.0,0.0,0.0,0.0,False,G,S,0.0
Earth,False,55 Cancri e,13.0,False,1.0,212.0,843.0,78.0,10.0,True,F,S,1144.0
Earth,True,TRAPPIST-1e,60.0,False,0.0,0.0,0.0,0.0,0.0,False,G,S,0.0
Earth,False,55 Cancri e,1.0,False,0.0,0.0,0.0,485.74408365437534,0.0,True,G,S,485.74408365437534
Earth,False,TRAPPIST-1e,40.0,False,0.0,1.0,195.0,560.0,0.0,False,G,P,756.0
Earth,False,TRAPPIST-1e,51.0,False,0.0,714.4862536656891,800.0,0.0,4.0,True,F,P,1518.4862536656892
Earth,True,55 Cancri e,31.0,False,0.0,0.0,0.0,0.0,0.0,True,G,P,0.0
Earth,True,TRAPPIST-1e,28.0,False,0.0,0.0,0.0,0.0,0.0,True,G,S,0.0
Earth,False,TRAPPIST-1e,20.0,False,65.0,905.0,0.0,0.0,0.0,True,G,P,970.0
Earth,False,TRAPPIST-1e,14.0,False,0.0,0.0,0.0,2143.0,7.0,False,F,P,2150.0
Europa,False,TRAPPIST-1e,23.0,False,0.0,592.0,0.0,345.0,810.0,False,E,P,1747.0
Earth,False,TRAPPIST-1e,4.0,False,0.0,0.0,0.0,0.0,0.0,False,G,S,0.0
Earth,False,TRAPPIST-1e,20.0,False,0.0,0.0,0.0,1608.0,1.0,False,E,S,1609.0
Earth,False,TRAPPIST-1e,75.0,False,0.0,493.0,0.0,131.0,132.0,False,G,P,756.0
Europa,True,55 Cancri e,24.0,False,0.0,0.0,0.0,0.0,0.0,True,C,S,0.0
Earth,False,TRAPPIST-1e,18.0,False,2.0,1311.0,60.0,28.0,1.0,True,F,P,1402.0
Mars,True,TRAPPIST-1e,21.0,False,0.0,0.0,0.0,0.0,0.0,True,F,S,0.0
Mars,False,TRAPPIST-1e,59.0,False,142.0,0.0,907.0,0.0,0.0,True,E,S,1049.0
Earth,False,TRAPPIST-1e,27.0,False,0.0,0.0,863.0,33.0,2.0,True,F,P,898.0
Earth,False,TRAPPIST-1e,38.0,False,354.0,34.0,0.0,291.0,229.0,False,G,S,908.0
Mars,True,TRAPPIST-1e,41.0,False,0.0,0.0,0.0,0.0,0.0,False,E,P,0.0
Europa,True,TRAPPIST-1e,36.0,False,0.0,0.0,0.0,0.0,0.0,True,C,S,0.0
Europa,False,55 Cancri e,29.0,False,0.0,42.0,0.0,4651.0,661.0,False,C,S,5354.0
Earth,True,PSO J318.5-22,22.0,False,0.0,0.0,0.0,0.0,0.0,True,G,P,0.0
Earth,False,PSO J318.5-22,23.0,False,0.0,0.0,1250.0,0.0,0.0,True,F,S,1250.0
Earth,False,TRAPPIST-1e,32.0,False,27.0,393.0,1061.0,27.0,0.0,True,F,S,1508.0
Earth,False,55 Cancri e,21.0,False,614.0,43.0,0.0,1.0,0.0,False,F,P,658.0
Europa,False,TRAPPIST-1e,26.0,False,0.0,1026.0,3301.0,831.0,356.0,True,C,S,5514.0
Europa,True,TRAPPIST-1e,61.0,False,0.0,0.0,0.0,0.0,0.0,True,B,S,0.0
Earth,False,PSO J318.5-22,30.0,False,585.0,13.0,122.0,40.0,105.0,True,E,P,865.0
Earth,False,TRAPPIST-1e,40.0,False,889.0,185.0,0.0,0.0,28.0,True,F,S,1102.0
Europa,False,55 Cancri e,37.0,False,0.0,4677.0,0.0,115.0,223.0,True,C,P,5015.0
Europa,False,TRAPPIST-1e,41.0,False,0.0,4224.0,0.0,1374.0,1281.0,False,A,P,6879.0
Europa,False,TRAPPIST-1e,32.0,False,8168.0,69.0,11.0,371.0,0.0,False,A,P,8619.0
Earth,False,TRAPPIST-1e,30.0,False,0.0,192.0,0.0,565.0,0.0,False,G,P,757.0
Earth,False,PSO J318.5-22,27.0,False,0.0,714.4862536656891,0.0,0.0,0.0,True,F,S,714.4862536656891
Earth,False,TRAPPIST-1e,22.0,False,0.0,17.0,0.0,61.0,567.0,False,F,S,645.0
Mars,False,TRAPPIST-1e,54.0,False,704.0,0.0,431.0,0.0,47.0,False,D,S,1182.0
Mars,False,TRAPPIST-1e,27.0,False,4.0,0.0,896.0,229.0,0.0,False,F,S,1129.0
Mars,True,TRAPPIST-1e,52.0,False,0.0,0.0,0.0,0.0,0.0,True,F,S,0.0
Mars,True,TRAPPIST-1e,15.0,False,0.0,0.0,0.0,0.0,0.0,True,F,S,0.0
Mars,False,TRAPPIST-1e,27.0,False,1277.0,0.0,1.0,10.0,9.0,False,E,S,1297.0
Europa,False,55 Cancri e,30.0,False,0.0,3628.0,289.0,1737.0,4987.0,False,A,P,10641.0
Earth,False,TRAPPIST-1e,19.0,False,0.0,0.0,619.0,0.0,142.0,False,F,S,761.0
Earth,True,PSO J318.5-22,22.0,False,0.0,0.0,0.0,0.0,0.0,True,G,P,0.0
Europa,False,55 Cancri e,43.0,False,1365.0,3106.0,0.0,50.0,2313.0,False,C,P,6834.0
Mars,False,TRAPPIST-1e,25.0,False,1084.0,1.0,66.0,0.0,5.0,False,F,S,1156.0
Earth,False,TRAPPIST-1e,51.0,False,0.0,1.0,0.0,51.0,945.0,False,E,P,997.0
Earth,True,PSO J318.5-22,34.0,False,0.0,0.0,0.0,0.0,0.0,True,G,S,0.0
Mars,False,TRAPPIST-1e,21.0,False,2066.0,0.0,15.0,0.0,1.0,False,E,P,2082.0
Earth,True,PSO J318.5-22,21.0,False,0.0,0.0,0.0,0.0,0.0,False,G,P,0.0
Earth,False,TRAPPIST-1e,23.0,False,0.0,0.0,0.0,759.0,0.0,False,F,S,759.0
Earth,False,55 Cancri e,38.0,False,0.0,0.0,591.0,40.0,173.0,False,F,P,804.0
Earth,True,TRAPPIST-1e,30.0,False,0.0,0.0,0.0,0.0,0.0,False,G,P,0.0
Europa,True,55 Cancri e,31.0,False,0.0,0.0,0.0,0.0,0.0,True,C,P,0.0
Earth,False,PSO J318.5-22,44.0,False,0.0,178.0,482.0,0.0,0.0,True,F,P,660.0
Earth,True,TRAPPIST-1e,14.0,False,0.0,0.0,0.0,0.0,0.0,False,G,S,0.0
Earth,True,PSO J318.5-22,18.0,False,0.0,0.0,0.0,0.0,0.0,False,G,P,0.0
Earth,False,TRAPPIST-1e,19.0,False,6.0,714.4862536656891,1.0,714.0,0.0,False,G,S,1435.4862536656892
Mars,True,TRAPPIST-1e,27.0,False,0.0,0.0,0.0,0.0,0.0,True,F,S,0.0
Earth,False,55 Cancri e,36.0,False,286.0,415.0,16.0,0.0,0.0,False,F,P,717.0
Mars,True,TRAPPIST-1e,10.0,False,0.0,0.0,0.0,0.0,0.0,True,F,S,0.0
Mars,True,TRAPPIST-1e,1.0,False,0.0,0.0,0.0,0.0,0.0,True,F,P,0.0
Mars,True,55 Cancri e,4.0,False,0.0,0.0,0.0,0.0,0.0,True,F,P,0.0
Mars,False,TRAPPIST-1e,21.0,False,733.0,0.0,1084.0,1.0,43.0,False,F,P,1861.0
Earth,False,TRAPPIST-1e,24.0,False,621.0,0.0,0.0,0.0,0.0,False,G,P,621.0
Earth,False,TRAPPIST-1e,8.0,False,0.0,0.0,0.0,0.0,476.35311409149364,False,G,S,476.35311409149364
Earth,False,TRAPPIST-1e,18.0,False,789.0,0.0,2.0,0.0,19.0,False,G,S,810.0
Mars,False,TRAPPIST-1e,33.0,False,1758.0,59.0,4.0,0.0,0.0,False,F,P,1821.0
Europa,False,55 Cancri e,31.0,True,0.0,27723.0,3.0,202.0,3146.0,True,B,S,31074.0
Europa,False,TRAPPIST-1e,43.0,False,105.0,368.0,268.0,842.0,13.0,True,B,S,1596.0
Earth,False,TRAPPIST-1e,20.0,False,213.0,0.0,270.12864211105006,0.0,584.0,False,F,P,1067.12864211105
Europa,True,TRAPPIST-1e,28.0,False,0.0,0.0,0.0,0.0,0.0,True,A,S,0.0
Europa,True,PSO J318.5-22,30.0,False,0.0,0.0,0.0,0.0,0.0,True,A,S,0.0
Europa,False,TRAPPIST-1e,28.0,True,350.53903958944284,0.0,270.12864211105006,0.0,0.0,False,A,S,620.667681700493
Earth,False,TRAPPIST-1e,19.0,False,68.0,0.0,0.0,719.0,0.0,False,F,S,787.0
Earth,False,TRAPPIST-1e,22.0,False,0.0,0.0,675.0,5.0,0.0,True,F,S,680.0
Earth,False,55 Cancri e,27.0,False,1.0,299.0,1.0,380.0,13.0,False,F,S,694.0
Mars,False,55 Cancri e,22.0,False,218.0,50.0,4817.0,146.0,256.0,True,D,S,5487.0
Earth,True,55 Cancri e,2.0,False,0.0,0.0,0.0,0.0,0.0,True,E,P,0.0
Earth,False,TRAPPIST-1e,4.0,False,0.0,0.0,0.0,0.0,0.0,False,E,P,0.0
Earth,False,TRAPPIST-1e,10.0,False,0.0,0.0,270.12864211105006,0.0,0.0,False,E,P,270.12864211105006
Earth,False,TRAPPIST-1e,9.0,False,0.0,0.0,0.0,0.0,0.0,True,E,P,0.0
Earth,True,TRAPPIST-1e,37.0,False,0.0,0.0,0.0,0.0,0.0,False,E,P,0.0
Earth,False,PSO J318.5-22,2.0,False,0.0,0.0,0.0,0.0,0.0,True,E,P,0.0
Europa,False,TRAPPIST-1e,44.0,False,0.0,3863.0,1.0,1010.0,514.0,True,B,S,5388.0
Europa,False,55 Cancri e,11.0,False,0.0,0.0,0.0,0.0,0.0,True,B,S,0.0
Earth,True,TRAPPIST-1e,22.0,False,0.0,0.0,0.0,0.0,0.0,False,G,P,0.0
Europa,True,55 Cancri e,40.0,False,0.0,0.0,0.0,0.0,0.0,True,F,S,0.0
Europa,False,55 Cancri e,30.0,False,278.0,3300.0,0.0,8145.0,2519.0,False,E,S,14242.0
Europa,False,55 Cancri e,37.0,False,0.0,439.0,0.0,3198.0,6.0,False,E,S,3643.0
Europa,True,55 Cancri e,26.0,False,0.0,0.0,0.0,0.0,0.0,True,E,S,0.0
Earth,False,TRAPPIST-1e,19.0,False,0.0,4.0,109.0,0.0,671.0,True,F,P,784.0
Europa,False,TRAPPIST-1e,57.0,False,0.0,987.0,1.0,4948.0,53.0,False,C,S,5989.0
Mars,False,TRAPPIST-1e,1.0,False,0.0,0.0,0.0,0.0,0.0,True,F,P,0.0
Mars,False,TRAPPIST-1e,17.0,False,948.0,47.0,292.0,0.0,0.0,False,F,P,1287.0
Mars,False,TRAPPIST-1e,26.0,False,1946.0,4.0,4.0,0.0,623.0,False,D,P,2577.0
Earth,True,55 Cancri e,21.0,False,0.0,0.0,0.0,0.0,0.0,True,G,P,0.0
Europa,True,TRAPPIST-1e,28.0,False,0.0,0.0,0.0,0.0,0.0,True,E,S,0.0
Europa,False,55 Cancri e,36.0,False,0.0,847.0,270.12864211105006,4664.0,89.0,False,E,S,5870.12864211105
Mars,False,TRAPPIST-1e,25.0,False,2508.0,0.0,23.0,0.0,67.0,False,F,P,2598.0
Earth,True,TRAPPIST-1e,40.0,False,0.0,0.0,0.0,0.0,0.0,True,G,P,0.0
Earth,True,55 Cancri e,23.0,False,0.0,0.0,0.0,0.0,0.0,True,F,P,0.0
Earth,True,55 Cancri e,2.0,False,0.0,0.0,0.0,0.0,0.0,False,G,S,0.0
Earth,False,55 Cancri e,10.0,False,0.0,0.0,0.0,0.0,0.0,False,G,S,0.0
Earth,True,TRAPPIST-1e,43.0,False,0.0,0.0,0.0,0.0,0.0,True,G,S,0.0
Earth,True,TRAPPIST-1e,0.0,False,0.0,0.0,0.0,0.0,0.0,True,E,S,0.0
Earth,False,TRAPPIST-1e,24.0,False,70.0,160.0,340.0,0.0,336.0,False,E,S,906.0
Earth,True,TRAPPIST-1e,42.0,False,0.0,0.0,0.0,0.0,0.0,True,E,S,0.0
Mars,False,TRAPPIST-1e,30.0,False,1450.0,0.0,270.12864211105006,0.0,1147.0,False,F,S,2867.12864211105
Mars,False,TRAPPIST-1e,19.0,False,1507.0,0.0,260.0,0.0,0.0,False,F,S,1767.0
Earth,True,TRAPPIST-1e,26.0,False,0.0,0.0,0.0,0.0,0.0,False,G,P,0.0
Mars,False,TRAPPIST-1e,47.0,False,405.0,0.0,193.0,458.0,0.0,False,D,S,1056.0
Mars,False,TRAPPIST-1e,28.0,False,120.0,8.0,1128.0,1.0,7.0,True,D,S,1264.0
Earth,True,PSO J318.5-22,24.0,False,0.0,0.0,0.0,0.0,0.0,True,G,S,0.0
Earth,False,TRAPPIST-1e,29.0,False,28.0,0.0,561.0,203.0,0.0,False,E,S,792.0
Earth,False,PSO J318.5-22,32.0,False,0.0,486.0,0.0,229.0,26.0,False,F,P,741.0
Earth,True,TRAPPIST-1e,44.0,False,0.0,0.0,0.0,0.0,0.0,False,G,P,0.0
Earth,True,TRAPPIST-1e,17.0,False,0.0,0.0,0.0,0.0,0.0,True,G,S,0.0
Earth,False,55 Cancri e,35.0,False,775.0,14.0,0.0,610.0,4.0,False,F,S,1403.0
Earth,True,TRAPPIST-1e,23.0,False,0.0,0.0,0.0,0.0,0.0,False,G,S,0.0
Earth,False,TRAPPIST-1e,34.0,False,0.0,118.0,5.0,0.0,761.0,False,G,P,884.0
Earth,False,TRAPPIST-1e,25.0,False,1174.0,0.0,18.0,721.0,0.0,False,F,S,1913.0
Earth,False,TRAPPIST-1e,67.0,False,0.0,761.0,0.0,1.0,0.0,True,F,P,762.0
Europa,False,TRAPPIST-1e,22.0,False,0.0,1531.0,0.0,369.0,2969.0,False,B,S,4869.0
Europa,True,TRAPPIST-1e,27.0,False,0.0,0.0,0.0,0.0,0.0,True,B,S,0.0
Earth,True,55 Cancri e,27.0,False,0.0,0.0,0.0,0.0,0.0,True,G,S,0.0
Earth,False,TRAPPIST-1e,14.0,False,1489.0,2.0,126.0,460.0,72.0,False,F,S,2149.0
Earth,False,PSO J318.5-22,42.0,False,491.0,106.0,8.0,202.0,0.0,False,G,S,807.0
Earth,True,PSO J318.5-22,19.0,False,0.0,0.0,0.0,0.0,0.0,False,G,S,0.0
Earth,False,TRAPPIST-1e,22.0,False,0.0,0.0,0.0,0.0,0.0,False,G,P,0.0
Mars,False,TRAPPIST-1e,31.0,False,43.0,782.0,1.0,660.0,0.0,False,F,P,1486.0
Mars,False,TRAPPIST-1e,10.0,False,0.0,0.0,0.0,0.0,0.0,True,F,S,0.0
Mars,False,TRAPPIST-1e,39.0,False,1535.0,0.0,340.0,0.0,723.0,False,F,S,2598.0
Mars,True,TRAPPIST-1e,41.0,False,0.0,0.0,0.0,0.0,0.0,True,F,S,0.0
Mars,False,TRAPPIST-1e,0.0,False,0.0,0.0,0.0,0.0,0.0,True,F,S,0.0
Earth,True,PSO J318.5-22,22.0,False,0.0,0.0,0.0,0.0,0.0,True,G,P,0.0
Earth,False,TRAPPIST-1e,21.0,False,0.0,39.0,0.0,310.0,539.0,False,G,S,888.0
Mars,True,TRAPPIST-1e,40.0,False,0.0,0.0,0.0,0.0,0.0,True,D,S,0.0
Earth,False,TRAPPIST-1e,25.0,False,0.0,997.0,0.0,0.0,0.0,True,E,S,997.0
Earth,False,TRAPPIST-1e,23.0,False,0.0,1268.0,0.0,119.0,2.0,False,F,S,1389.0
Europa,False,55 Cancri e,33.0,False,77.0,2381.0,0.0,3656.0,150.0,False,B,S,6264.0
Europa,True,TRAPPIST-1e,20.0,False,0.0,0.0,0.0,0.0,0.0,True,B,S,0.0
Earth,True,55 Cancri e,40.0,False,0.0,0.0,0.0,0.0,0.0,True,G,P,0.0
Earth,True,TRAPPIST-1e,27.0,False,0.0,0.0,0.0,0.0,0.0,False,G,P,0.0
Earth,False,TRAPPIST-1e,21.0,False,965.0,0.0,23.0,3.0,0.0,False,E,S,991.0
Mars,False,TRAPPIST-1e,25.0,False,591.0,466.0,0.0,0.0,0.0,False,D,P,1057.0
Earth,False,TRAPPIST-1e,2.0,False,0.0,0.0,0.0,0.0,0.0,False,G,S,0.0
Earth,False,TRAPPIST-1e,19.0,False,0.0,3.0,946.0,0.0,0.0,False,F,S,949.0
Earth,True,TRAPPIST-1e,41.0,False,0.0,0.0,0.0,0.0,0.0,False,G,P,0.0
Europa,False,TRAPPIST-1e,43.0,False,0.0,2801.0,537.0,42.0,144.0,True,C,P,3524.0
Earth,False,TRAPPIST-1e,19.0,False,245.0,41.0,550.0,485.74408365437534,0.0,False,G,P,1321.7440836543753
Earth,False,TRAPPIST-1e,22.0,False,926.0,0.0,0.0,0.0,78.0,True,F,P,1004.0
Earth,False,TRAPPIST-1e,16.0,False,0.0,30.0,0.0,769.0,4.0,False,F,S,803.0
Europa,False,55 Cancri e,42.0,False,0.0,21.0,0.0,2735.0,3604.0,False,C,S,6360.0
Earth,True,PSO J318.5-22,20.0,False,0.0,0.0,0.0,0.0,0.0,True,G,S,0.0
Earth,False,TRAPPIST-1e,35.0,False,0.0,1125.0,429.0,0.0,55.0,False,E,S,1609.0
Europa,True,TRAPPIST-1e,53.0,False,0.0,0.0,0.0,0.0,0.0,True,D,S,0.0
Earth,False,TRAPPIST-1e,17.0,False,21.0,0.0,690.0,260.0,5.0,False,E,S,976.0
Earth,True,TRAPPIST-1e,6.0,False,0.0,0.0,0.0,0.0,0.0,False,G,S,0.0
Earth,False,TRAPPIST-1e,22.0,False,0.0,442.0,0.0,0.0,368.0,True,F,S,810.0
Earth,False,TRAPPIST-1e,41.0,False,338.0,0.0,377.0,2.0,86.0,True,F,S,803.0
Earth,False,TRAPPIST-1e,19.0,False,189.0,510.0,0.0,0.0,0.0,True,E,S,699.0
Earth,False,TRAPPIST-1e,39.0,False,705.0,3.0,0.0,0.0,0.0,False,G,P,708.0
Earth,True,TRAPPIST-1e,23.0,False,0.0,0.0,0.0,0.0,0.0,True,G,P,0.0
Mars,False,TRAPPIST-1e,31.0,False,1088.0,0.0,280.0,0.0,0.0,False,E,P,1368.0
Earth,True,55 Cancri e,38.0,False,0.0,0.0,0.0,0.0,0.0,True,G,S,0.0
Earth,True,PSO J318.5-22,1.0,False,0.0,0.0,0.0,0.0,0.0,True,G,P,0.0
Mars,True,TRAPPIST-1e,13.0,False,0.0,0.0,0.0,0.0,0.0,True,F,P,0.0
Mars,False,TRAPPIST-1e,21.0,False,1072.0,79.0,46.0,16.0,0.0,False,F,P,1213.0
Mars,False,TRAPPIST-1e,44.0,False,485.0,2.0,210.0,0.0,351.0,False,F,P,1048.0
Mars,False,TRAPPIST-1e,36.0,False,42.0,0.0,212.0,151.0,1853.0,False,F,S,2258.0
Mars,False,TRAPPIST-1e,19.0,False,2058.0,0.0,224.0,298.0,19.0,False,F,S,2599.0
Earth,False,TRAPPIST-1e,7.0,False,0.0,0.0,0.0,0.0,0.0,True,G,S,0.0
Earth,False,TRAPPIST-1e,39.0,False,386.0,190.0,0.0,489.0,0.0,False,F,S,1065.0
Earth,False,TRAPPIST-1e,28.0,False,0.0,508.0,334.0,0.0,46.0,True,G,P,888.0
Earth,False,TRAPPIST-1e,28.0,False,0.0,0.0,529.0,560.0,60.0,False,F,S,1149.0
Earth,True,55 Cancri e,14.0,False,0.0,0.0,0.0,0.0,0.0,True,G,P,0.0
Earth,False,TRAPPIST-1e,18.0,False,0.0,0.0,599.0,59.0,152.0,False,G,P,810.0
Earth,True,PSO J318.5-22,23.0,False,0.0,0.0,0.0,0.0,0.0,True,G,S,0.0
Earth,True,55 Cancri e,33.0,False,0.0,0.0,0.0,0.0,0.0,True,G,S,0.0
Earth,False,TRAPPIST-1e,18.0,False,1656.0,0.0,0.0,485.74408365437534,0.0,False,E,P,2141.7440836543756
Europa,False,TRAPPIST-1e,47.0,False,1.0,734.0,28.0,78.0,3471.0,False,B,S,4312.0
Europa,False,TRAPPIST-1e,42.0,False,0.0,51.0,0.0,4170.0,13.0,False,F,S,4234.0
Mars,False,TRAPPIST-1e,17.0,False,36.0,0.0,1013.0,0.0,0.0,False,E,S,1049.0
Earth,False,TRAPPIST-1e,21.0,False,737.0,4.0,27.0,8.0,0.0,False,F,P,776.0
Earth,False,PSO J318.5-22,17.0,False,8.0,222.0,3.0,401.0,0.0,True,F,P,634.0
Earth,False,PSO J318.5-22,26.0,False,4.0,770.0,0.0,0.0,0.0,False,G,S,774.0
Earth,False,TRAPPIST-1e,23.0,False,0.0,567.0,896.0,0.0,122.0,False,F,P,1585.0
Earth,False,55 Cancri e,15.0,False,0.0,0.0,270.12864211105006,0.0,832.0,False,G,S,1102.12864211105
Earth,True,PSO J318.5-22,18.0,False,0.0,0.0,0.0,0.0,0.0,False,G,S,0.0
Earth,False,TRAPPIST-1e,65.0,False,259.0,0.0,0.0,0.0,1916.0,False,F,P,2175.0
Europa,False,55 Cancri e,33.0,False,13.0,714.4862536656891,2011.0,17.0,32.0,True,D,P,2787.486253665689
Earth,True,TRAPPIST-1e,27.0,False,0.0,0.0,0.0,0.0,0.0,False,G,P,0.0
Europa,False,TRAPPIST-1e,41.0,False,0.0,184.0,0.0,1520.0,3358.0,False,C,S,5062.0
Mars,False,TRAPPIST-1e,42.0,False,1381.0,0.0,1243.0,0.0,0.0,False,F,S,2624.0
Mars,True,TRAPPIST-1e,27.0,False,0.0,0.0,0.0,0.0,0.0,False,E,S,0.0
Mars,False,TRAPPIST-1e,37.0,False,328.0,6153.0,270.12864211105006,26.0,820.0,False,F,S,7597.12864211105
Mars,False,55 Cancri e,17.0,False,891.0,0.0,243.0,0.0,5.0,False,F,S,1139.0
Europa,True,TRAPPIST-1e,24.0,False,0.0,0.0,0.0,0.0,0.0,True,B,S,0.0
Europa,True,TRAPPIST-1e,39.0,False,0.0,0.0,0.0,0.0,0.0,True,B,S,0.0
Europa,True,55 Cancri e,59.0,False,0.0,0.0,0.0,0.0,0.0,True,B,S,0.0
Europa,True,TRAPPIST-1e,32.0,False,0.0,0.0,0.0,0.0,0.0,True,B,P,0.0
Europa,False,55 Cancri e,29.0,False,2988.0,2147.0,0.0,0.0,1779.0,False,B,P,6914.0
Europa,False,TRAPPIST-1e,8.0,False,0.0,0.0,0.0,0.0,0.0,True,B,P,0.0
Europa,False,55 Cancri e,28.0,False,0.0,4380.0,0.0,692.0,0.0,True,B,P,5072.0
Europa,True,TRAPPIST-1e,35.0,False,0.0,0.0,0.0,0.0,0.0,True,B,P,0.0
Earth,False,TRAPPIST-1e,24.0,False,711.0,0.0,0.0,59.0,57.0,False,F,P,827.0
Earth,True,TRAPPIST-1e,1.0,False,0.0,0.0,0.0,0.0,0.0,True,G,P,0.0
Earth,True,TRAPPIST-1e,4.0,False,0.0,0.0,0.0,0.0,0.0,True,G,P,0.0
Europa,True,55 Cancri e,28.0,False,0.0,0.0,0.0,0.0,0.0,True,D,P,0.0
Mars,True,TRAPPIST-1e,46.0,False,0.0,0.0,0.0,0.0,0.0,True,F,S,0.0
Mars,False,TRAPPIST-1e,67.0,False,443.0,0.0,1721.0,250.0,2.0,False,F,S,2416.0
Earth,False,TRAPPIST-1e,44.0,False,0.0,200.0,128.0,460.0,0.0,False,E,S,788.0
Earth,False,TRAPPIST-1e,14.0,False,360.0,0.0,2116.0,1.0,8.0,False,F,P,2485.0
Earth,False,TRAPPIST-1e,23.0,False,0.0,0.0,4.0,0.0,965.0,True,G,P,969.0
Earth,True,TRAPPIST-1e,51.0,False,0.0,0.0,0.0,0.0,0.0,False,G,S,0.0
Earth,False,TRAPPIST-1e,20.0,False,0.0,258.0,331.0,133.0,476.35311409149364,False,G,P,1198.3531140914936
Earth,False,TRAPPIST-1e,0.0,False,0.0,0.0,0.0,0.0,0.0,True,F,S,0.0
Earth,True,TRAPPIST-1e,0.0,False,0.0,0.0,0.0,0.0,0.0,False,G,P,0.0
Earth,False,TRAPPIST-1e,23.0,False,0.0,20.0,26.0,0.0,659.0,False,G,P,705.0
Earth,False,TRAPPIST-1e,24.0,False,181.0,224.0,0.0,195.0,191.0,False,E,P,791.0
Mars,False,TRAPPIST-1e,41.0,False,112.0,186.0,228.0,760.0,0.0,False,F,S,1286.0
Mars,False,TRAPPIST-1e,30.0,False,806.0,100.0,9.0,485.74408365437534,47.0,False,D,S,1447.7440836543753
Earth,False,TRAPPIST-1e,27.0,False,0.0,1826.0,39.0,11.0,649.0,False,F,S,2525.0
Earth,True,PSO J318.5-22,13.0,False,0.0,0.0,0.0,0.0,0.0,True,G,S,0.0
Earth,True,TRAPPIST-1e,16.0,False,0.0,0.0,0.0,0.0,0.0,True,G,P,0.0
Europa,False,TRAPPIST-1e,30.0,False,50.0,1248.0,0.0,1.0,912.0,True,C,S,2211.0
Earth,False,PSO J318.5-22,8.0,False,0.0,0.0,0.0,0.0,0.0,True,G,S,0.0
Earth,False,TRAPPIST-1e,59.0,False,0.0,0.0,0.0,0.0,755.0,False,G,P,755.0
Europa,True,55 Cancri e,43.0,False,0.0,0.0,0.0,0.0,0.0,True,D,S,0.0
Europa,False,55 Cancri e,30.0,False,0.0,138.0,0.0,5467.0,112.0,False,D,S,5717.0
Europa,False,55 Cancri e,46.0,False,202.0,484.0,0.0,3208.0,2485.0,False,C,S,6379.0
Europa,True,TRAPPIST-1e,39.0,False,0.0,0.0,0.0,0.0,0.0,True,C,S,0.0
Europa,False,TRAPPIST-1e,21.0,False,5.0,251.0,10.0,26.0,3384.0,False,C,P,3676.0
Europa,True,TRAPPIST-1e,70.0,False,0.0,0.0,0.0,0.0,0.0,True,F,S,0.0
Europa,False,55 Cancri e,34.0,False,0.0,1646.0,0.0,51.0,1462.0,False,C,P,3159.0
Europa,False,TRAPPIST-1e,33.0,False,0.0,774.0,0.0,6255.0,6.0,False,C,P,7035.0
Europa,True,55 Cancri e,44.0,False,0.0,0.0,0.0,0.0,0.0,True,C,P,0.0
Earth,False,55 Cancri e,16.0,False,0.0,2838.0,32.0,5.0,3404.0,False,G,P,6279.0
Earth,False,TRAPPIST-1e,63.0,False,3.0,801.0,0.0,0.0,5.0,True,G,P,809.0
Europa,False,TRAPPIST-1e,37.0,False,0.0,13561.0,15.0,4060.0,72.0,False,D,S,17708.0
Europa,True,55 Cancri e,29.0,False,0.0,0.0,0.0,0.0,0.0,True,B,S,0.0
Europa,False,TRAPPIST-1e,29.0,False,0.0,2509.0,0.0,16.0,698.0,True,B,S,3223.0
Europa,True,55 Cancri e,22.0,False,0.0,0.0,0.0,0.0,0.0,True,B,S,0.0
Europa,False,TRAPPIST-1e,26.0,False,0.0,533.0,2119.0,10.0,504.0,True,B,S,3166.0
Europa,False,55 Cancri e,76.0,False,0.0,2732.0,422.0,16594.0,330.0,False,B,S,20078.0
Earth,False,TRAPPIST-1e,61.0,False,0.0,368.0,3.0,4422.0,0.0,False,E,S,4793.0
Earth,False,TRAPPIST-1e,46.0,False,0.0,0.0,2020.0,323.0,0.0,False,G,S,2343.0
Earth,False,TRAPPIST-1e,19.0,False,350.53903958944284,905.0,387.0,0.0,0.0,True,F,P,1642.5390395894428
Earth,True,PSO J318.5-22,13.0,False,0.0,0.0,0.0,0.0,0.0,True,G,P,0.0
Earth,True,TRAPPIST-1e,27.0,False,0.0,0.0,0.0,0.0,0.0,False,G,S,0.0
Earth,True,TRAPPIST-1e,30.0,False,0.0,0.0,0.0,0.0,0.0,True,G,P,0.0
Earth,False,PSO J318.5-22,23.0,False,200.0,414.0,73.0,1.0,1.0,False,F,S,689.0
Earth,False,PSO J318.5-22,63.0,False,356.0,287.0,0.0,0.0,248.0,False,G,P,891.0
Earth,False,TRAPPIST-1e,21.0,False,894.0,1.0,0.0,61.0,26.0,False,E,S,982.0
Mars,True,TRAPPIST-1e,32.0,False,0.0,0.0,0.0,0.0,0.0,True,F,P,0.0
Earth,False,TRAPPIST-1e,33.0,False,0.0,0.0,0.0,417.0,2372.0,False,F,P,2789.0
Earth,False,PSO J318.5-22,39.0,False,350.53903958944284,19.0,733.0,0.0,701.0,False,F,P,1803.5390395894428
Mars,True,TRAPPIST-1e,49.0,False,0.0,0.0,0.0,0.0,0.0,True,F,P,0.0
Mars,False,TRAPPIST-1e,27.0,False,555.0,0.0,744.0,0.0,0.0,False,E,P,1299.0
Earth,False,TRAPPIST-1e,16.0,False,92.0,1.0,884.0,0.0,0.0,False,E,P,977.0
Mars,True,TRAPPIST-1e,38.0,False,0.0,0.0,0.0,0.0,0.0,True,F,P,0.0
Mars,True,TRAPPIST-1e,42.0,False,0.0,0.0,0.0,0.0,0.0,True,E,P,0.0
Earth,False,TRAPPIST-1e,19.0,False,73.0,0.0,0.0,813.0,2.0,False,G,S,888.0
Europa,False,55 Cancri e,26.0,False,0.0,304.0,0.0,3998.0,476.35311409149364,False,D,P,4778.353114091494
Earth,False,55 Cancri e,32.0,False,0.0,0.0,0.0,817.0,8.0,True,G,P,825.0
Earth,False,TRAPPIST-1e,56.0,False,0.0,51.0,0.0,2.0,706.0,False,F,P,759.0
Earth,False,TRAPPIST-1e,0.0,False,0.0,0.0,0.0,0.0,0.0,True,G,P,0.0
Earth,False,TRAPPIST-1e,38.0,False,35.0,0.0,0.0,0.0,713.0,False,F,S,748.0
Earth,False,TRAPPIST-1e,30.0,False,0.0,495.0,270.12864211105006,0.0,153.0,False,F,P,918.1286421110501
Earth,False,TRAPPIST-1e,21.0,False,5.0,0.0,0.0,2.0,1061.0,False,F,S,1068.0
Earth,False,TRAPPIST-1e,11.0,False,0.0,0.0,0.0,0.0,0.0,False,G,S,0.0
Earth,False,TRAPPIST-1e,3.0,False,0.0,0.0,0.0,0.0,0.0,False,G,S,0.0
Earth,False,55 Cancri e,17.0,False,0.0,55.0,913.0,0.0,55.0,True,G,S,1023.0
Earth,True,55 Cancri e,35.0,False,0.0,0.0,0.0,0.0,0.0,True,G,S,0.0
Earth,False,55 Cancri e,17.0,False,319.0,184.0,0.0,0.0,376.0,False,F,S,879.0
Earth,True,TRAPPIST-1e,0.0,False,0.0,0.0,0.0,0.0,0.0,True,G,S,0.0
Earth,True,TRAPPIST-1e,46.0,False,0.0,0.0,0.0,0.0,0.0,True,G,S,0.0
Earth,False,TRAPPIST-1e,63.0,False,0.0,216.0,0.0,594.0,0.0,False,G,P,810.0
Mars,False,TRAPPIST-1e,35.0,False,1890.0,0.0,497.0,1.0,0.0,False,D,P,2388.0
Mars,False,TRAPPIST-1e,61.0,False,1114.0,0.0,68.0,0.0,0.0,False,D,P,1182.0
Earth,False,TRAPPIST-1e,19.0,False,0.0,24.0,615.0,9.0,0.0,True,F,P,648.0
Earth,False,TRAPPIST-1e,43.0,False,0.0,0.0,1217.0,2.0,0.0,True,F,S,1219.0
Earth,False,TRAPPIST-1e,14.0,False,1.0,1.0,683.0,419.0,0.0,False,F,S,1104.0
Earth,False,TRAPPIST-1e,78.0,False,0.0,0.0,0.0,441.0,4.0,False,G,S,445.0
Earth,False,TRAPPIST-1e,21.0,False,398.0,490.0,0.0,485.74408365437534,0.0,False,F,S,1373.7440836543753
Mars,False,TRAPPIST-1e,32.0,False,1240.0,0.0,58.0,0.0,0.0,False,E,P,1298.0
Mars,False,TRAPPIST-1e,31.0,False,1226.0,0.0,1.0,0.0,0.0,False,F,S,1227.0
Europa,False,TRAPPIST-1e,40.0,False,1006.0,714.4862536656891,0.0,284.0,329.0,True,B,S,2333.486253665689
Europa,True,TRAPPIST-1e,13.0,False,0.0,0.0,0.0,0.0,0.0,True,B,S,0.0
Europa,False,TRAPPIST-1e,36.0,False,0.0,2345.0,0.0,1966.0,27.0,False,B,S,4338.0
Europa,False,55 Cancri e,31.0,False,65.0,2121.0,0.0,6431.0,1.0,False,B,S,8618.0
Earth,False,TRAPPIST-1e,18.0,False,765.0,0.0,13.0,0.0,0.0,False,F,S,778.0
Earth,True,TRAPPIST-1e,40.0,False,0.0,0.0,0.0,0.0,0.0,True,G,S,0.0
Mars,True,TRAPPIST-1e,28.0,False,0.0,0.0,0.0,0.0,0.0,True,F,S,0.0
Europa,True,55 Cancri e,41.0,False,0.0,0.0,0.0,0.0,0.0,True,B,S,0.0
Europa,True,TRAPPIST-1e,35.0,False,0.0,0.0,0.0,0.0,0.0,True,B,S,0.0
Earth,True,TRAPPIST-1e,14.0,False,0.0,0.0,0.0,0.0,0.0,True,G,S,0.0
Mars,False,TRAPPIST-1e,20.0,False,539.0,1269.0,38.0,0.0,0.0,True,F,P,1846.0
Earth,False,55 Cancri e,23.0,False,4.0,714.4862536656891,2.0,254.0,521.0,False,F,P,1495.4862536656892
Europa,True,55 Cancri e,22.0,False,0.0,0.0,0.0,0.0,0.0,True,D,P,0.0
Europa,False,TRAPPIST-1e,25.0,False,0.0,0.0,0.0,0.0,0.0,True,D,P,0.0
Mars,False,55 Cancri e,18.0,False,3992.0,673.0,1360.0,2.0,0.0,True,D,P,6027.0
Europa,False,PSO J318.5-22,25.0,True,0.0,7069.0,0.0,45.0,282.0,True,A,S,7396.0
Europa,False,TRAPPIST-1e,30.0,False,0.0,0.0,0.0,0.0,0.0,True,A,S,0.0
Earth,False,TRAPPIST-1e,46.0,False,0.0,0.0,533.0,277.0,0.0,False,G,S,810.0
Europa,False,TRAPPIST-1e,27.0,False,0.0,31.0,0.0,1.0,11378.0,False,B,S,11410.0
Earth,False,TRAPPIST-1e,53.0,False,1015.0,0.0,0.0,0.0,1.0,False,G,P,1016.0
Mars,True,TRAPPIST-1e,21.0,False,0.0,0.0,0.0,0.0,0.0,True,F,S,0.0
Europa,False,55 Cancri e,32.0,False,54.0,3782.0,0.0,21.0,5.0,True,A,S,3862.0
Europa,False,TRAPPIST-1e,32.0,False,1.0,470.0,0.0,1440.0,2114.0,False,C,P,4025.0
Europa,False,TRAPPIST-1e,33.0,True,0.0,7139.0,22.0,0.0,553.0,True,C,P,7714.0
Europa,False,TRAPPIST-1e,26.0,False,0.0,170.0,0.0,3718.0,0.0,False,C,P,3888.0
Earth,False,TRAPPIST-1e,47.0,False,12.0,7.0,0.0,720.0,0.0,True,F,S,739.0
Mars,False,TRAPPIST-1e,13.0,False,7172.0,0.0,157.0,20.0,0.0,False,F,S,7349.0
Europa,True,55 Cancri e,34.0,False,0.0,0.0,0.0,0.0,0.0,True,C,P,0.0
Earth,False,TRAPPIST-1e,21.0,False,9.0,0.0,0.0,0.0,800.0,False,G,P,809.0
Mars,False,TRAPPIST-1e,20.0,False,206.0,0.0,629.0,67.0,523.0,True,F,S,1425.0
Earth,False,TRAPPIST-1e,21.0,False,163.0,0.0,661.0,32.0,0.0,False,F,S,856.0
Europa,True,55 Cancri e,51.0,False,0.0,0.0,0.0,0.0,0.0,True,B,P,0.0
Europa,True,TRAPPIST-1e,18.0,False,0.0,0.0,0.0,0.0,0.0,True,B,P,0.0
Europa,False,TRAPPIST-1e,26.0,False,1.0,230.0,0.0,42.0,4030.0,False,C,S,4303.0
Europa,False,55 Cancri e,53.0,True,5022.0,2376.0,0.0,0.0,235.0,False,F,S,7633.0
Europa,False,TRAPPIST-1e,30.0,False,0.0,1376.0,43.0,0.0,1460.0,True,E,P,2879.0
Earth,True,TRAPPIST-1e,37.0,False,0.0,0.0,0.0,0.0,0.0,False,G,S,0.0
Europa,False,TRAPPIST-1e,45.0,False,0.0,1389.0,0.0,2987.0,0.0,False,A,S,4376.0
Earth,False,TRAPPIST-1e,62.0,False,877.0,15.0,0.0,0.0,1.0,False,G,P,893.0
Earth,False,TRAPPIST-1e,38.0,False,0.0,1.0,45.0,0.0,837.0,False,G,S,883.0
Earth,False,55 Cancri e,24.0,False,1030.0,0.0,0.0,0.0,1122.0,False,F,P,2152.0
Earth,False,TRAPPIST-1e,18.0,False,341.0,0.0,332.0,102.0,0.0,False,F,P,775.0
Mars,True,TRAPPIST-1e,23.0,False,0.0,0.0,0.0,0.0,0.0,False,F,S,0.0
Earth,False,PSO J318.5-22,16.0,False,0.0,1519.0,0.0,0.0,766.0,False,F,S,2285.0
Europa,True,TRAPPIST-1e,37.0,False,0.0,0.0,0.0,0.0,0.0,True,B,P,0.0
Earth,False,TRAPPIST-1e,22.0,False,1018.0,100.0,0.0,9.0,0.0,False,F,S,1127.0
Earth,True,PSO J318.5-22,18.0,False,0.0,0.0,0.0,0.0,0.0,True,G,P,0.0
Mars,True,TRAPPIST-1e,25.0,False,0.0,0.0,0.0,0.0,0.0,True,F,P,0.0
Earth,False,TRAPPIST-1e,26.0,False,758.0,17.0,11.0,0.0,0.0,False,G,P,786.0
Earth,False,TRAPPIST-1e,25.0,False,4.0,0.0,146.0,723.0,0.0,False,F,P,873.0
Mars,False,TRAPPIST-1e,55.0,False,938.0,0.0,82.0,0.0,162.0,False,D,S,1182.0
Mars,False,TRAPPIST-1e,28.0,False,641.0,0.0,372.0,0.0,16.0,False,E,P,1029.0
Earth,False,TRAPPIST-1e,23.0,False,0.0,169.0,270.12864211105006,0.0,0.0,True,F,P,439.12864211105006
Earth,False,TRAPPIST-1e,22.0,False,0.0,24.0,0.0,176.0,783.0,False,E,P,983.0
Earth,False,55 Cancri e,26.0,False,333.0,1819.0,0.0,1.0,0.0,True,F,P,2153.0
Earth,False,TRAPPIST-1e,13.0,False,0.0,0.0,8.0,0.0,714.0,False,G,S,722.0
Earth,False,TRAPPIST-1e,18.0,False,428.0,0.0,36.0,0.0,424.0,False,G,S,888.0
Mars,True,TRAPPIST-1e,38.0,False,0.0,0.0,0.0,0.0,0.0,True,F,P,0.0
Mars,True,TRAPPIST-1e,28.0,False,0.0,0.0,0.0,0.0,0.0,True,F,S,0.0
Earth,False,TRAPPIST-1e,57.0,False,433.0,0.0,0.0,371.0,0.0,False,F,P,804.0
Earth,True,TRAPPIST-1e,0.0,False,0.0,0.0,0.0,0.0,0.0,False,G,P,0.0
Earth,True,TRAPPIST-1e,18.0,False,0.0,0.0,0.0,0.0,0.0,True,G,P,0.0
Europa,True,TRAPPIST-1e,25.0,False,0.0,0.0,0.0,0.0,0.0,True,E,P,0.0
Europa,False,55 Cancri e,35.0,False,0.0,17394.0,0.0,724.0,0.0,True,E,P,18118.0
Europa,False,TRAPPIST-1e,37.0,False,0.0,1336.0,2.0,12.0,7.0,True,D,S,1357.0
Europa,False,55 Cancri e,33.0,False,0.0,26.0,1.0,33.0,2439.0,False,D,S,2499.0
Europa,False,TRAPPIST-1e,35.0,False,305.0,3621.0,0.0,320.0,341.0,True,C,S,4587.0
Europa,False,55 Cancri e,47.0,False,16.0,2127.0,1487.0,0.0,196.0,True,C,S,3826.0
Earth,False,TRAPPIST-1e,23.0,False,5.0,51.0,0.0,732.0,0.0,False,E,S,788.0
Earth,False,TRAPPIST-1e,27.0,False,0.0,3.0,0.0,2.0,923.0,True,G,P,928.0
Europa,False,55 Cancri e,27.0,False,0.0,4342.0,0.0,485.74408365437534,36.0,True,C,P,4863.744083654376
Europa,True,TRAPPIST-1e,23.0,False,0.0,0.0,0.0,0.0,0.0,True,B,P,0.0
Earth,True,TRAPPIST-1e,31.0,False,0.0,0.0,0.0,0.0,0.0,True,G,P,0.0
Europa,True,TRAPPIST-1e,19.0,False,0.0,0.0,0.0,0.0,0.0,True,C,P,0.0
Europa,True,55 Cancri e,53.0,False,0.0,0.0,0.0,0.0,0.0,True,C,P,0.0
Earth,False,TRAPPIST-1e,37.0,False,22.0,5.0,0.0,747.0,0.0,False,G,P,774.0
Earth,False,TRAPPIST-1e,18.0,False,0.0,0.0,0.0,2681.0,55.0,False,F,S,2736.0
Earth,False,TRAPPIST-1e,42.0,False,0.0,594.0,0.0,0.0,119.0,False,F,P,713.0
Earth,True,TRAPPIST-1e,7.0,False,0.0,0.0,0.0,0.0,0.0,True,G,P,0.0
Earth,False,55 Cancri e,7.0,False,0.0,0.0,0.0,0.0,0.0,True,G,P,0.0
Earth,False,TRAPPIST-1e,24.0,False,2.0,3.0,0.0,616.0,161.0,False,G,P,782.0
Europa,False,TRAPPIST-1e,20.0,False,13.0,817.0,0.0,1435.0,22.0,True,E,S,2287.0
Earth,False,TRAPPIST-1e,24.0,False,1158.0,193.0,798.0,2.0,0.0,False,F,P,2151.0
Earth,False,TRAPPIST-1e,42.0,False,0.0,865.0,0.0,0.0,44.0,True,G,S,909.0
Europa,False,TRAPPIST-1e,49.0,False,0.0,3750.0,0.0,2.0,341.0,True,E,P,4093.0
Europa,True,TRAPPIST-1e,47.0,False,0.0,0.0,0.0,0.0,0.0,True,E,P,0.0
Earth,False,55 Cancri e,16.0,False,825.0,9.0,0.0,0.0,42.0,False,F,S,876.0
Mars,False,TRAPPIST-1e,26.0,True,432.0,0.0,965.0,35.0,0.0,False,F,P,1432.0
Earth,False,TRAPPIST-1e,24.0,False,0.0,0.0,6.0,685.0,0.0,False,F,P,691.0
Earth,True,TRAPPIST-1e,38.0,False,0.0,0.0,0.0,0.0,0.0,True,G,P,0.0
Earth,False,TRAPPIST-1e,0.0,False,0.0,0.0,0.0,0.0,0.0,True,G,P,0.0
Mars,False,PSO J318.5-22,37.0,False,295.0,1575.0,19.0,515.0,0.0,False,D,P,2404.0
Earth,True,TRAPPIST-1e,39.0,False,0.0,0.0,0.0,0.0,0.0,True,G,S,0.0
Earth,False,55 Cancri e,25.0,False,553.0,0.0,1.0,239.0,8.0,True,F,S,801.0
Earth,False,PSO J318.5-22,25.0,False,172.0,129.0,41.0,0.0,341.0,False,F,S,683.0
Mars,True,TRAPPIST-1e,35.0,False,0.0,0.0,0.0,0.0,0.0,True,F,P,0.0
Earth,True,PSO J318.5-22,0.0,False,0.0,0.0,0.0,0.0,0.0,True,G,S,0.0
Earth,False,55 Cancri e,46.0,False,612.0,0.0,62.0,0.0,0.0,True,G,S,674.0
Earth,False,TRAPPIST-1e,4.0,False,0.0,0.0,0.0,0.0,476.35311409149364,True,G,S,476.35311409149364
Europa,True,55 Cancri e,19.0,False,0.0,0.0,0.0,0.0,0.0,True,C,P,0.0
Europa,False,TRAPPIST-1e,29.0,False,0.0,930.0,0.0,2113.0,98.0,False,C,P,3141.0
Earth,False,TRAPPIST-1e,19.0,False,350.53903958944284,9.0,0.0,0.0,1.0,False,F,P,360.53903958944284
Europa,True,TRAPPIST-1e,47.0,False,0.0,0.0,0.0,0.0,0.0,True,B,S,0.0
Earth,True,PSO J318.5-22,1.0,False,0.0,0.0,0.0,0.0,0.0,True,G,S,0.0
Earth,True,TRAPPIST-1e,4.0,False,0.0,0.0,0.0,0.0,0.0,False,G,S,0.0
Earth,False,TRAPPIST-1e,37.0,False,0.0,27.0,11.0,732.0,5.0,False,F,S,775.0
Earth,False,TRAPPIST-1e,61.0,False,1215.0,32.0,0.0,0.0,362.0,False,E,S,1609.0
Europa,True,TRAPPIST-1e,32.0,False,0.0,0.0,0.0,0.0,0.0,True,C,S,0.0
Earth,True,TRAPPIST-1e,4.0,False,0.0,0.0,0.0,0.0,0.0,True,G,P,0.0
Earth,True,TRAPPIST-1e,16.0,False,0.0,0.0,0.0,0.0,0.0,True,G,P,0.0
Earth,True,55 Cancri e,25.0,False,0.0,0.0,0.0,0.0,0.0,False,G,S,0.0
Earth,False,TRAPPIST-1e,22.0,False,1300.0,0.0,270.12864211105006,0.0,1134.0,False,F,P,2704.12864211105
Earth,False,TRAPPIST-1e,41.0,False,139.0,666.0,6.0,71.0,25.0,False,G,S,907.0
Earth,True,TRAPPIST-1e,25.0,False,0.0,0.0,0.0,0.0,0.0,True,G,S,0.0
Earth,False,TRAPPIST-1e,19.0,False,414.0,0.0,66.0,307.0,0.0,False,E,S,787.0
Earth,False,TRAPPIST-1e,21.0,False,305.0,0.0,1.0,618.0,2.0,True,G,P,926.0
Earth,False,55 Cancri e,14.0,False,0.0,2.0,0.0,0.0,794.0,False,F,P,796.0
Earth,True,55 Cancri e,18.0,False,0.0,0.0,0.0,0.0,0.0,False,F,S,0.0
Earth,False,TRAPPIST-1e,34.0,False,0.0,0.0,885.0,0.0,0.0,True,G,P,885.0
Earth,False,TRAPPIST-1e,33.0,False,954.0,0.0,10.0,3.0,2.0,False,F,P,969.0
Earth,True,55 Cancri e,14.0,False,0.0,0.0,0.0,0.0,0.0,False,G,P,0.0
Earth,True,55 Cancri e,28.0,False,0.0,0.0,0.0,0.0,0.0,True,G,S,0.0
Earth,True,PSO J318.5-22,43.0,False,0.0,0.0,0.0,0.0,0.0,False,G,P,0.0
Earth,False,55 Cancri e,3.0,False,0.0,0.0,0.0,0.0,0.0,True,G,P,0.0
Earth,True,PSO J318.5-22,0.0,False,0.0,0.0,0.0,0.0,0.0,True,G,P,0.0
Europa,False,TRAPPIST-1e,47.0,False,4.0,1303.0,830.0,774.0,2.0,False,A,S,2913.0
Earth,False,TRAPPIST-1e,28.0,False,3202.0,714.4862536656891,0.0,0.0,5.0,False,F,S,3921.486253665689
Earth,False,TRAPPIST-1e,40.0,False,0.0,807.0,0.0,0.0,0.0,True,F,S,807.0
Earth,False,TRAPPIST-1e,17.0,False,1.0,160.0,37.0,0.0,476.35311409149364,False,F,S,674.3531140914936
Earth,False,TRAPPIST-1e,21.0,False,0.0,0.0,218.0,109.0,5321.0,False,G,P,5648.0
Mars,False,TRAPPIST-1e,27.0,False,1150.0,0.0,6.0,4.0,0.0,True,F,S,1160.0
Earth,False,TRAPPIST-1e,41.0,False,0.0,82.0,3.0,0.0,718.0,False,F,S,803.0
Earth,False,TRAPPIST-1e,20.0,False,0.0,1.0,0.0,905.0,0.0,False,E,S,906.0
Europa,False,TRAPPIST-1e,56.0,False,0.0,0.0,0.0,0.0,0.0,False,A,S,0.0
Europa,False,TRAPPIST-1e,57.0,False,0.0,62.0,0.0,2136.0,178.0,False,A,S,2376.0
Europa,True,TRAPPIST-1e,48.0,False,0.0,0.0,0.0,0.0,0.0,True,A,S,0.0
Europa,False,TRAPPIST-1e,37.0,False,0.0,2390.0,0.0,1306.0,476.35311409149364,False,A,S,4172.353114091494
Earth,False,PSO J318.5-22,20.0,False,127.0,0.0,0.0,542.0,0.0,False,F,S,669.0
Earth,True,PSO J318.5-22,36.0,False,0.0,0.0,0.0,0.0,0.0,True,G,P,0.0
Europa,False,TRAPPIST-1e,38.0,False,158.0,787.0,2820.0,485.74408365437534,86.0,True,D,S,4336.744083654376
Earth,False,TRAPPIST-1e,22.0,False,2.0,0.0,6.0,101.0,536.0,False,F,S,645.0
Mars,False,TRAPPIST-1e,31.0,False,2436.0,0.0,147.0,16.0,0.0,False,F,S,2599.0
Mars,True,TRAPPIST-1e,0.0,False,0.0,0.0,0.0,0.0,0.0,True,F,S,0.0
Mars,False,55 Cancri e,21.0,False,1481.0,0.0,881.0,0.0,0.0,False,F,S,2362.0
Earth,False,TRAPPIST-1e,49.0,False,0.0,67.0,213.0,2.0,1442.0,False,G,P,1724.0
Earth,True,TRAPPIST-1e,44.0,False,0.0,0.0,0.0,0.0,0.0,False,G,P,0.0
Europa,False,55 Cancri e,27.0,False,0.0,859.0,0.0,6704.0,64.0,False,B,S,7627.0
Earth,False,TRAPPIST-1e,29.0,False,7.0,0.0,0.0,797.0,0.0,False,F,S,804.0
Earth,False,55 Cancri e,16.0,False,876.0,0.0,5.0,1.0,16.0,False,F,P,898.0
Earth,True,PSO J318.5-22,20.0,False,0.0,0.0,0.0,0.0,0.0,False,G,S,0.0
Earth,True,TRAPPIST-1e,26.0,False,0.0,0.0,0.0,0.0,0.0,False,G,P,0.0
Earth,False,TRAPPIST-1e,19.0,False,5.0,87.0,0.0,0.0,476.35311409149364,False,E,P,568.3531140914936
Earth,False,TRAPPIST-1e,34.0,False,1.0,89.0,0.0,793.0,0.0,False,G,S,883.0
Mars,True,TRAPPIST-1e,38.0,False,0.0,0.0,0.0,0.0,0.0,True,F,P,0.0
Earth,False,55 Cancri e,51.0,False,0.0,260.0,91.0,0.0,264.0,False,F,S,615.0
Earth,False,55 Cancri e,7.0,False,0.0,0.0,0.0,0.0,0.0,False,G,P,0.0
Earth,True,TRAPPIST-1e,3.0,False,0.0,0.0,0.0,0.0,0.0,True,G,P,0.0
Mars,False,TRAPPIST-1e,26.0,True,714.0,450.0,208.0,0.0,44.0,False,F,P,1416.0
Earth,False,TRAPPIST-1e,27.0,False,233.0,554.0,0.0,0.0,0.0,False,E,S,787.0
Earth,True,TRAPPIST-1e,7.0,False,0.0,0.0,0.0,0.0,0.0,False,F,S,0.0
Earth,True,TRAPPIST-1e,19.0,False,0.0,0.0,0.0,0.0,0.0,True,G,S,0.0
Earth,False,TRAPPIST-1e,28.0,False,0.0,26.0,88.0,5.0,754.0,False,F,P,873.0
Mars,False,TRAPPIST-1e,27.0,False,3482.0,1234.0,1155.0,0.0,0.0,False,F,S,5871.0
Earth,True,PSO J318.5-22,31.0,False,0.0,0.0,0.0,0.0,0.0,True,G,S,0.0
Earth,False,TRAPPIST-1e,26.0,False,324.0,0.0,201.0,2.0,256.0,False,G,S,783.0
Europa,False,TRAPPIST-1e,43.0,False,0.0,760.0,17.0,15331.0,427.0,False,B,P,16535.0
Earth,False,TRAPPIST-1e,23.0,False,0.0,13.0,0.0,773.0,0.0,False,G,P,786.0
Earth,True,PSO J318.5-22,14.0,False,0.0,0.0,0.0,0.0,0.0,True,E,S,0.0
Earth,False,55 Cancri e,47.0,False,0.0,574.0,0.0,0.0,68.0,True,F,P,642.0
Europa,True,TRAPPIST-1e,17.0,False,0.0,0.0,0.0,0.0,0.0,True,B,S,0.0
Europa,False,TRAPPIST-1e,64.0,False,0.0,4.0,0.0,6200.0,622.0,False,B,S,6826.0
Mars,False,TRAPPIST-1e,13.0,False,1112.0,0.0,687.0,0.0,3.0,False,D,S,1802.0
Mars,False,55 Cancri e,18.0,False,86.0,1164.0,516.0,0.0,0.0,True,D,S,1766.0
Mars,False,TRAPPIST-1e,29.0,True,0.0,0.0,0.0,0.0,0.0,False,E,S,0.0
Earth,False,PSO J318.5-22,70.0,False,0.0,3.0,1.0,2.0,1290.0,False,F,P,1296.0
Mars,False,TRAPPIST-1e,23.0,False,31.0,0.0,1247.0,0.0,47.0,False,F,S,1325.0
Mars,False,TRAPPIST-1e,23.0,False,2210.0,0.0,89.0,0.0,0.0,True,D,S,2299.0
Mars,False,TRAPPIST-1e,35.0,False,1313.0,0.0,24.0,0.0,1.0,False,F,S,1338.0
Mars,False,TRAPPIST-1e,17.0,False,1744.0,0.0,136.0,8.0,8.0,False,E,S,1896.0
Mars,True,TRAPPIST-1e,26.0,False,0.0,0.0,0.0,0.0,0.0,True,F,S,0.0
Mars,False,TRAPPIST-1e,15.0,False,1554.0,0.0,646.0,20.0,1241.0,False,D,S,3461.0
Mars,False,TRAPPIST-1e,19.0,False,285.0,54.0,1246.0,102.0,0.0,False,F,S,1687.0
Earth,True,PSO J318.5-22,20.0,False,0.0,0.0,0.0,0.0,0.0,True,G,P,0.0
Earth,False,TRAPPIST-1e,51.0,False,437.0,244.0,908.0,825.0,0.0,False,F,S,2414.0
Mars,False,TRAPPIST-1e,17.0,False,139.0,0.0,959.0,21.0,0.0,False,F,P,1119.0
Mars,False,TRAPPIST-1e,27.0,False,103.0,1.0,49.0,2421.0,24.0,False,F,P,2598.0
Earth,False,TRAPPIST-1e,43.0,False,84.0,726.0,2.0,0.0,0.0,False,G,P,812.0
Earth,False,TRAPPIST-1e,5.0,False,0.0,0.0,0.0,0.0,0.0,False,G,S,0.0
Earth,True,TRAPPIST-1e,17.0,False,0.0,0.0,0.0,0.0,0.0,False,G,S,0.0
Earth,False,TRAPPIST-1e,40.0,False,813.0,0.0,473.0,236.0,0.0,True,E,P,1522.0
Earth,False,TRAPPIST-1e,38.0,False,4.0,0.0,0.0,0.0,1679.0,False,E,P,1683.0
Earth,True,TRAPPIST-1e,20.0,False,0.0,0.0,0.0,0.0,0.0,True,F,S,0.0
Earth,True,TRAPPIST-1e,13.0,False,0.0,0.0,0.0,0.0,0.0,False,G,P,0.0
Earth,False,TRAPPIST-1e,15.0,False,320.0,36.0,5.0,0.0,640.0,False,F,P,1001.0
Earth,False,TRAPPIST-1e,15.0,False,852.0,0.0,0.0,135.0,0.0,False,E,S,987.0
Europa,False,55 Cancri e,59.0,False,8.0,1563.0,0.0,73.0,31.0,True,A,S,1675.0
Earth,False,TRAPPIST-1e,24.0,False,0.0,201.0,0.0,0.0,603.0,False,F,S,804.0
Mars,True,TRAPPIST-1e,27.0,False,0.0,0.0,0.0,0.0,0.0,True,F,P,0.0
Mars,False,55 Cancri e,52.0,False,1279.0,0.0,1061.0,359.0,0.0,False,D,P,2699.0
Earth,False,TRAPPIST-1e,38.0,False,553.0,0.0,0.0,87.0,243.0,False,G,P,883.0
Earth,False,TRAPPIST-1e,26.0,False,21.0,0.0,499.0,568.0,0.0,True,F,P,1088.0
Earth,False,55 Cancri e,17.0,False,68.0,0.0,0.0,0.0,795.0,True,E,P,863.0
Earth,True,PSO J318.5-22,17.0,False,0.0,0.0,0.0,0.0,0.0,True,G,P,0.0
Earth,False,55 Cancri e,20.0,False,1.0,808.0,0.0,0.0,0.0,True,G,P,809.0
Earth,False,TRAPPIST-1e,15.0,False,1336.0,108.0,0.0,0.0,0.0,False,F,P,1444.0
Earth,True,TRAPPIST-1e,30.0,False,0.0,0.0,0.0,0.0,0.0,True,G,P,0.0
Earth,True,PSO J318.5-22,22.0,False,0.0,0.0,0.0,0.0,0.0,False,G,P,0.0
Earth,False,TRAPPIST-1e,18.0,False,0.0,0.0,19.0,467.0,476.35311409149364,False,E,S,962.3531140914936
Earth,True,55 Cancri e,22.0,False,0.0,0.0,0.0,0.0,0.0,True,G,S,0.0
Earth,True,PSO J318.5-22,20.0,False,0.0,0.0,0.0,0.0,0.0,True,G,S,0.0
Earth,False,TRAPPIST-1e,22.0,False,762.0,13.0,10.0,0.0,0.0,False,G,S,785.0
Mars,False,PSO J318.5-22,34.0,True,49.0,478.0,387.0,0.0,0.0,False,D,P,914.0
Europa,False,TRAPPIST-1e,28.0,False,0.0,1310.0,0.0,221.0,6064.0,False,E,S,7595.0
Mars,True,TRAPPIST-1e,50.0,False,0.0,0.0,0.0,0.0,0.0,True,F,S,0.0
Earth,False,55 Cancri e,19.0,False,0.0,0.0,496.0,13.0,0.0,True,G,S,509.0
Earth,False,TRAPPIST-1e,21.0,False,0.0,0.0,0.0,2.0,807.0,False,G,P,809.0
Earth,False,TRAPPIST-1e,0.0,False,0.0,0.0,0.0,0.0,0.0,False,G,P,0.0
Earth,False,TRAPPIST-1e,4.0,False,0.0,0.0,0.0,0.0,0.0,True,G,P,0.0
Earth,True,PSO J318.5-22,59.0,False,0.0,0.0,0.0,0.0,0.0,False,G,P,0.0
Earth,False,55 Cancri e,15.0,False,1006.0,1.0,0.0,0.0,308.0,True,F,S,1315.0
Earth,True,TRAPPIST-1e,24.0,False,0.0,0.0,0.0,0.0,0.0,True,G,S,0.0
Earth,True,TRAPPIST-1e,26.0,False,0.0,0.0,0.0,0.0,0.0,False,G,S,0.0
Earth,False,TRAPPIST-1e,67.0,False,26.0,809.0,0.0,39.0,26.0,False,F,S,900.0
Earth,False,TRAPPIST-1e,55.0,False,587.0,0.0,0.0,318.0,3.0,False,G,S,908.0
Earth,False,TRAPPIST-1e,50.0,False,742.0,21.0,10.0,26.0,4.0,False,F,S,803.0
Earth,False,55 Cancri e,23.0,False,145.0,490.0,17.0,49.0,1.0,False,F,P,702.0
Earth,False,PSO J318.5-22,21.0,False,2400.0,7.0,0.0,20.0,0.0,True,E,S,2427.0
Earth,False,TRAPPIST-1e,15.0,False,104.0,714.4862536656891,0.0,174.0,253.0,False,G,S,1245.4862536656892
Europa,False,TRAPPIST-1e,41.0,False,0.0,3240.0,0.0,59.0,0.0,True,E,S,3299.0
Mars,True,TRAPPIST-1e,59.0,False,0.0,0.0,0.0,0.0,0.0,True,F,S,0.0
Mars,False,TRAPPIST-1e,18.0,False,0.0,0.0,0.0,0.0,0.0,False,E,S,0.0
Earth,False,55 Cancri e,21.0,False,112.0,0.0,0.0,0.0,1333.0,False,F,S,1445.0
Europa,True,55 Cancri e,14.0,False,0.0,0.0,0.0,0.0,0.0,True,C,S,0.0
Europa,False,TRAPPIST-1e,50.0,False,3677.0,782.0,0.0,6.0,1168.0,True,C,S,5633.0
Europa,False,TRAPPIST-1e,32.0,False,2973.0,3368.0,124.0,57.0,42.0,True,C,S,6564.0
Europa,True,TRAPPIST-1e,46.0,False,0.0,0.0,0.0,0.0,0.0,True,C,S,0.0
Earth,False,TRAPPIST-1e,27.0,False,0.0,24.0,0.0,732.0,0.0,False,G,S,756.0
Mars,True,TRAPPIST-1e,58.0,False,0.0,0.0,0.0,0.0,0.0,True,F,S,0.0
Europa,True,55 Cancri e,15.0,False,0.0,0.0,0.0,0.0,0.0,True,B,S,0.0
Earth,False,TRAPPIST-1e,35.0,False,0.0,338.0,436.0,485.74408365437534,0.0,True,G,P,1259.7440836543753
Mars,False,TRAPPIST-1e,30.0,False,1220.0,0.0,49.0,39.0,0.0,False,F,P,1308.0
Mars,True,TRAPPIST-1e,30.0,False,0.0,0.0,0.0,0.0,0.0,True,E,S,0.0
Earth,False,TRAPPIST-1e,43.0,False,0.0,0.0,870.0,0.0,14.0,True,G,S,884.0
Earth,False,TRAPPIST-1e,21.0,False,0.0,0.0,809.0,0.0,0.0,False,G,S,809.0
Earth,True,PSO J318.5-22,15.0,False,0.0,0.0,0.0,0.0,0.0,False,G,S,0.0
Earth,False,55 Cancri e,37.0,False,164.0,603.0,0.0,0.0,11.0,True,F,P,778.0
Europa,False,55 Cancri e,28.0,False,0.0,11026.0,0.0,0.0,12.0,True,C,S,11038.0
Earth,True,TRAPPIST-1e,28.0,False,0.0,0.0,0.0,0.0,0.0,False,F,S,0.0
Earth,False,TRAPPIST-1e,40.0,False,596.0,714.4862536656891,135.0,73.0,0.0,False,F,S,1518.4862536656892
Earth,False,55 Cancri e,42.0,False,28.0,0.0,0.0,0.0,591.0,False,G,S,619.0
Earth,True,PSO J318.5-22,21.0,False,0.0,0.0,0.0,0.0,0.0,False,G,S,0.0
Mars,True,55 Cancri e,31.0,False,0.0,0.0,0.0,0.0,0.0,False,E,P,0.0
Earth,False,TRAPPIST-1e,51.0,False,28.0,94.0,0.0,34.0,638.0,False,F,S,794.0
Mars,False,TRAPPIST-1e,73.0,False,27.0,2.0,71.0,1208.0,0.0,False,F,P,1308.0
Europa,True,TRAPPIST-1e,26.0,False,0.0,0.0,0.0,0.0,0.0,True,C,S,0.0
Europa,True,55 Cancri e,33.0,False,0.0,0.0,0.0,0.0,0.0,True,B,P,0.0
Earth,False,TRAPPIST-1e,39.0,False,1.0,275.0,33.0,376.0,105.0,False,E,S,790.0
Earth,False,TRAPPIST-1e,19.0,False,5.0,639.0,0.0,84.0,180.0,False,G,P,908.0
Earth,False,55 Cancri e,12.0,False,0.0,0.0,0.0,0.0,0.0,True,G,S,0.0
Earth,True,55 Cancri e,10.0,False,0.0,0.0,0.0,0.0,0.0,False,G,S,0.0
Earth,True,TRAPPIST-1e,0.0,False,0.0,0.0,0.0,0.0,0.0,False,G,S,0.0
Earth,False,TRAPPIST-1e,0.0,False,0.0,0.0,0.0,0.0,0.0,True,G,S,0.0
Earth,True,TRAPPIST-1e,1.0,False,0.0,0.0,0.0,0.0,0.0,True,G,S,0.0
Earth,False,TRAPPIST-1e,33.0,False,0.0,0.0,2.0,787.0,1.0,False,E,P,790.0
Earth,False,55 Cancri e,23.0,False,0.0,169.0,0.0,553.0,0.0,False,F,P,722.0
Mars,True,TRAPPIST-1e,5.0,False,0.0,0.0,0.0,0.0,0.0,True,F,P,0.0
Earth,True,TRAPPIST-1e,24.0,False,0.0,0.0,0.0,0.0,0.0,True,G,S,0.0
Mars,False,TRAPPIST-1e,26.0,False,0.0,0.0,0.0,0.0,0.0,False,E,S,0.0
Europa,False,55 Cancri e,30.0,False,0.0,3722.0,4.0,140.0,4045.0,False,B,P,7911.0
Earth,False,TRAPPIST-1e,33.0,False,0.0,763.0,8.0,2.0,30.0,False,F,S,803.0
Mars,False,TRAPPIST-1e,56.0,False,4694.0,0.0,2661.0,51.0,0.0,False,F,P,7406.0
Earth,True,PSO J318.5-22,25.0,False,0.0,0.0,0.0,0.0,0.0,True,G,S,0.0
Earth,False,TRAPPIST-1e,27.0,False,928.0,20.0,0.0,0.0,0.0,False,F,S,948.0
Earth,False,TRAPPIST-1e,25.0,False,9.0,852.0,73.0,12.0,57.0,True,F,P,1003.0
Earth,False,55 Cancri e,18.0,False,0.0,0.0,454.0,0.0,263.0,False,F,P,717.0
Europa,False,TRAPPIST-1e,60.0,True,1891.0,640.0,0.0,360.0,52.0,True,C,S,2943.0
Europa,False,TRAPPIST-1e,41.0,False,0.0,2334.0,1.0,6.0,23.0,True,C,S,2364.0
Earth,False,PSO J318.5-22,16.0,False,112.0,0.0,38.0,77.0,443.0,False,F,S,670.0
Earth,True,TRAPPIST-1e,17.0,False,0.0,0.0,0.0,0.0,0.0,True,G,P,0.0
Earth,False,TRAPPIST-1e,26.0,False,350.53903958944284,4.0,361.0,0.0,19.0,False,G,P,734.5390395894428
Earth,False,TRAPPIST-1e,31.0,False,2.0,811.0,0.0,0.0,0.0,True,G,P,813.0
Earth,False,TRAPPIST-1e,67.0,False,143.0,68.0,496.0,182.0,9.0,True,F,S,898.0
Earth,False,55 Cancri e,16.0,False,350.53903958944284,231.0,569.0,2.0,0.0,False,F,S,1152.5390395894428
Earth,False,55 Cancri e,24.0,False,0.0,94.0,1.0,56.0,427.0,False,F,S,578.0
Earth,False,TRAPPIST-1e,19.0,False,0.0,1333.0,3.0,624.0,254.0,True,F,P,2214.0
Europa,False,55 Cancri e,48.0,False,0.0,3578.0,80.0,123.0,476.35311409149364,True,D,P,4257.353114091494
Europa,False,TRAPPIST-1e,30.0,False,1.0,6398.0,0.0,2.0,295.0,True,D,P,6696.0
Europa,False,TRAPPIST-1e,22.0,False,0.0,8882.0,21.0,2204.0,19.0,True,D,P,11126.0
Europa,False,TRAPPIST-1e,28.0,True,0.0,4424.0,3.0,207.0,1572.0,True,D,P,6206.0
Europa,True,55 Cancri e,23.0,False,0.0,0.0,0.0,0.0,0.0,True,D,P,0.0
Europa,False,TRAPPIST-1e,29.0,False,0.0,699.0,0.0,0.0,1955.0,False,D,P,2654.0
Earth,True,TRAPPIST-1e,22.0,False,0.0,0.0,0.0,0.0,0.0,False,G,S,0.0
Europa,False,55 Cancri e,48.0,False,140.0,127.0,0.0,4102.0,521.0,False,C,P,4890.0
Mars,False,TRAPPIST-1e,26.0,False,17.0,0.0,1582.0,0.0,0.0,True,F,S,1599.0
Earth,False,TRAPPIST-1e,23.0,False,1639.0,1218.0,0.0,1.0,0.0,True,F,P,2858.0
Earth,False,TRAPPIST-1e,55.0,False,1104.0,0.0,0.0,0.0,0.0,False,F,P,1104.0
Europa,False,TRAPPIST-1e,46.0,False,2249.0,153.0,137.0,485.74408365437534,194.0,False,E,P,3218.7440836543756
Earth,False,PSO J318.5-22,38.0,False,0.0,0.0,0.0,0.0,1381.0,False,F,S,1381.0
Earth,True,TRAPPIST-1e,2.0,False,0.0,0.0,0.0,0.0,0.0,True,G,S,0.0
Earth,True,TRAPPIST-1e,3.0,False,0.0,0.0,0.0,0.0,0.0,True,G,S,0.0
Earth,False,TRAPPIST-1e,20.0,False,0.0,0.0,0.0,788.0,16.0,False,F,P,804.0
Earth,False,TRAPPIST-1e,65.0,False,5.0,317.0,270.12864211105006,0.0,123.0,False,G,S,715.1286421110501
Earth,False,TRAPPIST-1e,27.0,False,181.0,0.0,2.0,0.0,663.0,False,G,S,846.0
Earth,False,TRAPPIST-1e,25.0,False,113.0,0.0,0.0,1282.0,0.0,False,F,P,1395.0
Earth,False,PSO J318.5-22,54.0,False,0.0,316.0,257.0,0.0,0.0,False,F,S,573.0
Earth,False,55 Cancri e,25.0,False,0.0,0.0,1.0,735.0,25.0,False,F,S,761.0
Earth,True,TRAPPIST-1e,14.0,False,0.0,0.0,0.0,0.0,0.0,True,G,P,0.0
Europa,False,55 Cancri e,53.0,False,0.0,13527.0,0.0,0.0,771.0,True,A,S,14298.0
Earth,True,TRAPPIST-1e,0.0,False,0.0,0.0,0.0,0.0,0.0,True,G,P,0.0
Earth,False,TRAPPIST-1e,39.0,False,0.0,43.0,864.0,0.0,85.0,False,E,P,992.0
Earth,False,TRAPPIST-1e,22.0,False,8.0,710.0,0.0,27.0,0.0,True,F,P,745.0
Mars,False,55 Cancri e,31.0,False,120.0,0.0,657.0,52.0,0.0,False,D,S,829.0
Mars,True,TRAPPIST-1e,24.0,False,0.0,0.0,0.0,0.0,0.0,True,F,S,0.0
Europa,False,TRAPPIST-1e,35.0,True,0.0,1.0,0.0,0.0,3156.0,False,A,P,3157.0
Europa,False,55 Cancri e,35.0,False,95.0,3441.0,0.0,391.0,318.0,False,A,P,4245.0
Mars,True,TRAPPIST-1e,32.0,False,0.0,0.0,0.0,0.0,0.0,True,F,S,0.0
Mars,False,TRAPPIST-1e,61.0,False,953.0,415.0,974.0,0.0,133.0,False,F,S,2475.0
Earth,False,55 Cancri e,58.0,False,14.0,0.0,1081.0,0.0,0.0,True,F,P,1095.0
Mars,False,TRAPPIST-1e,26.0,False,1752.0,22.0,0.0,4.0,476.35311409149364,False,D,S,2254.353114091494
Earth,True,TRAPPIST-1e,4.0,False,0.0,0.0,0.0,0.0,0.0,False,G,S,0.0
Earth,False,TRAPPIST-1e,1.0,False,0.0,0.0,0.0,0.0,0.0,False,G,S,0.0
Earth,False,TRAPPIST-1e,8.0,False,0.0,0.0,0.0,0.0,0.0,True,G,S,0.0
Earth,False,TRAPPIST-1e,7.0,False,0.0,0.0,0.0,0.0,476.35311409149364,False,G,S,476.35311409149364
Earth,False,TRAPPIST-1e,25.0,False,0.0,60.0,0.0,646.0,1115.0,False,G,S,1821.0
Earth,False,TRAPPIST-1e,6.0,False,0.0,0.0,0.0,0.0,0.0,False,G,S,0.0
Earth,False,TRAPPIST-1e,29.0,False,0.0,0.0,0.0,0.0,865.0,False,F,P,865.0
Mars,True,TRAPPIST-1e,64.0,False,0.0,0.0,0.0,0.0,0.0,True,F,P,0.0
Europa,False,TRAPPIST-1e,31.0,False,0.0,1983.0,0.0,172.0,52.0,True,C,S,2207.0
Mars,True,TRAPPIST-1e,25.0,False,0.0,0.0,0.0,0.0,0.0,False,E,S,0.0
Earth,True,TRAPPIST-1e,30.0,False,0.0,0.0,0.0,0.0,0.0,True,G,S,0.0
Earth,True,TRAPPIST-1e,0.0,False,0.0,0.0,0.0,0.0,0.0,False,G,P,0.0
Earth,False,PSO J318.5-22,29.0,False,0.0,0.0,0.0,486.0,1479.0,False,F,P,1965.0
Earth,False,TRAPPIST-1e,37.0,False,28.0,25.0,26.0,806.0,3.0,False,G,P,888.0
Earth,False,TRAPPIST-1e,49.0,False,0.0,0.0,0.0,724.0,0.0,False,F,P,724.0
Europa,False,TRAPPIST-1e,36.0,False,0.0,583.0,1789.0,19.0,1009.0,False,D,P,3400.0
Earth,False,55 Cancri e,20.0,False,470.0,128.0,0.0,0.0,9.0,False,F,P,607.0
Earth,False,TRAPPIST-1e,20.0,False,2215.0,0.0,0.0,86.0,0.0,True,F,P,2301.0
Europa,False,55 Cancri e,18.0,False,0.0,16263.0,72.0,0.0,15.0,True,C,S,16350.0
Europa,True,55 Cancri e,17.0,False,0.0,0.0,0.0,0.0,0.0,True,F,S,0.0
Mars,True,TRAPPIST-1e,48.0,False,0.0,0.0,0.0,0.0,0.0,False,E,S,0.0
Earth,False,TRAPPIST-1e,26.0,False,0.0,3.0,176.0,611.0,0.0,False,E,S,790.0
Earth,False,TRAPPIST-1e,35.0,False,0.0,88.0,718.0,46.0,0.0,False,G,S,852.0
Earth,False,TRAPPIST-1e,30.0,False,116.0,0.0,0.0,728.0,29.0,True,F,S,873.0
Earth,False,TRAPPIST-1e,22.0,False,0.0,0.0,22.0,0.0,702.0,False,F,P,724.0
Earth,True,TRAPPIST-1e,5.0,False,0.0,0.0,0.0,0.0,0.0,False,G,P,0.0
Earth,True,55 Cancri e,43.0,False,0.0,0.0,0.0,0.0,0.0,False,G,P,0.0
Mars,True,TRAPPIST-1e,52.0,False,0.0,0.0,0.0,0.0,0.0,False,E,S,0.0
Europa,False,TRAPPIST-1e,50.0,False,5.0,809.0,0.0,309.0,731.0,True,D,P,1854.0
Europa,False,TRAPPIST-1e,29.0,False,4.0,841.0,0.0,363.0,1107.0,True,F,S,2315.0
Europa,False,55 Cancri e,19.0,False,0.0,748.0,158.0,5037.0,44.0,False,D,P,5987.0
Europa,False,55 Cancri e,39.0,False,0.0,10153.0,1.0,78.0,5063.0,True,C,S,15295.0
Europa,False,TRAPPIST-1e,38.0,False,0.0,354.0,0.0,1806.0,0.0,True,C,S,2160.0
Earth,True,55 Cancri e,21.0,False,0.0,0.0,0.0,0.0,0.0,False,G,S,0.0
Earth,False,PSO J318.5-22,25.0,False,11.0,44.0,397.0,0.0,0.0,False,G,S,452.0
Europa,True,55 Cancri e,42.0,False,0.0,0.0,0.0,0.0,0.0,True,A,P,0.0
Europa,True,55 Cancri e,36.0,False,0.0,0.0,0.0,0.0,0.0,True,A,P,0.0
Earth,False,TRAPPIST-1e,19.0,False,42.0,0.0,345.0,1431.0,0.0,False,G,S,1818.0
Earth,True,TRAPPIST-1e,42.0,False,0.0,0.0,0.0,0.0,0.0,False,G,P,0.0
Earth,False,55 Cancri e,40.0,False,1465.0,39.0,0.0,0.0,1225.0,False,F,S,2729.0
Earth,True,TRAPPIST-1e,14.0,False,0.0,0.0,0.0,0.0,0.0,False,G,S,0.0
Europa,False,TRAPPIST-1e,50.0,False,350.53903958944284,1810.0,0.0,126.0,247.0,False,D,P,2533.539039589443
Mars,False,TRAPPIST-1e,18.0,False,1218.0,0.0,34.0,1095.0,0.0,False,E,P,2347.0
Earth,False,TRAPPIST-1e,46.0,False,8.0,652.0,0.0,5.0,90.0,False,G,S,755.0
Earth,False,TRAPPIST-1e,27.0,False,0.0,51.0,0.0,37.0,704.0,False,E,P,792.0
Europa,True,TRAPPIST-1e,15.0,False,0.0,0.0,0.0,0.0,0.0,True,D,P,0.0
Europa,False,55 Cancri e,22.0,False,1744.0,79.0,0.0,12.0,1514.0,False,D,P,3349.0
Europa,True,TRAPPIST-1e,0.0,False,0.0,0.0,0.0,0.0,0.0,False,A,S,0.0
Europa,True,TRAPPIST-1e,52.0,False,0.0,0.0,0.0,0.0,0.0,True,A,S,0.0
Europa,False,TRAPPIST-1e,38.0,False,34.0,2043.0,0.0,1339.0,0.0,True,A,S,3416.0
Mars,False,TRAPPIST-1e,46.0,False,731.0,0.0,288.0,0.0,2.0,False,E,P,1021.0
Earth,True,55 Cancri e,23.0,False,0.0,0.0,0.0,0.0,0.0,False,G,S,0.0
Europa,False,TRAPPIST-1e,63.0,False,0.0,4286.0,18.0,4.0,872.0,True,C,P,5180.0
Europa,True,55 Cancri e,24.0,False,0.0,0.0,0.0,0.0,0.0,True,C,P,0.0
Earth,True,TRAPPIST-1e,50.0,False,0.0,0.0,0.0,0.0,0.0,False,G,S,0.0
Earth,True,TRAPPIST-1e,20.0,False,0.0,0.0,0.0,0.0,0.0,False,G,S,0.0
Mars,False,TRAPPIST-1e,55.0,False,2424.0,0.0,1.0,0.0,284.0,False,D,S,2709.0
Earth,False,PSO J318.5-22,21.0,False,0.0,0.0,107.0,166.0,388.0,True,E,S,661.0
Europa,True,55 Cancri e,56.0,False,0.0,0.0,0.0,0.0,0.0,True,C,S,0.0
Earth,False,TRAPPIST-1e,45.0,False,10.0,0.0,0.0,485.74408365437534,0.0,True,E,P,495.74408365437534
Earth,True,55 Cancri e,18.0,False,0.0,0.0,0.0,0.0,0.0,False,G,S,0.0
Earth,False,TRAPPIST-1e,47.0,False,7.0,877.0,17.0,0.0,0.0,False,F,S,901.0
Earth,False,TRAPPIST-1e,36.0,False,0.0,0.0,1508.0,110.0,117.0,True,F,S,1735.0
Mars,False,TRAPPIST-1e,57.0,True,975.0,0.0,295.0,39.0,0.0,False,F,P,1309.0
Mars,False,TRAPPIST-1e,13.0,False,3037.0,10.0,43.0,0.0,0.0,False,D,P,3090.0
Mars,False,TRAPPIST-1e,27.0,False,120.0,0.0,1476.0,3.0,0.0,False,F,P,1599.0
Earth,False,TRAPPIST-1e,20.0,False,717.0,0.0,0.0,0.0,0.0,False,F,S,717.0
Earth,False,TRAPPIST-1e,47.0,False,0.0,444.0,328.0,56.0,476.35311409149364,False,G,P,1304.3531140914936
Earth,False,TRAPPIST-1e,15.0,False,0.0,0.0,787.0,0.0,0.0,False,E,P,787.0
Earth,False,TRAPPIST-1e,34.0,False,0.0,0.0,53.0,731.0,0.0,False,G,P,784.0
Earth,False,TRAPPIST-1e,21.0,False,942.0,0.0,0.0,0.0,7.0,False,F,S,949.0
Earth,False,TRAPPIST-1e,51.0,False,0.0,0.0,0.0,101.0,1357.0,False,F,S,1458.0
Earth,False,TRAPPIST-1e,23.0,False,382.0,0.0,398.0,8.0,0.0,False,E,P,788.0
Earth,False,TRAPPIST-1e,58.0,False,0.0,0.0,0.0,0.0,717.0,False,F,P,717.0
Mars,False,TRAPPIST-1e,37.0,False,2765.0,0.0,1134.0,0.0,0.0,False,D,S,3899.0
Mars,False,PSO J318.5-22,44.0,False,708.0,0.0,5.0,0.0,74.0,True,D,S,787.0
Earth,True,TRAPPIST-1e,25.0,False,0.0,0.0,0.0,0.0,0.0,False,G,S,0.0
Europa,True,TRAPPIST-1e,15.0,False,0.0,0.0,0.0,0.0,0.0,True,C,P,0.0
Europa,False,TRAPPIST-1e,40.0,False,0.0,382.0,0.0,1.0,3822.0,False,C,P,4205.0
Europa,False,55 Cancri e,29.0,False,0.0,433.0,4899.0,393.0,260.0,True,C,P,5985.0
Earth,True,TRAPPIST-1e,36.0,False,0.0,0.0,0.0,0.0,0.0,True,E,P,0.0
Earth,False,PSO J318.5-22,21.0,False,0.0,0.0,677.0,4.0,0.0,True,E,P,681.0
Earth,False,TRAPPIST-1e,35.0,False,302.0,6.0,0.0,6.0,613.0,True,G,P,927.0
Earth,False,TRAPPIST-1e,24.0,False,3.0,361.0,94.0,824.0,160.0,False,F,P,1442.0
Earth,False,55 Cancri e,2.0,False,0.0,0.0,0.0,0.0,0.0,False,G,P,0.0
Earth,True,TRAPPIST-1e,0.0,False,0.0,0.0,0.0,0.0,0.0,True,G,P,0.0
Earth,False,TRAPPIST-1e,43.0,False,0.0,0.0,0.0,1200.0,17.0,False,F,P,1217.0
Europa,False,TRAPPIST-1e,63.0,False,350.53903958944284,869.0,1.0,375.0,3377.0,False,C,S,4972.539039589443
Earth,True,TRAPPIST-1e,30.0,False,0.0,0.0,0.0,0.0,0.0,True,G,P,0.0
Earth,True,PSO J318.5-22,38.0,False,0.0,0.0,0.0,0.0,0.0,True,G,P,0.0
Europa,False,55 Cancri e,27.0,False,350.53903958944284,21066.0,0.0,2448.0,2293.0,True,C,S,26157.539039589443
Earth,False,PSO J318.5-22,54.0,False,3.0,0.0,56.0,633.0,0.0,False,F,S,692.0
Europa,True,55 Cancri e,39.0,False,0.0,0.0,0.0,0.0,0.0,True,A,S,0.0
Mars,False,TRAPPIST-1e,41.0,False,3702.0,0.0,1.0,0.0,18.0,False,D,P,3721.0
Earth,False,TRAPPIST-1e,22.0,False,0.0,0.0,0.0,10.0,761.0,False,G,S,771.0
Europa,False,55 Cancri e,23.0,False,0.0,8037.0,270.12864211105006,1.0,2.0,True,B,S,8310.12864211105
Europa,False,TRAPPIST-1e,34.0,False,15.0,3578.0,0.0,485.74408365437534,473.0,True,B,S,4551.744083654376
Europa,True,55 Cancri e,26.0,True,0.0,0.0,0.0,0.0,0.0,True,B,S,0.0
Europa,False,TRAPPIST-1e,39.0,False,1.0,2972.0,0.0,3175.0,1.0,False,B,S,6149.0
Europa,True,55 Cancri e,15.0,False,0.0,0.0,0.0,0.0,0.0,True,B,S,0.0
Europa,True,TRAPPIST-1e,64.0,False,0.0,0.0,0.0,0.0,0.0,True,B,S,0.0
Europa,True,TRAPPIST-1e,25.0,False,0.0,0.0,0.0,0.0,0.0,True,B,S,0.0
Mars,True,TRAPPIST-1e,35.0,False,0.0,0.0,0.0,0.0,0.0,True,F,P,0.0
Earth,True,TRAPPIST-1e,19.0,False,0.0,0.0,0.0,0.0,0.0,True,G,S,0.0
Earth,False,TRAPPIST-1e,26.0,False,401.0,0.0,693.0,62.0,0.0,False,F,S,1156.0
Earth,True,TRAPPIST-1e,3.0,False,0.0,0.0,0.0,0.0,0.0,True,G,S,0.0
Earth,False,TRAPPIST-1e,29.0,False,1434.0,5.0,0.0,0.0,0.0,False,G,S,1439.0
Earth,True,TRAPPIST-1e,44.0,False,0.0,0.0,0.0,0.0,0.0,True,G,S,0.0
Earth,False,TRAPPIST-1e,27.0,False,196.0,602.0,0.0,0.0,198.0,False,E,P,996.0
Earth,False,PSO J318.5-22,17.0,False,414.0,0.0,139.0,28.0,173.0,False,G,P,754.0
Europa,False,55 Cancri e,37.0,False,0.0,3166.0,0.0,91.0,6.0,True,F,S,3263.0
Mars,True,55 Cancri e,19.0,False,0.0,0.0,0.0,0.0,0.0,True,F,P,0.0
Earth,True,TRAPPIST-1e,44.0,False,0.0,0.0,0.0,0.0,0.0,False,G,P,0.0
Earth,False,55 Cancri e,22.0,False,0.0,0.0,30.0,499.0,138.0,False,F,S,667.0
Earth,False,TRAPPIST-1e,22.0,False,213.0,85.0,352.0,12.0,1.0,True,E,S,663.0
Mars,True,TRAPPIST-1e,21.0,False,0.0,0.0,0.0,0.0,0.0,True,F,S,0.0
Earth,False,TRAPPIST-1e,31.0,False,1062.0,0.0,802.0,71.0,0.0,False,F,S,1935.0
Earth,False,TRAPPIST-1e,17.0,False,0.0,0.0,249.0,537.0,5.0,True,E,P,791.0
Earth,False,PSO J318.5-22,30.0,False,231.0,0.0,0.0,274.0,26.0,False,G,S,531.0
Earth,False,TRAPPIST-1e,15.0,False,12.0,25.0,197.0,631.0,0.0,False,F,S,865.0
Earth,False,TRAPPIST-1e,42.0,False,37.0,1670.0,0.0,0.0,0.0,True,G,S,1707.0
Earth,False,TRAPPIST-1e,55.0,False,373.0,1.0,1.0,496.0,0.0,False,F,S,871.0
Europa,False,55 Cancri e,28.0,False,5.0,2676.0,13.0,0.0,157.0,True,C,S,2851.0
Earth,False,TRAPPIST-1e,33.0,False,673.0,194.0,548.0,59.0,40.0,False,F,P,1514.0
Earth,False,TRAPPIST-1e,19.0,False,3.0,6.0,20.0,60.0,719.0,False,G,P,808.0
Earth,False,TRAPPIST-1e,24.0,False,350.53903958944284,856.0,0.0,0.0,5.0,False,F,S,1211.5390395894428
Earth,False,TRAPPIST-1e,4.0,False,0.0,0.0,0.0,0.0,0.0,False,G,S,0.0
Earth,True,TRAPPIST-1e,2.0,False,0.0,0.0,0.0,0.0,0.0,False,G,S,0.0
Europa,False,55 Cancri e,30.0,False,0.0,5734.0,0.0,5.0,1.0,True,A,S,5740.0
Europa,False,TRAPPIST-1e,31.0,False,0.0,0.0,0.0,0.0,0.0,False,B,P,0.0
Europa,True,TRAPPIST-1e,17.0,False,0.0,0.0,0.0,0.0,0.0,True,B,P,0.0
Europa,True,55 Cancri e,40.0,False,0.0,0.0,0.0,0.0,0.0,True,B,P,0.0
Earth,True,PSO J318.5-22,33.0,False,0.0,0.0,0.0,0.0,0.0,True,G,P,0.0
Earth,True,PSO J318.5-22,46.0,False,0.0,0.0,0.0,0.0,0.0,False,G,S,0.0
Europa,False,55 Cancri e,30.0,True,1250.0,865.0,0.0,3725.0,5416.0,False,B,P,11256.0
Earth,False,TRAPPIST-1e,17.0,False,0.0,0.0,0.0,0.0,804.0,False,F,P,804.0
Earth,False,TRAPPIST-1e,19.0,False,1139.0,18.0,0.0,0.0,671.0,True,F,S,1828.0
Europa,False,55 Cancri e,22.0,False,0.0,5183.0,0.0,1080.0,2.0,True,B,S,6265.0
Europa,False,55 Cancri e,20.0,False,0.0,162.0,0.0,148.0,7619.0,False,B,S,7929.0
Earth,False,PSO J318.5-22,36.0,False,0.0,809.0,0.0,86.0,0.0,False,F,S,895.0
Earth,False,TRAPPIST-1e,0.0,False,0.0,0.0,0.0,0.0,0.0,True,G,S,0.0
Earth,False,55 Cancri e,17.0,False,44.0,1535.0,10.0,51.0,0.0,True,E,S,1640.0
Earth,True,TRAPPIST-1e,27.0,False,0.0,0.0,0.0,0.0,0.0,True,G,S,0.0
Earth,True,PSO J318.5-22,15.0,False,0.0,0.0,0.0,0.0,0.0,True,G,S,0.0
Earth,False,TRAPPIST-1e,20.0,False,0.0,4.0,429.0,0.0,287.0,False,G,S,720.0
Earth,False,55 Cancri e,19.0,False,30.0,1.0,1051.0,0.0,6.0,True,F,P,1088.0
Earth,False,PSO J318.5-22,24.0,False,662.0,0.0,0.0,0.0,9.0,False,F,S,671.0
Earth,False,55 Cancri e,43.0,False,0.0,6.0,730.0,1.0,0.0,False,F,P,737.0
Mars,True,TRAPPIST-1e,26.0,False,0.0,0.0,0.0,0.0,0.0,True,F,P,0.0
Earth,False,TRAPPIST-1e,42.0,False,399.0,75.0,38.0,771.0,0.0,False,F,S,1283.0
Earth,False,TRAPPIST-1e,21.0,False,6.0,133.0,503.0,0.0,2.0,False,F,P,644.0
Europa,True,TRAPPIST-1e,50.0,False,0.0,0.0,0.0,0.0,0.0,True,B,S,0.0
Europa,True,TRAPPIST-1e,25.0,False,0.0,0.0,0.0,0.0,0.0,True,B,S,0.0
Earth,True,TRAPPIST-1e,64.0,False,0.0,0.0,0.0,0.0,0.0,True,G,P,0.0
Earth,False,TRAPPIST-1e,50.0,False,0.0,0.0,0.0,785.0,19.0,False,F,S,804.0
Mars,True,TRAPPIST-1e,24.0,False,0.0,0.0,0.0,0.0,0.0,True,F,S,0.0
Earth,False,TRAPPIST-1e,27.0,False,0.0,0.0,634.0,1.0,23.0,True,F,S,658.0
Earth,True,55 Cancri e,42.0,False,0.0,0.0,0.0,0.0,0.0,True,G,S,0.0
Earth,True,55 Cancri e,30.0,False,0.0,0.0,0.0,0.0,0.0,False,G,P,0.0
Earth,False,TRAPPIST-1e,20.0,False,2.0,0.0,694.0,0.0,22.0,True,E,P,718.0
Mars,False,TRAPPIST-1e,31.0,False,162.0,1211.0,4.0,0.0,1.0,True,E,S,1378.0
Europa,False,55 Cancri e,26.0,False,281.0,741.0,13.0,0.0,4724.0,False,C,P,5759.0
Europa,False,55 Cancri e,39.0,False,0.0,714.4862536656891,0.0,1528.0,1119.0,False,C,P,3361.486253665689
Earth,False,TRAPPIST-1e,27.0,False,0.0,0.0,0.0,0.0,0.0,False,G,P,0.0
Earth,False,PSO J318.5-22,32.0,False,0.0,58.0,0.0,0.0,642.0,True,G,P,700.0
Earth,True,TRAPPIST-1e,25.0,False,0.0,0.0,0.0,0.0,0.0,True,G,P,0.0
Earth,False,TRAPPIST-1e,6.0,False,0.0,0.0,0.0,0.0,0.0,True,G,P,0.0
Earth,True,TRAPPIST-1e,3.0,False,0.0,0.0,0.0,0.0,0.0,True,G,P,0.0
Earth,True,TRAPPIST-1e,11.0,False,0.0,0.0,0.0,0.0,0.0,False,G,P,0.0
Earth,True,TRAPPIST-1e,52.0,False,0.0,0.0,0.0,0.0,0.0,False,G,P,0.0
Earth,False,TRAPPIST-1e,14.0,False,16.0,0.0,0.0,712.0,149.0,False,F,P,877.0
Earth,False,TRAPPIST-1e,68.0,False,0.0,286.0,0.0,1739.0,13.0,False,F,P,2038.0
Earth,True,PSO J318.5-22,18.0,False,0.0,0.0,0.0,0.0,0.0,True,G,P,0.0
Earth,False,TRAPPIST-1e,55.0,False,2.0,0.0,0.0,0.0,907.0,True,G,P,909.0
Earth,False,55 Cancri e,22.0,False,1430.0,0.0,0.0,0.0,423.0,False,G,S,1853.0
Europa,False,TRAPPIST-1e,34.0,False,0.0,5063.0,0.0,56.0,327.0,True,D,P,5446.0
Mars,False,TRAPPIST-1e,17.0,False,583.0,0.0,753.0,0.0,0.0,False,F,S,1336.0
Earth,True,PSO J318.5-22,38.0,False,0.0,0.0,0.0,0.0,0.0,False,G,S,0.0
Earth,False,TRAPPIST-1e,13.0,False,12.0,0.0,0.0,0.0,1963.0,False,F,P,1975.0
Earth,True,TRAPPIST-1e,19.0,False,0.0,0.0,0.0,0.0,0.0,True,G,S,0.0
Europa,True,TRAPPIST-1e,30.0,False,0.0,0.0,0.0,0.0,0.0,True,C,P,0.0
Europa,False,TRAPPIST-1e,27.0,True,0.0,0.0,72.0,668.0,2713.0,False,C,P,3453.0
Earth,False,TRAPPIST-1e,17.0,False,350.53903958944284,1.0,533.0,326.0,0.0,True,E,P,1210.5390395894428
Europa,False,55 Cancri e,45.0,False,0.0,3559.0,0.0,3615.0,163.0,False,C,S,7337.0
Europa,False,55 Cancri e,28.0,False,167.0,2406.0,71.0,283.0,650.0,True,C,S,3577.0
Earth,False,TRAPPIST-1e,23.0,False,177.0,0.0,7.0,0.0,448.0,False,F,S,632.0
Europa,False,TRAPPIST-1e,24.0,False,1289.0,3343.0,0.0,4996.0,729.0,False,D,S,10357.0
Europa,False,TRAPPIST-1e,23.0,False,9.0,4081.0,0.0,0.0,16.0,True,D,S,4106.0
Earth,False,55 Cancri e,29.0,False,270.0,0.0,0.0,25.0,343.0,False,F,S,638.0
Earth,False,TRAPPIST-1e,46.0,False,430.0,0.0,340.0,52.0,61.0,False,G,P,883.0
Earth,False,PSO J318.5-22,17.0,False,8.0,911.0,0.0,0.0,0.0,True,F,P,919.0
Earth,False,TRAPPIST-1e,20.0,False,0.0,0.0,4.0,35.0,769.0,False,G,P,808.0
Earth,False,TRAPPIST-1e,24.0,False,121.0,20.0,0.0,68.0,506.0,False,F,S,715.0
Europa,False,TRAPPIST-1e,40.0,False,19.0,10.0,1.0,4759.0,6007.0,False,A,P,10796.0
Europa,True,TRAPPIST-1e,27.0,False,0.0,0.0,0.0,0.0,0.0,True,A,P,0.0
Europa,False,TRAPPIST-1e,38.0,False,0.0,590.0,2640.0,6202.0,99.0,False,C,P,9531.0
Europa,False,TRAPPIST-1e,65.0,False,51.0,4451.0,0.0,20.0,397.0,True,A,S,4919.0
Europa,False,TRAPPIST-1e,19.0,False,0.0,1342.0,0.0,152.0,556.0,True,A,S,2050.0
Earth,False,TRAPPIST-1e,54.0,False,0.0,0.0,872.0,0.0,1.0,True,F,S,873.0
Earth,False,55 Cancri e,38.0,False,0.0,717.0,0.0,0.0,0.0,False,F,S,717.0
Earth,False,TRAPPIST-1e,40.0,False,51.0,0.0,1.0,368.0,509.0,True,G,S,929.0
Earth,False,PSO J318.5-22,21.0,False,350.53903958944284,2.0,133.0,0.0,549.0,False,F,P,1034.5390395894428
Earth,False,TRAPPIST-1e,22.0,False,8.0,0.0,801.0,0.0,12.0,True,F,P,821.0
Earth,False,TRAPPIST-1e,33.0,False,356.0,714.4862536656891,0.0,245.0,0.0,False,F,P,1315.4862536656892
Mars,False,TRAPPIST-1e,18.0,False,29.0,0.0,2315.0,0.0,1.0,True,D,S,2345.0
Mars,False,TRAPPIST-1e,43.0,False,546.0,0.0,41.0,710.0,0.0,False,E,S,1297.0
Mars,False,TRAPPIST-1e,13.0,False,6726.0,0.0,1605.0,1266.0,0.0,False,F,S,9597.0
Mars,False,TRAPPIST-1e,26.0,False,1751.0,0.0,0.0,0.0,0.0,False,F,S,1751.0
Mars,False,TRAPPIST-1e,22.0,False,2300.0,0.0,22.0,256.0,0.0,False,D,S,2578.0
Mars,True,TRAPPIST-1e,21.0,False,0.0,0.0,0.0,0.0,0.0,True,F,P,0.0
Earth,False,PSO J318.5-22,25.0,False,0.0,11.0,0.0,13.0,1344.0,False,F,S,1368.0
Mars,False,TRAPPIST-1e,29.0,False,216.0,10.0,611.0,594.0,0.0,False,F,S,1431.0
Mars,False,TRAPPIST-1e,49.0,False,1624.0,0.0,68.0,485.74408365437534,0.0,False,F,S,2177.7440836543756
Europa,True,55 Cancri e,29.0,False,0.0,0.0,0.0,0.0,0.0,True,B,S,0.0
Mars,False,TRAPPIST-1e,45.0,False,10.0,1095.0,1474.0,0.0,0.0,True,D,S,2579.0
Earth,False,PSO J318.5-22,45.0,False,0.0,0.0,734.0,3.0,5.0,True,F,S,742.0
Europa,False,TRAPPIST-1e,30.0,False,63.0,9314.0,249.0,2624.0,4538.0,False,C,S,16788.0
Earth,False,TRAPPIST-1e,29.0,False,776.0,0.0,4.0,0.0,23.0,False,F,S,803.0
Earth,False,TRAPPIST-1e,26.0,False,0.0,0.0,0.0,0.0,0.0,False,F,S,0.0
Earth,True,55 Cancri e,16.0,False,0.0,0.0,0.0,0.0,0.0,False,G,S,0.0
Earth,False,55 Cancri e,20.0,False,1.0,0.0,0.0,4926.0,1.0,False,G,S,4928.0
Earth,False,TRAPPIST-1e,33.0,False,235.0,2.0,1.0,650.0,0.0,False,G,P,888.0
Earth,True,TRAPPIST-1e,18.0,False,0.0,0.0,0.0,0.0,0.0,False,G,P,0.0
Mars,False,TRAPPIST-1e,24.0,False,600.0,593.0,1404.0,0.0,1.0,False,F,P,2598.0
Mars,False,TRAPPIST-1e,29.0,False,860.0,305.0,18.0,1415.0,0.0,False,F,P,2598.0
Europa,True,55 Cancri e,40.0,False,0.0,0.0,0.0,0.0,0.0,True,B,S,0.0
Europa,True,TRAPPIST-1e,27.0,False,0.0,0.0,0.0,0.0,0.0,True,D,S,0.0
Earth,True,TRAPPIST-1e,35.0,False,0.0,0.0,0.0,0.0,0.0,False,G,S,0.0
Europa,False,TRAPPIST-1e,31.0,False,0.0,8718.0,0.0,13036.0,267.0,False,F,S,22021.0
Earth,True,PSO J318.5-22,26.0,False,0.0,0.0,0.0,0.0,0.0,False,G,P,0.0
Mars,False,TRAPPIST-1e,49.0,False,0.0,0.0,1058.0,0.0,0.0,True,D,S,1058.0
Earth,True,TRAPPIST-1e,23.0,False,0.0,0.0,0.0,0.0,0.0,False,G,P,0.0
Earth,True,PSO J318.5-22,23.0,False,0.0,0.0,0.0,0.0,0.0,False,G,P,0.0
Earth,True,PSO J318.5-22,14.0,False,0.0,0.0,0.0,0.0,0.0,True,G,P,0.0
Earth,False,55 Cancri e,21.0,False,770.0,0.0,0.0,40.0,0.0,False,G,S,810.0
Earth,False,TRAPPIST-1e,18.0,False,0.0,1.0,0.0,80.0,826.0,False,G,P,907.0
Earth,False,TRAPPIST-1e,27.0,False,717.0,0.0,0.0,0.0,0.0,False,F,S,717.0
Earth,False,TRAPPIST-1e,19.0,False,721.0,62.0,7.0,0.0,0.0,True,F,P,790.0
Earth,False,TRAPPIST-1e,22.0,False,624.0,0.0,0.0,0.0,185.0,False,G,P,809.0
Earth,False,TRAPPIST-1e,17.0,False,736.0,0.0,2.0,20.0,0.0,False,F,P,758.0
Earth,False,PSO J318.5-22,13.0,False,0.0,2.0,480.0,10.0,176.0,False,F,P,668.0
Earth,False,TRAPPIST-1e,26.0,False,0.0,714.4862536656891,0.0,91.0,900.0,False,E,P,1705.4862536656892
Mars,False,TRAPPIST-1e,27.0,False,1054.0,0.0,43.0,85.0,0.0,False,D,S,1182.0
Mars,True,TRAPPIST-1e,16.0,False,0.0,0.0,0.0,0.0,0.0,True,F,S,0.0
Mars,False,TRAPPIST-1e,20.0,False,1146.0,0.0,0.0,0.0,3.0,False,F,P,1149.0
Earth,False,TRAPPIST-1e,20.0,False,75.0,0.0,0.0,1545.0,0.0,False,E,P,1620.0
Earth,False,TRAPPIST-1e,23.0,False,426.0,0.0,362.0,0.0,0.0,False,E,P,788.0
Earth,False,TRAPPIST-1e,61.0,False,2.0,0.0,17.0,868.0,28.0,False,G,S,915.0
Mars,True,TRAPPIST-1e,27.0,False,0.0,0.0,0.0,0.0,0.0,True,F,P,0.0
Mars,False,55 Cancri e,3.0,False,0.0,0.0,0.0,0.0,0.0,True,F,P,0.0
Mars,False,55 Cancri e,4.0,False,0.0,0.0,0.0,0.0,0.0,True,F,P,0.0
Earth,True,55 Cancri e,13.0,False,0.0,0.0,0.0,0.0,0.0,True,G,S,0.0
Mars,True,TRAPPIST-1e,19.0,False,0.0,0.0,0.0,0.0,0.0,True,F,S,0.0
Earth,False,TRAPPIST-1e,18.0,False,0.0,0.0,698.0,0.0,0.0,True,F,P,698.0
Earth,False,55 Cancri e,66.0,False,0.0,0.0,1610.0,0.0,0.0,True,E,P,1610.0
Mars,True,TRAPPIST-1e,39.0,False,0.0,0.0,0.0,0.0,0.0,True,F,S,0.0
Earth,False,TRAPPIST-1e,21.0,False,0.0,1433.0,0.0,1234.0,0.0,False,F,S,2667.0
Earth,True,TRAPPIST-1e,7.0,False,0.0,0.0,0.0,0.0,0.0,False,G,S,0.0
Earth,True,TRAPPIST-1e,56.0,False,0.0,0.0,0.0,0.0,0.0,False,F,S,0.0
Earth,False,TRAPPIST-1e,15.0,False,0.0,951.0,128.0,0.0,0.0,False,F,P,1079.0
Mars,False,TRAPPIST-1e,27.0,False,1146.0,0.0,47.0,0.0,105.0,True,E,S,1298.0
Earth,False,TRAPPIST-1e,13.0,False,579.0,226.0,61.0,1.0,7.0,False,F,S,874.0
Europa,True,TRAPPIST-1e,18.0,False,0.0,0.0,0.0,0.0,0.0,True,B,S,0.0
Earth,True,PSO J318.5-22,38.0,False,0.0,0.0,0.0,0.0,0.0,False,G,P,0.0
Earth,False,TRAPPIST-1e,45.0,False,2138.0,0.0,0.0,659.0,0.0,False,F,P,2797.0
Earth,True,TRAPPIST-1e,21.0,False,0.0,0.0,0.0,0.0,0.0,False,G,P,0.0
Earth,False,TRAPPIST-1e,19.0,False,78.0,0.0,0.0,550.0,0.0,False,G,P,628.0
Earth,False,TRAPPIST-1e,49.0,False,651.0,25.0,0.0,849.0,2.0,False,F,S,1527.0
Earth,False,TRAPPIST-1e,21.0,False,0.0,820.0,0.0,45.0,0.0,True,F,S,865.0
Earth,False,TRAPPIST-1e,18.0,False,0.0,402.0,2027.0,0.0,0.0,True,F,S,2429.0
Mars,True,TRAPPIST-1e,43.0,False,0.0,0.0,0.0,0.0,0.0,True,F,P,0.0
Mars,True,PSO J318.5-22,27.0,False,0.0,0.0,0.0,0.0,0.0,True,F,S,0.0
Mars,False,TRAPPIST-1e,0.0,False,0.0,0.0,0.0,0.0,0.0,True,F,S,0.0
Earth,False,TRAPPIST-1e,27.0,False,0.0,0.0,6.0,745.0,22.0,False,G,P,773.0
Europa,True,TRAPPIST-1e,21.0,False,0.0,0.0,0.0,0.0,0.0,True,B,P,0.0
Earth,False,PSO J318.5-22,20.0,False,38.0,220.0,495.0,0.0,476.35311409149364,False,F,P,1229.3531140914936
Mars,True,TRAPPIST-1e,35.0,False,0.0,0.0,0.0,0.0,0.0,True,F,S,0.0
Mars,False,TRAPPIST-1e,20.0,False,212.0,0.0,991.0,0.0,13.0,False,F,S,1216.0
Earth,False,TRAPPIST-1e,24.0,False,388.0,0.0,7.0,409.0,0.0,False,F,P,804.0
Earth,False,TRAPPIST-1e,41.0,False,2.0,0.0,551.0,5577.0,68.0,False,G,P,6198.0
Earth,False,PSO J318.5-22,23.0,False,0.0,774.0,0.0,0.0,0.0,True,G,S,774.0
Earth,True,PSO J318.5-22,27.0,False,0.0,0.0,0.0,0.0,0.0,True,G,P,0.0
Earth,True,55 Cancri e,58.0,False,0.0,0.0,0.0,0.0,0.0,True,G,S,0.0
Mars,True,TRAPPIST-1e,53.0,False,0.0,0.0,0.0,0.0,0.0,True,F,P,0.0
Europa,False,TRAPPIST-1e,30.0,False,437.0,3585.0,0.0,4488.0,281.0,False,C,S,8791.0
Earth,False,55 Cancri e,24.0,False,1.0,0.0,0.0,318.0,247.0,False,F,S,566.0
Europa,False,TRAPPIST-1e,31.0,False,46.0,1935.0,0.0,995.0,1254.0,False,B,P,4230.0
Mars,False,PSO J318.5-22,46.0,False,607.0,0.0,41.0,334.0,251.0,False,F,S,1233.0
Mars,False,TRAPPIST-1e,20.0,False,938.0,59.0,31.0,12.0,0.0,False,F,S,1040.0
Earth,True,TRAPPIST-1e,20.0,False,0.0,0.0,0.0,0.0,0.0,False,G,S,0.0
Earth,False,TRAPPIST-1e,30.0,False,0.0,236.0,0.0,1149.0,0.0,False,F,P,1385.0
Earth,False,55 Cancri e,24.0,False,0.0,421.0,0.0,207.0,63.0,False,F,P,691.0
Earth,False,TRAPPIST-1e,34.0,False,0.0,0.0,0.0,628.0,0.0,False,G,P,628.0
Earth,False,TRAPPIST-1e,20.0,False,1750.0,0.0,446.0,0.0,76.0,False,F,S,2272.0
Mars,True,TRAPPIST-1e,48.0,False,0.0,0.0,0.0,0.0,0.0,True,F,S,0.0
Earth,False,PSO J318.5-22,25.0,False,0.0,0.0,619.0,0.0,70.0,False,F,P,689.0
Earth,True,TRAPPIST-1e,43.0,False,0.0,0.0,0.0,0.0,0.0,False,G,S,0.0
Earth,False,TRAPPIST-1e,27.0,False,0.0,280.0,119.0,646.0,5.0,True,F,P,1050.0
Europa,False,TRAPPIST-1e,47.0,False,350.53903958944284,32.0,0.0,4027.0,1440.0,False,B,P,5849.539039589443
Europa,False,55 Cancri e,26.0,False,26.0,4587.0,0.0,102.0,0.0,True,B,P,4715.0
Europa,True,TRAPPIST-1e,37.0,False,0.0,0.0,0.0,0.0,0.0,True,B,P,0.0
Europa,False,55 Cancri e,42.0,False,0.0,1180.0,0.0,2677.0,283.0,False,B,P,4140.0
Earth,False,55 Cancri e,61.0,False,0.0,654.0,902.0,0.0,68.0,True,E,S,1624.0
Mars,False,TRAPPIST-1e,29.0,False,1443.0,1108.0,47.0,0.0,0.0,False,F,P,2598.0
Europa,False,55 Cancri e,32.0,False,0.0,1968.0,13.0,1051.0,476.35311409149364,True,D,S,3508.353114091494
Mars,False,TRAPPIST-1e,51.0,False,1671.0,0.0,17.0,0.0,0.0,False,F,P,1688.0
Mars,False,TRAPPIST-1e,43.0,False,2019.0,0.0,560.0,0.0,0.0,False,D,S,2579.0
Europa,True,55 Cancri e,25.0,False,0.0,0.0,0.0,0.0,0.0,True,B,S,0.0
Earth,False,TRAPPIST-1e,31.0,False,0.0,0.0,187.0,602.0,0.0,False,E,S,789.0
Earth,False,PSO J318.5-22,13.0,False,0.0,14.0,857.0,0.0,72.0,False,F,S,943.0
Earth,False,TRAPPIST-1e,20.0,False,546.0,0.0,228.0,0.0,0.0,False,G,S,774.0
Earth,False,TRAPPIST-1e,29.0,False,1356.0,20.0,0.0,13.0,0.0,False,F,S,1389.0
Earth,True,TRAPPIST-1e,16.0,False,0.0,0.0,0.0,0.0,0.0,False,G,S,0.0
Earth,False,TRAPPIST-1e,15.0,False,0.0,2347.0,0.0,380.0,0.0,True,F,S,2727.0
Earth,False,TRAPPIST-1e,50.0,False,0.0,5.0,0.0,2170.0,0.0,False,F,P,2175.0
Europa,False,55 Cancri e,41.0,True,0.0,29813.0,0.0,1257.0,6.0,True,A,S,31076.0
Europa,False,TRAPPIST-1e,43.0,False,2.0,2229.0,33.0,6.0,198.0,True,A,S,2468.0
Europa,True,TRAPPIST-1e,32.0,False,0.0,0.0,0.0,0.0,0.0,True,A,S,0.0
Europa,False,TRAPPIST-1e,36.0,False,0.0,3206.0,0.0,698.0,72.0,False,A,S,3976.0
Earth,True,55 Cancri e,18.0,False,0.0,0.0,0.0,0.0,0.0,True,F,S,0.0
Earth,False,TRAPPIST-1e,47.0,False,0.0,0.0,880.0,0.0,2.0,True,G,S,882.0
Earth,True,PSO J318.5-22,29.0,False,0.0,0.0,0.0,0.0,0.0,True,G,P,0.0
Earth,False,TRAPPIST-1e,27.0,False,0.0,86.0,0.0,252.0,570.0,False,G,S,908.0
Earth,False,TRAPPIST-1e,14.0,False,0.0,600.0,0.0,204.0,0.0,True,F,S,804.0
Earth,True,PSO J318.5-22,25.0,False,0.0,0.0,0.0,0.0,0.0,False,G,P,0.0
Mars,False,TRAPPIST-1e,63.0,False,1172.0,0.0,1.0,485.74408365437534,0.0,False,E,S,1658.7440836543753
Earth,False,TRAPPIST-1e,22.0,False,48.0,329.0,182.0,26.0,154.0,False,F,S,739.0
Mars,False,TRAPPIST-1e,32.0,False,2.0,416.0,26.0,510.0,0.0,False,E,S,954.0
Earth,False,55 Cancri e,31.0,False,0.0,14.0,671.0,1.0,3.0,False,F,S,689.0
Earth,False,TRAPPIST-1e,24.0,False,0.0,1220.0,0.0,140.0,0.0,False,F,S,1360.0
Earth,False,TRAPPIST-1e,39.0,False,9.0,18.0,0.0,2.0,878.0,False,G,P,907.0
Mars,True,55 Cancri e,20.0,False,0.0,0.0,0.0,0.0,0.0,True,F,P,0.0
Mars,True,55 Cancri e,20.0,False,0.0,0.0,0.0,0.0,0.0,True,F,P,0.0
Mars,False,TRAPPIST-1e,19.0,False,0.0,0.0,0.0,0.0,0.0,False,E,P,0.0
Mars,False,55 Cancri e,20.0,False,552.0,8.0,1348.0,5.0,476.35311409149364,False,E,P,2389.353114091494
Mars,False,TRAPPIST-1e,31.0,False,21.0,0.0,1031.0,0.0,476.35311409149364,False,D,P,1528.3531140914936
Mars,True,55 Cancri e,17.0,False,0.0,0.0,0.0,0.0,0.0,True,F,P,0.0
Mars,False,TRAPPIST-1e,24.0,False,2538.0,0.0,61.0,0.0,0.0,False,F,P,2599.0
Earth,False,TRAPPIST-1e,27.0,False,203.0,539.0,0.0,0.0,0.0,False,F,P,742.0
Europa,False,55 Cancri e,28.0,False,0.0,162.0,741.0,3733.0,99.0,True,C,S,4735.0
Europa,True,TRAPPIST-1e,41.0,False,0.0,0.0,0.0,0.0,0.0,True,C,S,0.0
Europa,True,55 Cancri e,25.0,False,0.0,0.0,0.0,0.0,0.0,True,A,S,0.0
Earth,False,PSO J318.5-22,26.0,False,93.0,0.0,469.0,0.0,0.0,True,F,S,562.0
Earth,False,TRAPPIST-1e,27.0,False,485.0,1109.0,921.0,0.0,1.0,False,F,P,2516.0
Earth,False,TRAPPIST-1e,22.0,False,38.0,483.0,80.0,47.0,121.0,True,G,P,769.0
Europa,False,55 Cancri e,62.0,False,320.0,1179.0,756.0,4996.0,85.0,False,A,S,7336.0
Europa,False,TRAPPIST-1e,58.0,False,2.0,1.0,14.0,2.0,1153.0,False,A,S,1172.0
Earth,False,TRAPPIST-1e,37.0,False,0.0,1368.0,0.0,485.74408365437534,960.0,False,G,P,2813.7440836543756
Earth,False,TRAPPIST-1e,54.0,False,701.0,32.0,171.0,8.0,0.0,False,G,S,912.0
Earth,False,TRAPPIST-1e,26.0,False,0.0,10.0,0.0,702.0,1.0,False,F,P,713.0
Europa,True,55 Cancri e,44.0,False,0.0,0.0,0.0,0.0,0.0,True,C,P,0.0
Europa,True,TRAPPIST-1e,34.0,False,0.0,0.0,0.0,0.0,0.0,True,C,P,0.0
Earth,True,TRAPPIST-1e,47.0,False,0.0,0.0,0.0,0.0,0.0,True,G,S,0.0
Europa,False,TRAPPIST-1e,27.0,True,0.0,3341.0,270.12864211105006,80.0,654.0,True,C,P,4345.12864211105
Europa,True,55 Cancri e,22.0,False,0.0,0.0,0.0,0.0,0.0,True,B,P,0.0
Earth,True,TRAPPIST-1e,46.0,False,0.0,0.0,0.0,0.0,0.0,True,G,P,0.0
Earth,False,TRAPPIST-1e,29.0,False,0.0,0.0,885.0,0.0,0.0,True,F,S,885.0
Earth,False,55 Cancri e,43.0,False,485.0,4.0,136.0,48.0,0.0,False,G,P,673.0
Earth,False,TRAPPIST-1e,42.0,False,0.0,0.0,32.0,772.0,0.0,False,F,P,804.0
Earth,False,TRAPPIST-1e,39.0,False,0.0,0.0,13.0,0.0,868.0,True,F,S,881.0
Mars,False,TRAPPIST-1e,30.0,False,616.0,0.0,185.0,210.0,475.0,False,F,P,1486.0
Mars,False,TRAPPIST-1e,43.0,False,2318.0,0.0,647.0,81.0,0.0,True,E,S,3046.0
Earth,True,TRAPPIST-1e,19.0,False,0.0,0.0,0.0,0.0,0.0,False,G,P,0.0
Mars,True,TRAPPIST-1e,26.0,False,0.0,0.0,0.0,0.0,0.0,True,F,P,0.0
Mars,False,TRAPPIST-1e,46.0,False,171.0,0.0,1257.0,5.0,0.0,True,F,P,1433.0
Earth,False,TRAPPIST-1e,3.0,False,0.0,0.0,0.0,0.0,0.0,True,G,P,0.0
Earth,True,55 Cancri e,21.0,False,0.0,0.0,0.0,0.0,0.0,True,F,S,0.0
Earth,False,TRAPPIST-1e,1.0,False,0.0,0.0,0.0,0.0,0.0,True,G,P,0.0
Earth,False,TRAPPIST-1e,22.0,False,0.0,0.0,0.0,10.0,778.0,False,E,S,788.0
Europa,True,55 Cancri e,27.0,False,0.0,0.0,0.0,0.0,0.0,True,C,P,0.0
Europa,True,55 Cancri e,28.0,False,0.0,0.0,0.0,0.0,0.0,True,C,P,0.0
Mars,False,PSO J318.5-22,36.0,False,241.0,0.0,670.0,0.0,0.0,False,F,P,911.0
Earth,False,TRAPPIST-1e,19.0,False,26.0,313.0,470.0,0.0,0.0,False,G,S,809.0
Europa,True,55 Cancri e,18.0,False,0.0,0.0,0.0,0.0,0.0,True,C,P,0.0
Europa,False,55 Cancri e,47.0,False,0.0,140.0,270.12864211105006,85.0,3970.0,False,B,S,4465.12864211105
Europa,False,TRAPPIST-1e,18.0,False,20.0,1064.0,0.0,0.0,11643.0,False,B,S,12727.0
Earth,False,TRAPPIST-1e,6.0,False,0.0,0.0,0.0,0.0,0.0,True,E,P,0.0
Earth,False,TRAPPIST-1e,20.0,False,0.0,544.0,1.0,0.0,378.0,False,F,P,923.0
Mars,False,TRAPPIST-1e,18.0,False,262.0,302.0,1127.0,4225.0,0.0,False,F,P,5916.0
Earth,False,TRAPPIST-1e,37.0,False,0.0,1.0,0.0,219.0,476.35311409149364,False,F,P,696.3531140914936
Earth,False,TRAPPIST-1e,22.0,False,12.0,746.0,802.0,58.0,0.0,False,E,S,1618.0
Mars,False,TRAPPIST-1e,37.0,False,20.0,0.0,2559.0,20.0,0.0,True,F,P,2599.0
Earth,False,55 Cancri e,6.0,False,0.0,0.0,0.0,485.74408365437534,0.0,False,G,S,485.74408365437534
Earth,False,TRAPPIST-1e,36.0,False,3.0,0.0,435.0,8.0,277.0,False,G,S,723.0
Earth,False,55 Cancri e,46.0,False,426.0,37.0,0.0,0.0,568.0,False,F,S,1031.0
Earth,False,TRAPPIST-1e,75.0,False,0.0,0.0,1224.0,485.74408365437534,1769.0,False,F,P,3478.7440836543756
Earth,False,TRAPPIST-1e,37.0,False,0.0,8.0,70.0,360.0,258.0,False,F,P,696.0
Earth,True,TRAPPIST-1e,22.0,False,0.0,0.0,0.0,0.0,0.0,True,G,P,0.0
Earth,False,PSO J318.5-22,33.0,False,270.0,412.0,1.0,485.74408365437534,5.0,False,F,P,1173.7440836543753
Mars,False,TRAPPIST-1e,35.0,False,174.0,0.0,381.0,0.0,62.0,False,F,S,617.0
Europa,False,55 Cancri e,19.0,False,0.0,714.4862536656891,0.0,0.0,8195.0,False,C,P,8909.48625366569
Europa,False,55 Cancri e,34.0,False,0.0,22.0,270.12864211105006,3028.0,3768.0,False,C,P,7088.12864211105
Earth,False,TRAPPIST-1e,23.0,False,1010.0,0.0,33.0,10.0,0.0,True,F,S,1053.0
Earth,False,55 Cancri e,37.0,False,1508.0,714.4862536656891,0.0,1.0,0.0,False,G,S,2223.486253665689
Earth,False,55 Cancri e,24.0,False,1367.0,0.0,1.0,0.0,0.0,False,F,S,1368.0
Europa,False,TRAPPIST-1e,54.0,True,0.0,3381.0,0.0,4463.0,34.0,False,A,P,7878.0
Mars,False,55 Cancri e,52.0,False,1377.0,0.0,32.0,22.0,0.0,True,F,P,1431.0
Earth,True,TRAPPIST-1e,60.0,False,0.0,0.0,0.0,0.0,0.0,False,G,S,0.0
Europa,False,TRAPPIST-1e,1.0,False,0.0,0.0,0.0,0.0,0.0,True,C,P,0.0
Europa,False,TRAPPIST-1e,27.0,False,0.0,0.0,0.0,0.0,0.0,True,C,P,0.0
Europa,False,TRAPPIST-1e,22.0,False,0.0,297.0,3.0,676.0,2924.0,False,C,P,3900.0
Europa,False,55 Cancri e,27.0,False,0.0,12077.0,0.0,75.0,0.0,True,C,P,12152.0
Europa,True,55 Cancri e,48.0,False,0.0,0.0,0.0,0.0,0.0,True,C,P,0.0
Europa,False,55 Cancri e,47.0,False,1320.0,428.0,4.0,24.0,0.0,False,C,P,1776.0
Europa,True,TRAPPIST-1e,25.0,False,0.0,0.0,0.0,0.0,0.0,True,D,S,0.0
Europa,False,55 Cancri e,49.0,False,9.0,2426.0,95.0,1249.0,168.0,False,D,S,3947.0
Europa,False,TRAPPIST-1e,33.0,False,0.0,2012.0,1.0,9124.0,4.0,False,D,S,11141.0
Europa,False,TRAPPIST-1e,67.0,False,0.0,4715.0,0.0,599.0,6.0,True,D,S,5320.0
Earth,True,PSO J318.5-22,5.0,False,0.0,0.0,0.0,0.0,0.0,False,G,P,0.0
Europa,True,55 Cancri e,60.0,False,0.0,0.0,0.0,0.0,0.0,True,D,P,0.0
Europa,True,TRAPPIST-1e,56.0,False,0.0,0.0,0.0,0.0,0.0,True,D,P,0.0
Europa,False,TRAPPIST-1e,59.0,False,0.0,2210.0,0.0,4085.0,11.0,False,D,P,6306.0
Europa,True,TRAPPIST-1e,44.0,False,0.0,0.0,0.0,0.0,0.0,True,D,P,0.0
Earth,False,TRAPPIST-1e,33.0,False,0.0,763.0,1.0,66.0,84.0,False,G,P,914.0
Earth,True,TRAPPIST-1e,28.0,False,0.0,0.0,0.0,0.0,0.0,False,G,S,0.0
Mars,False,TRAPPIST-1e,29.0,False,1365.0,0.0,791.0,210.0,0.0,False,F,P,2366.0
Earth,True,TRAPPIST-1e,13.0,False,0.0,0.0,0.0,0.0,0.0,False,G,S,0.0
Europa,True,55 Cancri e,34.0,False,0.0,0.0,0.0,0.0,0.0,True,B,P,0.0
Earth,True,PSO J318.5-22,45.0,False,0.0,0.0,0.0,0.0,0.0,True,G,S,0.0
Earth,False,TRAPPIST-1e,39.0,False,0.0,454.0,0.0,454.0,0.0,False,G,S,908.0
Earth,False,TRAPPIST-1e,18.0,False,128.0,37.0,626.0,0.0,5.0,False,F,P,796.0
Earth,True,PSO J318.5-22,57.0,False,0.0,0.0,0.0,0.0,0.0,False,G,P,0.0
Earth,False,55 Cancri e,27.0,False,0.0,760.0,0.0,21.0,23.0,False,F,S,804.0
Earth,True,PSO J318.5-22,25.0,False,0.0,0.0,0.0,0.0,0.0,True,G,S,0.0
Earth,True,PSO J318.5-22,22.0,False,0.0,0.0,0.0,0.0,0.0,False,G,S,0.0
Europa,False,TRAPPIST-1e,32.0,False,0.0,4106.0,388.0,892.0,2.0,True,B,P,5388.0
Mars,True,TRAPPIST-1e,29.0,False,0.0,0.0,0.0,0.0,0.0,True,F,P,0.0
Earth,False,TRAPPIST-1e,21.0,False,556.0,0.0,20.0,1589.0,0.0,False,F,S,2165.0
Mars,False,TRAPPIST-1e,16.0,False,0.0,0.0,0.0,0.0,0.0,False,E,P,0.0
Europa,True,55 Cancri e,45.0,False,0.0,0.0,0.0,0.0,0.0,True,A,S,0.0
Europa,False,TRAPPIST-1e,44.0,True,1409.0,910.0,17.0,1452.0,3782.0,False,A,S,7570.0
Earth,True,55 Cancri e,27.0,False,0.0,0.0,0.0,0.0,0.0,True,G,P,0.0
Earth,False,TRAPPIST-1e,26.0,False,14.0,0.0,0.0,857.0,0.0,False,F,P,871.0
Mars,False,TRAPPIST-1e,46.0,False,1290.0,0.0,57.0,0.0,0.0,False,F,P,1347.0
Earth,False,PSO J318.5-22,24.0,False,0.0,0.0,648.0,0.0,0.0,False,F,S,648.0
Earth,False,TRAPPIST-1e,15.0,False,0.0,785.0,0.0,0.0,0.0,True,F,S,785.0
Earth,True,PSO J318.5-22,53.0,False,0.0,0.0,0.0,0.0,0.0,False,G,S,0.0
Earth,False,55 Cancri e,28.0,False,613.0,22.0,0.0,0.0,0.0,False,F,P,635.0
Earth,True,TRAPPIST-1e,11.0,False,0.0,0.0,0.0,0.0,0.0,True,G,P,0.0
Earth,True,TRAPPIST-1e,7.0,False,0.0,0.0,0.0,0.0,0.0,False,G,P,0.0
Earth,True,PSO J318.5-22,0.0,False,0.0,0.0,0.0,0.0,0.0,True,G,P,0.0
Earth,True,55 Cancri e,15.0,False,0.0,0.0,0.0,0.0,0.0,True,G,P,0.0
Earth,False,55 Cancri e,31.0,False,1.0,714.4862536656891,2.0,605.0,0.0,False,G,P,1322.4862536656892
Earth,False,TRAPPIST-1e,9.0,False,350.53903958944284,0.0,0.0,0.0,0.0,False,G,P,350.53903958944284
Europa,False,55 Cancri e,44.0,True,0.0,1223.0,78.0,1418.0,1239.0,False,D,S,3958.0
Earth,False,TRAPPIST-1e,35.0,False,0.0,722.0,0.0,0.0,185.0,False,G,S,907.0
Earth,False,TRAPPIST-1e,30.0,False,27.0,5412.0,86.0,485.74408365437534,0.0,True,G,S,6010.744083654376
Earth,False,55 Cancri e,13.0,False,880.0,0.0,0.0,0.0,0.0,False,F,S,880.0
Mars,False,TRAPPIST-1e,45.0,True,773.0,82.0,0.0,6.0,0.0,False,D,S,861.0
Mars,True,TRAPPIST-1e,4.0,False,0.0,0.0,0.0,0.0,0.0,True,D,S,0.0
Mars,True,TRAPPIST-1e,21.0,False,0.0,0.0,0.0,0.0,0.0,True,D,S,0.0
Earth,False,TRAPPIST-1e,20.0,False,0.0,409.0,994.0,215.0,0.0,False,E,P,1618.0
Earth,True,TRAPPIST-1e,24.0,False,0.0,0.0,0.0,0.0,0.0,True,G,P,0.0
Earth,True,PSO J318.5-22,3.0,False,0.0,0.0,0.0,0.0,0.0,False,G,P,0.0
Earth,False,TRAPPIST-1e,29.0,False,0.0,0.0,792.0,0.0,0.0,True,F,P,792.0
Europa,False,TRAPPIST-1e,28.0,False,2416.0,8926.0,41.0,1.0,462.0,True,C,S,11846.0
Earth,False,TRAPPIST-1e,44.0,False,0.0,4.0,6.0,864.0,33.0,True,G,P,907.0
Europa,True,TRAPPIST-1e,50.0,False,0.0,0.0,0.0,0.0,0.0,True,D,P,0.0
Mars,True,TRAPPIST-1e,35.0,False,0.0,0.0,0.0,0.0,0.0,False,F,P,0.0
Earth,False,TRAPPIST-1e,19.0,False,0.0,0.0,1.0,644.0,0.0,False,F,P,645.0
Mars,False,TRAPPIST-1e,22.0,False,579.0,0.0,267.0,0.0,108.0,False,E,P,954.0
Earth,False,TRAPPIST-1e,30.0,False,3.0,0.0,880.0,0.0,40.0,False,F,P,923.0
Europa,False,TRAPPIST-1e,36.0,False,0.0,4756.0,0.0,7818.0,96.0,False,D,S,12670.0
Mars,False,TRAPPIST-1e,20.0,False,464.0,0.0,1432.0,0.0,0.0,True,E,S,1896.0
Earth,False,55 Cancri e,22.0,False,0.0,0.0,659.0,94.0,0.0,True,G,P,753.0
Earth,False,55 Cancri e,22.0,False,0.0,30.0,0.0,0.0,673.0,False,F,S,703.0
Europa,True,PSO J318.5-22,32.0,False,0.0,0.0,0.0,0.0,0.0,True,C,P,0.0
Earth,False,TRAPPIST-1e,35.0,False,194.0,0.0,678.0,0.0,0.0,False,F,P,872.0
Earth,False,55 Cancri e,41.0,False,0.0,33.0,0.0,1324.0,0.0,False,F,P,1357.0
Earth,True,TRAPPIST-1e,57.0,False,0.0,0.0,0.0,0.0,0.0,False,G,S,0.0
Earth,True,PSO J318.5-22,3.0,False,0.0,0.0,0.0,0.0,0.0,False,G,S,0.0
Earth,False,55 Cancri e,11.0,False,0.0,0.0,0.0,0.0,0.0,True,G,S,0.0
Earth,False,TRAPPIST-1e,4.0,False,0.0,0.0,0.0,0.0,0.0,True,G,S,0.0
Earth,True,TRAPPIST-1e,17.0,False,0.0,0.0,0.0,0.0,0.0,False,G,S,0.0
Earth,True,TRAPPIST-1e,30.0,False,0.0,0.0,0.0,0.0,0.0,False,G,S,0.0
Earth,True,TRAPPIST-1e,11.0,False,0.0,0.0,0.0,0.0,0.0,True,F,S,0.0
Mars,False,TRAPPIST-1e,23.0,False,1773.0,0.0,78.0,0.0,3.0,False,F,S,1854.0
Earth,False,TRAPPIST-1e,58.0,False,350.53903958944284,400.0,0.0,690.0,490.0,True,E,P,1930.5390395894428
Earth,False,TRAPPIST-1e,22.0,False,0.0,46.0,0.0,676.0,0.0,False,G,S,722.0
Earth,False,TRAPPIST-1e,24.0,False,0.0,0.0,270.12864211105006,59.0,4120.0,False,G,P,4449.12864211105
Earth,False,TRAPPIST-1e,20.0,False,768.0,19.0,0.0,1.0,0.0,False,E,P,788.0
Earth,True,TRAPPIST-1e,37.0,False,0.0,0.0,0.0,0.0,0.0,True,G,P,0.0
Earth,False,TRAPPIST-1e,49.0,False,712.0,1.0,0.0,0.0,476.35311409149364,False,G,P,1189.3531140914936
Earth,False,TRAPPIST-1e,46.0,False,0.0,557.0,0.0,287.0,781.0,False,E,S,1625.0
Earth,False,TRAPPIST-1e,30.0,False,854.0,0.0,30.0,0.0,0.0,False,G,S,884.0
Earth,False,55 Cancri e,36.0,False,0.0,810.0,0.0,0.0,0.0,False,G,S,810.0
Earth,False,TRAPPIST-1e,21.0,False,0.0,780.0,44.0,0.0,5.0,False,F,P,829.0
Mars,False,TRAPPIST-1e,25.0,True,854.0,0.0,319.0,0.0,0.0,False,E,S,1173.0
Earth,True,PSO J318.5-22,42.0,False,0.0,0.0,0.0,0.0,0.0,True,G,P,0.0
Earth,True,TRAPPIST-1e,13.0,False,0.0,0.0,0.0,0.0,0.0,False,G,P,0.0
Earth,False,TRAPPIST-1e,25.0,False,7.0,0.0,0.0,877.0,0.0,False,G,S,884.0
Europa,False,TRAPPIST-1e,29.0,False,0.0,544.0,7.0,2650.0,1561.0,False,C,S,4762.0
Europa,True,TRAPPIST-1e,17.0,False,0.0,0.0,0.0,0.0,0.0,True,C,S,0.0
Europa,False,55 Cancri e,36.0,False,828.0,5553.0,130.0,47.0,1171.0,True,C,S,7729.0
Earth,True,TRAPPIST-1e,44.0,False,0.0,0.0,0.0,0.0,0.0,True,C,S,0.0
Mars,True,TRAPPIST-1e,18.0,False,0.0,0.0,0.0,0.0,0.0,True,F,S,0.0
Earth,False,55 Cancri e,22.0,False,292.0,395.0,0.0,0.0,3.0,False,F,P,690.0
Earth,True,TRAPPIST-1e,22.0,False,0.0,0.0,0.0,0.0,0.0,True,G,P,0.0
Earth,True,TRAPPIST-1e,43.0,False,0.0,0.0,0.0,0.0,0.0,True,G,P,0.0
Earth,False,TRAPPIST-1e,29.0,False,19.0,2115.0,17.0,485.74408365437534,0.0,True,F,P,2636.7440836543756
Earth,True,TRAPPIST-1e,24.0,False,0.0,0.0,0.0,0.0,0.0,True,G,P,0.0
Earth,True,PSO J318.5-22,18.0,False,0.0,0.0,0.0,0.0,0.0,True,G,S,0.0
Europa,False,TRAPPIST-1e,42.0,False,0.0,1829.0,2.0,3133.0,2447.0,False,T,P,7411.0
Earth,False,TRAPPIST-1e,43.0,False,9.0,0.0,1079.0,0.0,729.0,False,G,S,1817.0
Earth,False,TRAPPIST-1e,32.0,False,11.0,31.0,0.0,836.0,9.0,False,G,P,887.0
Earth,True,TRAPPIST-1e,15.0,False,0.0,0.0,0.0,0.0,0.0,True,G,P,0.0
Mars,False,TRAPPIST-1e,22.0,False,0.0,0.0,0.0,0.0,0.0,True,E,P,0.0
Earth,True,TRAPPIST-1e,20.0,False,0.0,0.0,0.0,0.0,0.0,False,G,P,0.0
Earth,False,TRAPPIST-1e,34.0,False,34.0,223.0,1559.0,0.0,0.0,True,G,S,1816.0
Mars,True,TRAPPIST-1e,70.0,False,0.0,0.0,0.0,0.0,0.0,True,F,S,0.0
Mars,True,TRAPPIST-1e,18.0,False,0.0,0.0,0.0,0.0,0.0,True,F,S,0.0
Europa,True,TRAPPIST-1e,26.0,False,0.0,0.0,0.0,0.0,0.0,True,B,S,0.0
Earth,False,TRAPPIST-1e,17.0,False,112.0,56.0,332.0,0.0,606.0,False,F,P,1106.0
Earth,False,TRAPPIST-1e,13.0,False,0.0,2.0,0.0,566.0,208.0,False,F,P,776.0
Earth,False,TRAPPIST-1e,19.0,False,0.0,0.0,79.0,485.74408365437534,0.0,False,F,P,564.7440836543753
Europa,True,TRAPPIST-1e,32.0,False,0.0,0.0,0.0,0.0,0.0,True,C,P,0.0
Earth,False,TRAPPIST-1e,33.0,False,4.0,0.0,28.0,0.0,2757.0,False,F,S,2789.0
Earth,False,TRAPPIST-1e,21.0,False,759.0,0.0,0.0,485.74408365437534,40.0,False,F,P,1284.7440836543753
Mars,True,TRAPPIST-1e,23.0,False,0.0,0.0,0.0,0.0,0.0,True,F,P,0.0
Earth,False,TRAPPIST-1e,24.0,False,227.0,537.0,13.0,0.0,0.0,True,F,P,777.0
Earth,False,55 Cancri e,17.0,False,0.0,11.0,493.0,0.0,372.0,False,F,S,876.0
Mars,True,TRAPPIST-1e,34.0,False,0.0,0.0,0.0,0.0,0.0,True,F,P,0.0
Earth,False,TRAPPIST-1e,31.0,False,1458.0,421.0,76.0,0.0,0.0,False,D,P,1955.0
Earth,False,55 Cancri e,43.0,False,6.0,236.0,3.0,448.0,54.0,False,F,P,747.0
Earth,False,TRAPPIST-1e,43.0,False,602.0,3.0,27.0,89.0,69.0,False,E,S,790.0
Earth,False,TRAPPIST-1e,33.0,False,0.0,0.0,661.0,0.0,94.0,True,F,P,755.0
Mars,True,TRAPPIST-1e,28.0,False,0.0,0.0,0.0,0.0,0.0,True,F,P,0.0
Mars,True,TRAPPIST-1e,27.0,False,0.0,0.0,0.0,0.0,0.0,False,E,P,0.0
Mars,True,TRAPPIST-1e,7.0,False,0.0,0.0,0.0,0.0,0.0,True,F,P,0.0
Earth,True,PSO J318.5-22,16.0,False,0.0,0.0,0.0,0.0,0.0,False,G,S,0.0
Earth,False,55 Cancri e,42.0,False,526.0,2.0,28.0,161.0,476.35311409149364,False,F,S,1193.3531140914936
Mars,True,TRAPPIST-1e,27.0,False,0.0,0.0,0.0,0.0,0.0,True,E,P,0.0
Earth,False,TRAPPIST-1e,19.0,False,0.0,0.0,0.0,157.0,644.0,False,F,P,801.0
Mars,False,TRAPPIST-1e,42.0,False,554.0,0.0,1168.0,0.0,275.0,False,F,S,1997.0
Earth,True,PSO J318.5-22,13.0,False,0.0,0.0,0.0,0.0,0.0,False,G,P,0.0
Earth,True,TRAPPIST-1e,16.0,False,0.0,0.0,0.0,0.0,0.0,True,G,P,0.0
Earth,False,TRAPPIST-1e,21.0,False,31.0,93.0,578.0,0.0,0.0,True,F,P,702.0
Earth,True,PSO J318.5-22,28.0,False,0.0,0.0,0.0,0.0,0.0,True,G,P,0.0
Earth,True,TRAPPIST-1e,69.0,False,0.0,0.0,0.0,0.0,0.0,False,G,S,0.0
Earth,True,PSO J318.5-22,15.0,False,0.0,0.0,0.0,0.0,0.0,False,G,S,0.0
Earth,False,TRAPPIST-1e,48.0,False,58.0,0.0,12.0,485.74408365437534,0.0,False,E,S,555.7440836543753
Earth,False,TRAPPIST-1e,42.0,False,350.53903958944284,1.0,61.0,897.0,0.0,False,F,S,1309.5390395894428
Mars,False,TRAPPIST-1e,42.0,False,999.0,0.0,49.0,0.0,11.0,False,D,S,1059.0
Earth,False,TRAPPIST-1e,23.0,False,139.0,0.0,0.0,567.0,0.0,False,G,S,706.0
Earth,False,TRAPPIST-1e,26.0,False,0.0,714.4862536656891,0.0,543.0,476.35311409149364,False,G,S,1733.8393677571828
Earth,False,TRAPPIST-1e,45.0,False,0.0,0.0,450.0,94.0,364.0,False,G,P,908.0
Earth,False,TRAPPIST-1e,30.0,False,756.0,4.0,30.0,0.0,0.0,False,E,S,790.0
Mars,True,TRAPPIST-1e,36.0,False,0.0,0.0,0.0,0.0,0.0,True,F,S,0.0
Europa,False,TRAPPIST-1e,27.0,False,0.0,27.0,0.0,3573.0,3643.0,False,C,P,7243.0
Earth,False,TRAPPIST-1e,35.0,False,0.0,0.0,1.0,0.0,1264.0,False,F,P,1265.0
Europa,True,TRAPPIST-1e,21.0,False,0.0,0.0,0.0,0.0,0.0,True,C,P,0.0
Europa,True,55 Cancri e,50.0,False,0.0,0.0,0.0,0.0,0.0,True,C,P,0.0
Earth,True,TRAPPIST-1e,52.0,False,0.0,0.0,0.0,0.0,0.0,False,G,P,0.0
Earth,True,PSO J318.5-22,21.0,False,0.0,0.0,0.0,0.0,0.0,False,F,S,0.0
Earth,False,55 Cancri e,41.0,False,682.0,0.0,0.0,0.0,17.0,False,F,S,699.0
Earth,False,55 Cancri e,35.0,False,2594.0,195.0,0.0,0.0,0.0,False,F,S,2789.0
Earth,False,TRAPPIST-1e,26.0,False,552.0,192.0,30.0,0.0,1.0,False,F,P,775.0
Earth,False,TRAPPIST-1e,17.0,False,584.0,738.0,54.0,0.0,621.0,False,F,P,1997.0
Mars,False,TRAPPIST-1e,69.0,False,4483.0,0.0,525.0,0.0,500.0,False,D,S,5508.0
Europa,True,TRAPPIST-1e,27.0,False,0.0,0.0,0.0,0.0,0.0,True,B,P,0.0
Earth,False,PSO J318.5-22,25.0,False,2.0,2762.0,552.0,0.0,1391.0,False,G,S,4707.0
Mars,True,TRAPPIST-1e,27.0,False,0.0,0.0,0.0,0.0,0.0,True,F,S,0.0
Earth,False,TRAPPIST-1e,25.0,False,64.0,0.0,0.0,660.0,0.0,False,F,S,724.0
Earth,False,55 Cancri e,36.0,False,0.0,0.0,0.0,33.0,619.0,False,F,S,652.0
Earth,False,TRAPPIST-1e,14.0,False,148.0,0.0,34.0,808.0,0.0,False,E,S,990.0
Europa,True,55 Cancri e,27.0,False,0.0,0.0,0.0,0.0,0.0,True,C,S,0.0
Earth,False,TRAPPIST-1e,22.0,False,272.0,44.0,0.0,1064.0,418.0,False,G,S,1798.0
Earth,False,TRAPPIST-1e,24.0,False,873.0,12.0,1.0,0.0,3.0,False,G,S,889.0
Mars,False,TRAPPIST-1e,27.0,False,311.0,0.0,745.0,232.0,0.0,False,F,P,1288.0
Mars,False,TRAPPIST-1e,4.0,False,0.0,0.0,0.0,0.0,0.0,True,F,P,0.0
Earth,False,TRAPPIST-1e,19.0,False,0.0,13.0,291.0,481.0,2.0,False,E,P,787.0
Earth,False,TRAPPIST-1e,19.0,False,0.0,5.0,4.0,541.0,238.0,False,E,P,788.0
Earth,False,55 Cancri e,38.0,False,0.0,2506.0,46.0,11001.0,5.0,False,A,P,13558.0
Europa,True,55 Cancri e,39.0,False,0.0,0.0,0.0,0.0,0.0,True,A,P,0.0
Europa,False,55 Cancri e,23.0,False,36.0,2467.0,0.0,381.0,803.0,False,A,P,3687.0
Europa,True,55 Cancri e,57.0,False,0.0,0.0,0.0,0.0,0.0,True,D,S,0.0
Europa,True,TRAPPIST-1e,18.0,False,0.0,0.0,0.0,0.0,0.0,True,D,S,0.0
Earth,False,TRAPPIST-1e,43.0,False,0.0,9.0,1145.0,0.0,0.0,False,F,S,1154.0
Mars,False,TRAPPIST-1e,28.0,False,34.0,0.0,1342.0,91.0,0.0,True,F,P,1467.0
Europa,False,55 Cancri e,33.0,False,0.0,8759.0,0.0,2788.0,4513.0,False,C,S,16060.0
Europa,True,55 Cancri e,37.0,False,0.0,0.0,0.0,0.0,0.0,True,C,S,0.0
Earth,False,TRAPPIST-1e,28.0,False,0.0,55.0,0.0,656.0,0.0,False,F,S,711.0
Europa,False,55 Cancri e,28.0,True,2.0,2144.0,0.0,435.0,5872.0,False,B,S,8453.0
Europa,True,55 Cancri e,18.0,False,0.0,0.0,0.0,0.0,0.0,True,B,S,0.0
Earth,False,55 Cancri e,29.0,False,75.0,17.0,0.0,211.0,506.0,False,G,P,809.0
Europa,True,TRAPPIST-1e,29.0,False,0.0,0.0,0.0,0.0,0.0,True,C,P,0.0
Europa,True,55 Cancri e,28.0,False,0.0,0.0,0.0,0.0,0.0,True,C,P,0.0
Earth,False,TRAPPIST-1e,24.0,False,172.0,775.0,344.0,0.0,0.0,True,F,S,1291.0
Europa,False,TRAPPIST-1e,59.0,False,0.0,5407.0,0.0,285.0,1135.0,False,C,P,6827.0
Mars,True,TRAPPIST-1e,43.0,False,0.0,0.0,0.0,0.0,0.0,False,E,P,0.0
Mars,True,TRAPPIST-1e,20.0,False,0.0,0.0,0.0,0.0,0.0,True,F,P,0.0
Europa,True,55 Cancri e,23.0,False,0.0,0.0,0.0,0.0,0.0,True,B,P,0.0
Europa,True,55 Cancri e,27.0,False,0.0,0.0,0.0,0.0,0.0,True,D,P,0.0
Europa,True,55 Cancri e,38.0,False,0.0,0.0,0.0,0.0,0.0,True,B,P,0.0
Earth,True,PSO J318.5-22,38.0,False,0.0,0.0,0.0,0.0,0.0,True,G,S,0.0
Mars,False,TRAPPIST-1e,48.0,False,639.0,412.0,110.0,0.0,0.0,True,F,S,1161.0
Mars,False,TRAPPIST-1e,25.0,False,1734.0,1.0,189.0,1.0,0.0,False,F,S,1925.0
Earth,True,PSO J318.5-22,25.0,False,0.0,0.0,0.0,0.0,0.0,True,G,P,0.0
Mars,False,TRAPPIST-1e,24.0,False,737.0,37.0,1682.0,0.0,0.0,False,F,S,2456.0
Mars,True,TRAPPIST-1e,69.0,False,0.0,0.0,0.0,0.0,0.0,True,F,S,0.0
Europa,False,55 Cancri e,20.0,False,0.0,646.0,0.0,485.74408365437534,1425.0,False,B,P,2556.7440836543756
Europa,True,55 Cancri e,18.0,False,0.0,0.0,0.0,0.0,0.0,True,B,P,0.0
Earth,True,TRAPPIST-1e,28.0,False,0.0,0.0,0.0,0.0,0.0,False,G,P,0.0
Earth,False,PSO J318.5-22,23.0,False,0.0,9.0,292.0,35.0,349.0,True,E,P,685.0
Mars,False,TRAPPIST-1e,24.0,False,345.0,0.0,451.0,0.0,582.0,False,E,S,1378.0
Europa,False,TRAPPIST-1e,44.0,False,0.0,1482.0,127.0,1555.0,1257.0,False,B,P,4421.0
Mars,False,TRAPPIST-1e,29.0,False,834.0,0.0,28.0,117.0,41.0,False,E,P,1020.0
Europa,False,55 Cancri e,6.0,False,0.0,0.0,0.0,0.0,0.0,True,B,S,0.0
Europa,False,TRAPPIST-1e,42.0,False,41.0,1912.0,0.0,1899.0,43.0,False,B,S,3895.0
Earth,True,55 Cancri e,78.0,False,0.0,0.0,0.0,0.0,0.0,False,G,P,0.0
Earth,False,TRAPPIST-1e,36.0,False,548.0,179.0,24.0,0.0,77.0,False,F,S,828.0
Europa,False,55 Cancri e,37.0,False,0.0,100.0,0.0,1402.0,1462.0,False,F,S,2964.0
Europa,False,55 Cancri e,41.0,False,0.0,12809.0,2.0,2835.0,1514.0,True,A,P,17160.0
Earth,False,TRAPPIST-1e,18.0,False,852.0,48.0,0.0,7.0,0.0,False,G,S,907.0
Mars,False,TRAPPIST-1e,62.0,False,1663.0,0.0,23.0,2.0,12.0,False,F,P,1700.0
Mars,False,TRAPPIST-1e,0.0,False,0.0,0.0,0.0,0.0,0.0,True,F,P,0.0
Mars,False,TRAPPIST-1e,55.0,False,1281.0,0.0,7.0,1.0,0.0,False,F,P,1289.0
Earth,True,TRAPPIST-1e,16.0,False,0.0,0.0,0.0,0.0,0.0,True,G,P,0.0
Earth,False,TRAPPIST-1e,32.0,False,238.0,156.0,3.0,2.0,324.0,False,F,P,723.0
Earth,False,TRAPPIST-1e,19.0,False,0.0,1124.0,4.0,0.0,0.0,True,F,S,1128.0
Earth,False,55 Cancri e,7.0,False,0.0,0.0,0.0,0.0,476.35311409149364,True,G,S,476.35311409149364
Earth,False,55 Cancri e,4.0,False,0.0,0.0,0.0,0.0,0.0,True,G,S,0.0
Europa,True,TRAPPIST-1e,30.0,False,0.0,0.0,0.0,0.0,0.0,True,D,S,0.0
Europa,True,55 Cancri e,24.0,False,0.0,0.0,0.0,0.0,0.0,True,B,P,0.0
Europa,True,TRAPPIST-1e,34.0,False,0.0,0.0,0.0,0.0,0.0,True,B,P,0.0
Europa,True,TRAPPIST-1e,30.0,False,0.0,0.0,0.0,0.0,0.0,True,C,S,0.0
Mars,False,TRAPPIST-1e,3.0,False,0.0,0.0,0.0,0.0,0.0,True,F,P,0.0
Mars,True,TRAPPIST-1e,32.0,False,0.0,0.0,0.0,0.0,0.0,True,F,P,0.0
Mars,False,TRAPPIST-1e,55.0,False,403.0,0.0,922.0,0.0,0.0,True,F,P,1325.0
Mars,True,TRAPPIST-1e,0.0,False,0.0,0.0,0.0,0.0,0.0,True,F,P,0.0
Europa,False,TRAPPIST-1e,51.0,False,0.0,1949.0,0.0,2549.0,39.0,False,F,S,4537.0
Earth,True,PSO J318.5-22,0.0,False,0.0,0.0,0.0,0.0,0.0,True,G,P,0.0
Earth,False,TRAPPIST-1e,21.0,False,882.0,0.0,0.0,485.74408365437534,0.0,False,G,P,1367.7440836543753
Earth,False,TRAPPIST-1e,2.0,False,0.0,0.0,0.0,0.0,0.0,False,G,P,0.0
Earth,False,TRAPPIST-1e,19.0,False,194.0,44.0,0.0,549.0,1.0,False,E,S,788.0
Mars,True,TRAPPIST-1e,24.0,False,0.0,0.0,0.0,0.0,0.0,True,F,P,0.0
Mars,False,TRAPPIST-1e,20.0,False,2502.0,0.0,96.0,0.0,0.0,False,F,P,2598.0
Europa,False,TRAPPIST-1e,42.0,False,2.0,3024.0,0.0,89.0,10.0,True,E,S,3125.0
Mars,True,TRAPPIST-1e,17.0,False,0.0,0.0,0.0,0.0,0.0,True,F,P,0.0
Mars,False,TRAPPIST-1e,32.0,False,598.0,0.0,138.0,0.0,624.0,False,E,P,1360.0
Earth,False,TRAPPIST-1e,28.0,False,145.0,8.0,557.0,0.0,74.0,True,G,P,784.0
Europa,True,55 Cancri e,21.0,False,0.0,0.0,0.0,0.0,0.0,True,C,S,0.0
Europa,True,55 Cancri e,56.0,True,0.0,0.0,0.0,0.0,0.0,True,C,S,0.0
Europa,True,55 Cancri e,28.0,False,0.0,0.0,0.0,0.0,0.0,True,C,P,0.0
Earth,False,TRAPPIST-1e,42.0,False,10.0,303.0,12.0,0.0,478.0,False,F,S,803.0
Earth,False,TRAPPIST-1e,18.0,False,1153.0,0.0,0.0,1409.0,195.0,False,F,S,2757.0
Earth,False,TRAPPIST-1e,24.0,False,19.0,676.0,0.0,26.0,0.0,False,G,S,721.0
Earth,False,TRAPPIST-1e,20.0,False,496.0,20.0,16.0,0.0,254.0,False,E,P,786.0
Earth,False,TRAPPIST-1e,22.0,False,26.0,0.0,0.0,0.0,733.0,False,F,P,759.0
Earth,False,TRAPPIST-1e,22.0,False,98.0,0.0,46.0,641.0,0.0,False,G,P,785.0
Earth,False,PSO J318.5-22,21.0,False,0.0,0.0,270.12864211105006,0.0,0.0,False,G,P,270.12864211105006
Earth,False,TRAPPIST-1e,28.0,False,4.0,166.0,743.0,0.0,0.0,True,G,P,913.0
Europa,True,TRAPPIST-1e,26.0,False,0.0,0.0,0.0,0.0,0.0,True,C,P,0.0
Europa,True,55 Cancri e,50.0,False,0.0,0.0,0.0,0.0,0.0,True,C,P,0.0
Europa,False,TRAPPIST-1e,26.0,False,0.0,8150.0,0.0,3508.0,99.0,False,C,P,11757.0
Europa,False,TRAPPIST-1e,30.0,True,0.0,632.0,0.0,673.0,2272.0,False,C,P,3577.0
Europa,True,TRAPPIST-1e,29.0,False,0.0,0.0,0.0,0.0,0.0,True,C,P,0.0
Earth,False,TRAPPIST-1e,8.0,False,0.0,0.0,0.0,0.0,0.0,False,G,P,0.0
Earth,False,TRAPPIST-1e,45.0,False,406.0,148.0,285.0,0.0,0.0,False,G,P,839.0
Earth,True,PSO J318.5-22,35.0,False,0.0,0.0,0.0,0.0,0.0,True,G,P,0.0
Earth,False,PSO J318.5-22,18.0,False,9.0,419.0,0.0,201.0,7.0,False,F,S,636.0
Earth,False,TRAPPIST-1e,23.0,False,0.0,121.0,0.0,568.0,128.0,False,G,S,817.0
Mars,False,TRAPPIST-1e,29.0,True,803.0,0.0,0.0,58.0,0.0,False,D,P,861.0
Mars,False,TRAPPIST-1e,18.0,False,1102.0,9.0,2628.0,0.0,0.0,False,D,P,3739.0
Earth,False,TRAPPIST-1e,28.0,False,804.0,2.0,13.0,0.0,62.0,False,G,P,881.0
Europa,True,TRAPPIST-1e,34.0,False,0.0,0.0,0.0,0.0,0.0,True,B,S,0.0
Mars,False,55 Cancri e,0.0,False,0.0,0.0,0.0,0.0,0.0,True,F,P,0.0
Mars,True,TRAPPIST-1e,4.0,False,0.0,0.0,0.0,0.0,0.0,True,F,P,0.0
Mars,False,TRAPPIST-1e,28.0,False,938.0,61.0,0.0,53.0,4.0,False,D,P,1056.0
Mars,False,TRAPPIST-1e,8.0,False,0.0,0.0,0.0,0.0,0.0,True,F,P,0.0
Mars,False,TRAPPIST-1e,20.0,False,59.0,0.0,1646.0,1657.0,0.0,False,D,P,3362.0
Mars,True,TRAPPIST-1e,20.0,False,0.0,0.0,0.0,0.0,0.0,True,F,P,0.0
Mars,True,TRAPPIST-1e,25.0,False,0.0,0.0,0.0,0.0,0.0,True,F,S,0.0
Earth,False,55 Cancri e,31.0,False,995.0,7.0,1213.0,0.0,687.0,False,F,S,2902.0
Mars,False,TRAPPIST-1e,37.0,False,27.0,0.0,1131.0,0.0,1318.0,False,F,P,2476.0
Earth,True,TRAPPIST-1e,21.0,False,0.0,0.0,0.0,0.0,0.0,False,F,S,0.0
Mars,True,TRAPPIST-1e,24.0,False,0.0,0.0,0.0,0.0,0.0,True,F,P,0.0
Mars,True,TRAPPIST-1e,34.0,False,0.0,0.0,0.0,0.0,0.0,False,E,P,0.0
Mars,False,55 Cancri e,0.0,False,0.0,0.0,0.0,0.0,0.0,True,E,P,0.0
Mars,True,TRAPPIST-1e,25.0,False,0.0,0.0,0.0,0.0,0.0,False,E,P,0.0
Mars,True,55 Cancri e,43.0,False,0.0,0.0,0.0,0.0,0.0,True,D,S,0.0
Earth,False,TRAPPIST-1e,27.0,False,900.0,0.0,0.0,0.0,1.0,False,F,P,901.0
Earth,False,TRAPPIST-1e,45.0,False,10.0,16.0,801.0,73.0,476.35311409149364,False,F,P,1376.3531140914936
Europa,True,TRAPPIST-1e,63.0,False,0.0,0.0,0.0,0.0,0.0,True,B,S,0.0
Europa,True,TRAPPIST-1e,17.0,False,0.0,0.0,0.0,0.0,0.0,True,B,S,0.0
Europa,False,55 Cancri e,35.0,False,0.0,1471.0,2.0,445.0,533.0,True,B,S,2451.0
Europa,False,TRAPPIST-1e,12.0,False,0.0,0.0,0.0,0.0,0.0,True,B,S,0.0
Earth,True,PSO J318.5-22,27.0,False,0.0,0.0,0.0,0.0,0.0,True,G,S,0.0
Earth,False,TRAPPIST-1e,17.0,False,0.0,604.0,0.0,0.0,218.0,False,F,P,822.0
Earth,False,PSO J318.5-22,32.0,False,59.0,0.0,469.0,0.0,0.0,False,G,P,528.0
Earth,True,TRAPPIST-1e,23.0,False,0.0,0.0,0.0,0.0,0.0,True,E,P,0.0
Earth,False,55 Cancri e,17.0,False,2000.0,0.0,0.0,0.0,0.0,False,F,S,2000.0
Earth,False,55 Cancri e,34.0,False,492.0,0.0,13.0,55.0,0.0,False,F,S,560.0
Earth,False,TRAPPIST-1e,15.0,False,0.0,0.0,875.0,3.0,476.35311409149364,False,F,P,1354.3531140914936
Earth,True,TRAPPIST-1e,14.0,False,0.0,0.0,0.0,0.0,0.0,True,G,P,0.0
Earth,False,TRAPPIST-1e,22.0,False,0.0,1.0,271.0,0.0,1348.0,False,E,P,1620.0
Earth,False,TRAPPIST-1e,19.0,False,232.0,0.0,479.0,0.0,5.0,False,F,P,716.0
Earth,False,PSO J318.5-22,40.0,False,0.0,228.0,5.0,454.0,1.0,False,F,P,688.0
Europa,True,55 Cancri e,25.0,False,0.0,0.0,0.0,0.0,0.0,True,A,P,0.0
Europa,False,55 Cancri e,51.0,False,0.0,6.0,0.0,2085.0,67.0,False,A,P,2158.0
Earth,False,TRAPPIST-1e,22.0,False,91.0,6.0,0.0,17.0,693.0,False,G,P,807.0
Mars,True,55 Cancri e,50.0,False,0.0,0.0,0.0,0.0,0.0,True,F,P,0.0
Earth,False,55 Cancri e,26.0,False,0.0,0.0,0.0,0.0,476.35311409149364,False,G,P,476.35311409149364
Mars,True,TRAPPIST-1e,39.0,False,0.0,0.0,0.0,0.0,0.0,True,F,S,0.0
Mars,False,TRAPPIST-1e,18.0,False,1867.0,0.0,29.0,72.0,476.35311409149364,True,D,P,2444.353114091494
Earth,False,TRAPPIST-1e,22.0,False,350.53903958944284,0.0,137.0,671.0,476.35311409149364,False,G,S,1634.8921536809364
Earth,False,TRAPPIST-1e,26.0,False,0.0,29.0,0.0,759.0,0.0,False,E,S,788.0
Earth,False,TRAPPIST-1e,19.0,False,0.0,0.0,0.0,0.0,1051.0,False,F,S,1051.0
Earth,True,PSO J318.5-22,16.0,False,0.0,0.0,0.0,0.0,0.0,False,G,S,0.0
Earth,False,TRAPPIST-1e,24.0,False,0.0,0.0,17.0,0.0,793.0,False,G,P,810.0
Earth,False,PSO J318.5-22,34.0,False,122.0,0.0,6.0,739.0,0.0,False,F,S,867.0
Europa,False,TRAPPIST-1e,55.0,False,0.0,815.0,1558.0,3.0,1334.0,True,C,S,3710.0
Europa,False,TRAPPIST-1e,42.0,False,3.0,2174.0,0.0,10860.0,2564.0,False,C,S,15601.0
Europa,True,TRAPPIST-1e,14.0,False,0.0,0.0,0.0,0.0,0.0,True,C,S,0.0
Europa,False,55 Cancri e,28.0,False,0.0,3053.0,0.0,839.0,2153.0,True,C,S,6045.0
Europa,True,55 Cancri e,26.0,False,0.0,0.0,0.0,0.0,0.0,True,C,S,0.0
Europa,False,55 Cancri e,33.0,False,0.0,286.0,1795.0,712.0,7041.0,False,B,P,9834.0
Earth,False,TRAPPIST-1e,24.0,False,0.0,0.0,0.0,636.0,68.0,False,F,P,704.0
Earth,False,TRAPPIST-1e,23.0,False,490.0,313.0,0.0,6.0,0.0,False,G,S,809.0
Mars,False,TRAPPIST-1e,16.0,False,46.0,0.0,1994.0,0.0,677.0,False,D,P,2717.0
Earth,True,TRAPPIST-1e,36.0,False,0.0,0.0,0.0,0.0,0.0,False,G,P,0.0
Europa,True,55 Cancri e,44.0,False,0.0,0.0,0.0,0.0,0.0,True,B,S,0.0
Earth,False,TRAPPIST-1e,22.0,False,0.0,0.0,670.0,0.0,32.0,True,F,S,702.0
Earth,True,TRAPPIST-1e,30.0,False,0.0,0.0,0.0,0.0,0.0,False,G,S,0.0
Earth,False,TRAPPIST-1e,20.0,False,0.0,27.0,1.0,686.0,1.0,False,F,S,715.0
Earth,False,TRAPPIST-1e,21.0,False,366.0,1136.0,795.0,132.0,0.0,False,F,P,2429.0
Mars,False,TRAPPIST-1e,14.0,False,350.53903958944284,0.0,0.0,0.0,0.0,True,E,S,350.53903958944284
Earth,False,TRAPPIST-1e,27.0,False,0.0,0.0,270.12864211105006,2.0,1215.0,False,F,P,1487.12864211105
Earth,False,TRAPPIST-1e,19.0,False,1.0,4.0,0.0,750.0,3.0,False,F,S,758.0
Earth,True,TRAPPIST-1e,21.0,False,0.0,0.0,0.0,0.0,0.0,True,G,S,0.0
Mars,False,55 Cancri e,27.0,False,1722.0,4.0,937.0,0.0,0.0,False,F,P,2663.0
Earth,False,55 Cancri e,13.0,False,0.0,0.0,0.0,4.0,811.0,True,F,P,815.0
Mars,True,PSO J318.5-22,71.0,False,0.0,0.0,0.0,0.0,0.0,True,E,S,0.0
Mars,True,TRAPPIST-1e,28.0,False,0.0,0.0,0.0,0.0,0.0,False,E,S,0.0
Mars,False,55 Cancri e,18.0,False,1874.0,0.0,260.0,0.0,0.0,False,E,S,2134.0
Earth,False,55 Cancri e,23.0,False,29.0,34.0,1.0,2838.0,0.0,False,F,S,2902.0
Earth,False,55 Cancri e,34.0,False,0.0,382.0,0.0,87.0,236.0,False,G,S,705.0
Earth,False,TRAPPIST-1e,20.0,False,4.0,790.0,0.0,15.0,0.0,False,G,P,809.0
Earth,False,55 Cancri e,17.0,False,0.0,33.0,0.0,56.0,708.0,False,F,P,797.0
Earth,False,PSO J318.5-22,21.0,False,970.0,0.0,213.0,8.0,86.0,False,F,P,1277.0
Europa,False,TRAPPIST-1e,33.0,False,0.0,1554.0,3813.0,0.0,1435.0,True,C,S,6802.0
Europa,False,55 Cancri e,34.0,False,3551.0,1284.0,1865.0,90.0,0.0,True,B,P,6790.0
Europa,False,TRAPPIST-1e,51.0,False,0.0,302.0,0.0,1367.0,669.0,False,D,S,2338.0
Earth,False,TRAPPIST-1e,21.0,False,0.0,680.0,0.0,10.0,0.0,True,F,S,690.0
Earth,True,TRAPPIST-1e,27.0,False,0.0,0.0,0.0,0.0,0.0,False,G,S,0.0
Earth,False,TRAPPIST-1e,31.0,False,880.0,0.0,0.0,8.0,0.0,False,G,P,888.0
Europa,False,TRAPPIST-1e,36.0,False,2.0,1297.0,0.0,4.0,0.0,True,A,S,1303.0
Europa,False,TRAPPIST-1e,39.0,False,0.0,7116.0,0.0,13208.0,1515.0,False,B,P,21839.0
Earth,False,TRAPPIST-1e,26.0,False,886.0,0.0,0.0,0.0,21.0,False,G,P,907.0
Earth,False,TRAPPIST-1e,51.0,False,0.0,1347.0,0.0,43.0,0.0,True,F,P,1390.0
Earth,False,TRAPPIST-1e,24.0,False,13.0,193.0,0.0,0.0,591.0,False,F,P,797.0
Earth,False,55 Cancri e,27.0,False,339.0,104.0,116.0,160.0,0.0,True,E,S,719.0
Earth,False,TRAPPIST-1e,31.0,False,0.0,243.0,1.0,559.0,0.0,False,F,P,803.0
Earth,False,TRAPPIST-1e,24.0,False,0.0,0.0,21.0,0.0,695.0,False,F,S,716.0
Europa,False,TRAPPIST-1e,57.0,False,0.0,1514.0,0.0,72.0,1393.0,False,A,P,2979.0
Europa,False,55 Cancri e,36.0,True,11.0,79.0,0.0,210.0,1895.0,False,A,P,2195.0
Europa,False,TRAPPIST-1e,55.0,False,0.0,846.0,0.0,263.0,2024.0,False,A,P,3133.0
Europa,True,55 Cancri e,27.0,False,0.0,0.0,0.0,0.0,0.0,False,A,P,0.0
Mars,False,TRAPPIST-1e,18.0,False,947.0,0.0,4.0,4.0,0.0,False,E,S,955.0
Mars,False,TRAPPIST-1e,27.0,False,1893.0,487.0,4.0,0.0,0.0,False,D,S,2384.0
Europa,False,TRAPPIST-1e,50.0,False,0.0,2684.0,0.0,153.0,1751.0,False,C,P,4588.0
Earth,False,TRAPPIST-1e,24.0,False,45.0,138.0,1.0,0.0,530.0,False,F,S,714.0
Earth,True,PSO J318.5-22,20.0,False,0.0,0.0,0.0,0.0,0.0,True,G,S,0.0
Earth,True,TRAPPIST-1e,24.0,False,0.0,0.0,0.0,0.0,0.0,True,G,P,0.0
Earth,False,TRAPPIST-1e,18.0,False,0.0,617.0,0.0,0.0,10.0,False,G,S,627.0
Earth,False,TRAPPIST-1e,44.0,False,1178.0,1.0,348.0,0.0,0.0,False,F,S,1527.0
Europa,True,55 Cancri e,27.0,False,0.0,0.0,0.0,0.0,0.0,True,B,S,0.0
Europa,False,TRAPPIST-1e,58.0,False,1113.0,1650.0,0.0,194.0,510.0,True,B,S,3467.0
Europa,True,PSO J318.5-22,29.0,False,0.0,0.0,0.0,0.0,0.0,True,B,S,0.0
Earth,False,PSO J318.5-22,23.0,False,3.0,548.0,37.0,0.0,12.0,True,F,S,600.0
Mars,True,TRAPPIST-1e,3.0,False,0.0,0.0,0.0,0.0,0.0,True,F,S,0.0
Mars,False,TRAPPIST-1e,0.0,False,0.0,0.0,0.0,0.0,0.0,True,F,S,0.0
Mars,False,TRAPPIST-1e,33.0,False,361.0,0.0,381.0,1622.0,0.0,False,F,S,2364.0
Mars,False,TRAPPIST-1e,12.0,False,0.0,0.0,0.0,0.0,0.0,True,F,S,0.0
Europa,True,TRAPPIST-1e,44.0,False,0.0,0.0,0.0,0.0,0.0,True,B,S,0.0
Earth,True,TRAPPIST-1e,20.0,False,0.0,0.0,0.0,0.0,0.0,True,G,P,0.0
Earth,False,55 Cancri e,59.0,False,269.0,1776.0,0.0,0.0,12.0,False,F,P,2057.0
Earth,False,TRAPPIST-1e,18.0,False,130.0,0.0,13.0,191.0,554.0,False,G,S,888.0
Europa,True,TRAPPIST-1e,72.0,False,0.0,0.0,0.0,0.0,0.0,True,B,S,0.0
Earth,False,PSO J318.5-22,23.0,False,171.0,2373.0,1.0,30.0,985.0,False,G,P,3560.0
Earth,False,TRAPPIST-1e,11.0,False,0.0,0.0,0.0,0.0,0.0,False,G,P,0.0
Earth,True,TRAPPIST-1e,1.0,False,0.0,0.0,0.0,0.0,0.0,True,G,P,0.0
Earth,False,PSO J318.5-22,25.0,False,21.0,746.0,55.0,0.0,4.0,False,F,P,826.0
Mars,True,55 Cancri e,25.0,False,0.0,0.0,0.0,0.0,0.0,True,D,S,0.0
Europa,True,TRAPPIST-1e,24.0,False,0.0,0.0,0.0,0.0,0.0,True,C,S,0.0
Europa,False,TRAPPIST-1e,54.0,False,0.0,5876.0,0.0,0.0,914.0,True,C,S,6790.0
Mars,True,55 Cancri e,17.0,False,0.0,0.0,0.0,0.0,0.0,True,F,P,0.0
Mars,False,TRAPPIST-1e,48.0,False,1200.0,0.0,38.0,48.0,0.0,False,F,P,1286.0
Earth,False,TRAPPIST-1e,40.0,False,0.0,0.0,362.0,272.0,0.0,False,F,P,634.0
Earth,True,TRAPPIST-1e,2.0,False,0.0,0.0,0.0,0.0,0.0,False,G,P,0.0
Earth,False,TRAPPIST-1e,32.0,False,0.0,9.0,11.0,784.0,63.0,False,F,S,867.0
Earth,True,TRAPPIST-1e,15.0,False,0.0,0.0,0.0,0.0,0.0,True,G,S,0.0
Earth,True,TRAPPIST-1e,52.0,False,0.0,0.0,0.0,0.0,0.0,True,G,S,0.0
Earth,False,TRAPPIST-1e,16.0,False,0.0,1115.0,0.0,1674.0,132.0,False,F,S,2921.0
Earth,True,TRAPPIST-1e,16.0,False,0.0,0.0,0.0,0.0,0.0,True,G,S,0.0
Earth,True,55 Cancri e,16.0,False,0.0,0.0,0.0,0.0,0.0,True,G,S,0.0
Earth,False,55 Cancri e,6.0,False,0.0,0.0,0.0,0.0,0.0,False,G,S,0.0
Mars,False,TRAPPIST-1e,10.0,False,0.0,0.0,0.0,0.0,0.0,True,F,P,0.0
Mars,False,TRAPPIST-1e,27.0,True,1709.0,4.0,24.0,0.0,0.0,False,D,P,1737.0
Europa,False,55 Cancri e,45.0,False,0.0,726.0,0.0,281.0,1257.0,True,C,S,2264.0
Europa,False,TRAPPIST-1e,26.0,False,2381.0,1772.0,0.0,0.0,2618.0,False,C,S,6771.0
Mars,False,TRAPPIST-1e,29.0,False,1049.0,0.0,0.0,0.0,0.0,False,E,S,1049.0
Earth,True,PSO J318.5-22,38.0,False,0.0,0.0,0.0,0.0,0.0,True,G,P,0.0
Earth,False,TRAPPIST-1e,19.0,False,1.0,143.0,0.0,254.0,107.0,True,E,P,505.0
Mars,False,TRAPPIST-1e,43.0,False,471.0,0.0,133.0,2.0,692.0,False,E,P,1298.0
Earth,False,TRAPPIST-1e,15.0,False,746.0,0.0,2.0,0.0,11.0,False,F,S,759.0
Mars,False,TRAPPIST-1e,31.0,False,1511.0,0.0,310.0,0.0,0.0,False,F,P,1821.0
Mars,False,TRAPPIST-1e,52.0,False,758.0,0.0,356.0,5.0,0.0,False,F,P,1119.0
Mars,True,TRAPPIST-1e,49.0,False,0.0,0.0,0.0,0.0,0.0,True,F,P,0.0
Earth,False,55 Cancri e,29.0,False,143.0,548.0,0.0,0.0,0.0,True,F,S,691.0
Earth,False,TRAPPIST-1e,18.0,False,600.0,0.0,0.0,179.0,11.0,True,F,P,790.0
Mars,True,TRAPPIST-1e,41.0,False,0.0,0.0,0.0,0.0,0.0,True,F,S,0.0
Earth,False,TRAPPIST-1e,9.0,False,0.0,0.0,0.0,0.0,0.0,False,G,P,0.0
Earth,True,PSO J318.5-22,27.0,False,0.0,0.0,0.0,0.0,0.0,False,G,P,0.0
Earth,False,TRAPPIST-1e,58.0,False,0.0,82.0,0.0,758.0,0.0,True,E,P,840.0
Earth,False,PSO J318.5-22,39.0,False,0.0,0.0,0.0,0.0,907.0,False,E,S,907.0
Earth,False,TRAPPIST-1e,13.0,False,911.0,1.0,0.0,74.0,0.0,False,E,P,986.0
Europa,True,55 Cancri e,36.0,False,0.0,0.0,0.0,0.0,0.0,True,B,P,0.0
Mars,False,55 Cancri e,23.0,False,253.0,0.0,0.0,888.0,0.0,False,F,P,1141.0
Earth,True,PSO J318.5-22,24.0,False,0.0,0.0,0.0,0.0,0.0,True,G,P,0.0
Earth,False,TRAPPIST-1e,33.0,False,0.0,0.0,170.0,14.0,810.0,False,E,P,994.0
Earth,True,TRAPPIST-1e,18.0,False,0.0,0.0,0.0,0.0,0.0,False,G,S,0.0
Earth,True,TRAPPIST-1e,2.0,False,0.0,0.0,0.0,0.0,0.0,False,G,S,0.0
Earth,True,TRAPPIST-1e,0.0,False,0.0,0.0,0.0,0.0,0.0,True,G,S,0.0
Earth,False,TRAPPIST-1e,36.0,False,625.0,0.0,260.0,0.0,0.0,False,G,S,885.0
Earth,False,55 Cancri e,15.0,False,254.0,0.0,10.0,180.0,0.0,False,G,S,444.0
Earth,False,TRAPPIST-1e,31.0,False,91.0,756.0,0.0,0.0,12.0,True,E,P,859.0
Earth,False,TRAPPIST-1e,42.0,False,0.0,0.0,213.0,166.0,1209.0,True,E,S,1588.0
Mars,False,TRAPPIST-1e,27.0,False,1502.0,1.0,0.0,0.0,0.0,False,F,S,1503.0
Earth,False,TRAPPIST-1e,36.0,False,123.0,3.0,270.12864211105006,7.0,0.0,True,F,S,403.12864211105006
Earth,False,TRAPPIST-1e,0.0,False,0.0,0.0,0.0,0.0,0.0,False,G,S,0.0
Earth,True,TRAPPIST-1e,3.0,False,0.0,0.0,0.0,0.0,0.0,False,G,S,0.0
Earth,False,PSO J318.5-22,22.0,False,0.0,837.0,192.0,0.0,476.35311409149364,False,F,P,1505.3531140914936
Earth,False,TRAPPIST-1e,56.0,False,0.0,1721.0,0.0,96.0,0.0,False,G,S,1817.0
Earth,False,TRAPPIST-1e,23.0,False,0.0,0.0,0.0,757.0,0.0,False,G,S,757.0
Mars,False,TRAPPIST-1e,25.0,False,314.0,2.0,648.0,92.0,0.0,False,D,S,1056.0
Earth,False,TRAPPIST-1e,29.0,False,3.0,0.0,3.0,0.0,697.0,False,F,P,703.0
Earth,False,TRAPPIST-1e,17.0,False,0.0,1195.0,31.0,0.0,0.0,False,F,P,1226.0
Earth,False,TRAPPIST-1e,13.0,False,412.0,4.0,0.0,0.0,551.0,False,F,P,967.0
Mars,False,TRAPPIST-1e,35.0,False,2301.0,0.0,414.0,485.74408365437534,0.0,True,D,P,3200.7440836543756
Mars,True,55 Cancri e,53.0,False,0.0,0.0,0.0,0.0,0.0,True,F,P,0.0
Earth,False,TRAPPIST-1e,24.0,False,14.0,702.0,0.0,0.0,0.0,False,F,P,716.0
Earth,True,TRAPPIST-1e,38.0,False,0.0,0.0,0.0,0.0,0.0,False,G,P,0.0
Europa,True,55 Cancri e,21.0,False,0.0,0.0,0.0,0.0,0.0,True,D,P,0.0
Europa,False,55 Cancri e,29.0,False,2.0,8.0,0.0,2864.0,155.0,False,D,P,3029.0
Earth,False,TRAPPIST-1e,46.0,False,0.0,0.0,1661.0,52.0,8.0,True,G,P,1721.0
Europa,True,TRAPPIST-1e,58.0,False,0.0,0.0,0.0,0.0,0.0,True,C,S,0.0
Earth,False,PSO J318.5-22,53.0,False,0.0,1.0,0.0,195.0,493.0,True,E,S,689.0
Earth,False,55 Cancri e,21.0,False,13.0,714.4862536656891,1098.0,64.0,1.0,False,F,S,1890.4862536656892
Earth,True,PSO J318.5-22,27.0,False,0.0,0.0,0.0,0.0,0.0,False,G,P,0.0
Earth,True,TRAPPIST-1e,31.0,False,0.0,0.0,0.0,0.0,0.0,False,G,P,0.0
Europa,True,55 Cancri e,23.0,False,0.0,0.0,0.0,0.0,0.0,True,B,P,0.0
Europa,False,55 Cancri e,41.0,False,0.0,320.0,4333.0,1313.0,51.0,False,B,P,6017.0
Europa,False,TRAPPIST-1e,29.0,False,3.0,933.0,0.0,674.0,731.0,False,B,P,2341.0
Europa,False,55 Cancri e,54.0,False,0.0,37.0,0.0,4689.0,0.0,False,B,P,4726.0
Europa,False,55 Cancri e,43.0,False,0.0,9923.0,660.0,10.0,266.0,True,B,P,10859.0
Earth,True,PSO J318.5-22,36.0,False,0.0,0.0,0.0,0.0,0.0,True,G,S,0.0
Earth,False,TRAPPIST-1e,48.0,False,784.0,87.0,0.0,0.0,1.0,True,E,P,872.0
Europa,False,TRAPPIST-1e,34.0,False,10.0,5659.0,15.0,3.0,0.0,True,C,S,5687.0
Europa,False,TRAPPIST-1e,42.0,False,0.0,802.0,0.0,2622.0,671.0,False,C,S,4095.0
Earth,False,55 Cancri e,17.0,False,0.0,0.0,0.0,863.0,0.0,False,F,S,863.0
Earth,False,TRAPPIST-1e,22.0,False,0.0,0.0,0.0,0.0,1345.0,False,F,P,1345.0
Europa,False,TRAPPIST-1e,37.0,False,6.0,437.0,270.12864211105006,54.0,3030.0,False,A,P,3797.12864211105
Europa,True,55 Cancri e,38.0,False,0.0,0.0,0.0,0.0,0.0,True,A,P,0.0
Earth,False,TRAPPIST-1e,21.0,False,3.0,0.0,0.0,881.0,0.0,False,G,S,884.0
Earth,True,PSO J318.5-22,23.0,False,0.0,0.0,0.0,0.0,0.0,True,G,S,0.0
Europa,False,TRAPPIST-1e,27.0,False,1.0,767.0,0.0,13104.0,3657.0,False,B,P,17529.0
Earth,False,TRAPPIST-1e,23.0,False,18.0,2595.0,0.0,0.0,122.0,True,F,P,2735.0
Earth,False,TRAPPIST-1e,19.0,False,0.0,0.0,366.0,268.0,0.0,False,F,P,634.0
Mars,False,TRAPPIST-1e,28.0,False,948.0,0.0,64.0,170.0,0.0,False,D,S,1182.0
Earth,False,TRAPPIST-1e,33.0,False,0.0,0.0,154.0,22.0,820.0,False,E,P,996.0
Earth,True,PSO J318.5-22,24.0,False,0.0,0.0,0.0,0.0,0.0,False,G,P,0.0
Earth,True,TRAPPIST-1e,0.0,False,0.0,0.0,0.0,0.0,0.0,True,G,P,0.0
Earth,True,TRAPPIST-1e,41.0,False,0.0,0.0,0.0,0.0,0.0,True,G,P,0.0
Earth,True,TRAPPIST-1e,19.0,False,0.0,0.0,0.0,0.0,0.0,False,G,P,0.0
Earth,False,TRAPPIST-1e,44.0,False,0.0,0.0,0.0,0.0,871.0,False,F,S,871.0
Mars,False,55 Cancri e,43.0,False,803.0,0.0,384.0,120.0,0.0,True,F,S,1307.0
Earth,True,TRAPPIST-1e,14.0,False,0.0,0.0,0.0,0.0,0.0,True,G,S,0.0
Earth,True,PSO J318.5-22,18.0,False,0.0,0.0,0.0,0.0,0.0,True,G,P,0.0
Earth,False,TRAPPIST-1e,25.0,False,237.0,0.0,910.0,0.0,12.0,False,F,P,1159.0
Mars,False,TRAPPIST-1e,0.0,False,0.0,0.0,0.0,0.0,0.0,True,F,P,0.0
Mars,True,55 Cancri e,4.0,False,0.0,0.0,0.0,0.0,0.0,True,F,P,0.0
Mars,False,TRAPPIST-1e,24.0,False,165.0,0.0,981.0,2.0,0.0,True,F,P,1148.0
Earth,False,TRAPPIST-1e,38.0,False,77.0,169.0,0.0,0.0,470.0,False,F,P,716.0
Earth,True,TRAPPIST-1e,44.0,False,0.0,0.0,0.0,0.0,0.0,True,G,P,0.0
Earth,True,55 Cancri e,57.0,False,0.0,0.0,0.0,0.0,0.0,True,G,P,0.0
Earth,True,55 Cancri e,3.0,False,0.0,0.0,0.0,0.0,0.0,True,G,S,0.0
Earth,False,TRAPPIST-1e,5.0,False,0.0,0.0,0.0,0.0,476.35311409149364,False,G,S,476.35311409149364
Earth,True,55 Cancri e,3.0,False,0.0,0.0,0.0,0.0,0.0,True,G,S,0.0
Earth,True,TRAPPIST-1e,18.0,False,0.0,0.0,0.0,0.0,0.0,True,G,S,0.0
Earth,True,TRAPPIST-1e,8.0,False,0.0,0.0,0.0,0.0,0.0,False,G,S,0.0
Mars,True,TRAPPIST-1e,21.0,False,0.0,0.0,0.0,0.0,0.0,True,F,P,0.0
Europa,True,55 Cancri e,35.0,False,0.0,0.0,0.0,0.0,0.0,True,C,S,0.0
Mars,True,TRAPPIST-1e,47.0,False,0.0,0.0,0.0,0.0,0.0,True,F,S,0.0
Europa,False,55 Cancri e,28.0,False,1581.0,213.0,0.0,18.0,3051.0,False,C,P,4863.0
Europa,False,TRAPPIST-1e,49.0,False,20.0,6807.0,174.0,3538.0,2473.0,False,C,P,13012.0
Europa,False,TRAPPIST-1e,23.0,False,0.0,824.0,0.0,495.0,1479.0,True,D,P,2798.0
Europa,False,TRAPPIST-1e,19.0,False,0.0,1.0,0.0,2085.0,55.0,False,D,P,2141.0
Earth,False,TRAPPIST-1e,34.0,False,0.0,250.0,23.0,0.0,514.0,False,E,P,787.0
Europa,False,TRAPPIST-1e,40.0,True,0.0,11.0,0.0,2205.0,1295.0,True,C,S,3511.0
Europa,False,55 Cancri e,26.0,True,0.0,186.0,270.12864211105006,548.0,5058.0,False,A,P,6062.12864211105
Earth,False,PSO J318.5-22,23.0,False,0.0,0.0,270.12864211105006,3.0,1919.0,False,F,P,2192.12864211105
Mars,False,TRAPPIST-1e,22.0,False,0.0,0.0,0.0,0.0,0.0,False,E,P,0.0
Europa,False,TRAPPIST-1e,51.0,False,1.0,3935.0,0.0,146.0,0.0,True,C,S,4082.0
Earth,False,55 Cancri e,44.0,False,672.0,0.0,0.0,0.0,20.0,False,F,S,692.0
Mars,False,TRAPPIST-1e,50.0,False,357.0,0.0,657.0,0.0,0.0,False,E,P,1014.0
Earth,True,TRAPPIST-1e,28.0,False,0.0,0.0,0.0,0.0,0.0,True,G,S,0.0
Earth,True,TRAPPIST-1e,13.0,False,0.0,0.0,0.0,0.0,0.0,True,G,P,0.0
Earth,False,TRAPPIST-1e,21.0,False,33.0,126.0,0.0,461.0,0.0,False,G,P,620.0
Earth,False,TRAPPIST-1e,20.0,False,56.0,757.0,111.0,0.0,0.0,True,F,S,924.0
Earth,False,55 Cancri e,14.0,False,0.0,714.4862536656891,14.0,692.0,809.0,False,F,P,2229.486253665689
Europa,False,55 Cancri e,38.0,False,0.0,896.0,0.0,485.74408365437534,4168.0,False,C,S,5549.744083654376
Earth,False,PSO J318.5-22,29.0,False,631.0,714.4862536656891,0.0,40.0,0.0,False,F,S,1385.4862536656892
Europa,True,TRAPPIST-1e,36.0,False,0.0,0.0,0.0,0.0,0.0,True,C,S,0.0
Europa,True,TRAPPIST-1e,16.0,False,0.0,0.0,0.0,0.0,0.0,True,C,S,0.0
Europa,True,TRAPPIST-1e,40.0,False,0.0,0.0,0.0,0.0,0.0,True,C,S,0.0
Europa,True,55 Cancri e,27.0,False,0.0,0.0,0.0,0.0,0.0,True,C,P,0.0
Earth,False,PSO J318.5-22,18.0,False,154.0,22.0,77.0,1053.0,0.0,True,F,S,1306.0
Earth,False,TRAPPIST-1e,17.0,False,5.0,756.0,0.0,0.0,0.0,True,F,S,761.0
Mars,True,TRAPPIST-1e,32.0,False,0.0,0.0,0.0,0.0,0.0,True,E,S,0.0
Earth,False,TRAPPIST-1e,27.0,False,0.0,2.0,49.0,0.0,801.0,False,G,P,852.0
Mars,False,TRAPPIST-1e,34.0,False,2904.0,23.0,7.0,0.0,81.0,False,D,P,3015.0
Mars,False,TRAPPIST-1e,53.0,False,520.0,0.0,442.0,0.0,0.0,True,D,P,962.0
Europa,True,TRAPPIST-1e,36.0,True,0.0,0.0,0.0,0.0,0.0,True,C,S,0.0
Mars,False,TRAPPIST-1e,41.0,False,71.0,0.0,1617.0,31.0,0.0,False,D,P,1719.0
Mars,False,TRAPPIST-1e,51.0,False,819.0,4.0,92.0,38.0,0.0,False,E,P,953.0
Earth,True,PSO J318.5-22,61.0,False,0.0,0.0,0.0,0.0,0.0,True,G,P,0.0
Earth,False,TRAPPIST-1e,59.0,False,0.0,0.0,1.0,920.0,1.0,True,G,S,922.0
Europa,True,TRAPPIST-1e,17.0,False,0.0,0.0,0.0,0.0,0.0,True,B,P,0.0
Europa,True,TRAPPIST-1e,27.0,False,0.0,0.0,0.0,0.0,0.0,True,B,P,0.0
Earth,False,PSO J318.5-22,57.0,False,0.0,1431.0,0.0,30.0,337.0,True,G,S,1798.0
Mars,False,55 Cancri e,39.0,False,2127.0,714.4862536656891,23.0,0.0,0.0,False,E,S,2864.486253665689
Europa,True,55 Cancri e,55.0,False,0.0,0.0,0.0,0.0,0.0,True,B,S,0.0
Earth,False,TRAPPIST-1e,42.0,False,173.0,656.0,0.0,0.0,23.0,False,G,S,852.0
Earth,False,TRAPPIST-1e,36.0,False,418.0,40.0,7.0,338.0,0.0,False,F,P,803.0
Mars,False,TRAPPIST-1e,42.0,False,44.0,0.0,3648.0,0.0,9.0,True,F,P,3701.0
Earth,True,PSO J318.5-22,32.0,False,0.0,0.0,0.0,0.0,0.0,False,G,P,0.0
Earth,False,55 Cancri e,6.0,False,0.0,0.0,0.0,0.0,0.0,False,G,S,0.0
Earth,True,TRAPPIST-1e,15.0,False,0.0,0.0,0.0,0.0,0.0,False,G,S,0.0
Earth,False,TRAPPIST-1e,28.0,False,0.0,93.0,1282.0,0.0,0.0,True,F,P,1375.0
Mars,False,TRAPPIST-1e,37.0,False,912.0,0.0,0.0,485.74408365437534,0.0,False,D,P,1397.7440836543753
Earth,False,TRAPPIST-1e,44.0,False,0.0,0.0,744.0,62.0,3.0,False,G,S,809.0
Mars,False,TRAPPIST-1e,71.0,True,901.0,0.0,1698.0,0.0,0.0,False,F,P,2599.0
Europa,False,TRAPPIST-1e,44.0,False,0.0,351.0,0.0,3.0,3447.0,False,B,P,3801.0
Europa,True,TRAPPIST-1e,36.0,False,0.0,0.0,0.0,0.0,0.0,True,B,P,0.0
Earth,False,TRAPPIST-1e,18.0,False,4.0,904.0,0.0,0.0,1.0,False,G,S,909.0
Earth,False,PSO J318.5-22,3.0,False,0.0,0.0,0.0,0.0,0.0,True,G,P,0.0
Earth,True,55 Cancri e,12.0,False,0.0,0.0,0.0,0.0,0.0,False,G,P,0.0
Earth,True,55 Cancri e,0.0,False,0.0,0.0,0.0,0.0,0.0,True,G,P,0.0
Earth,False,TRAPPIST-1e,29.0,False,0.0,1311.0,0.0,0.0,0.0,False,F,P,1311.0
Earth,False,TRAPPIST-1e,9.0,False,0.0,0.0,0.0,0.0,0.0,False,G,P,0.0
Earth,False,55 Cancri e,27.0,False,688.0,307.0,779.0,0.0,19.0,False,G,P,1793.0
Earth,False,PSO J318.5-22,24.0,False,0.0,0.0,443.0,244.0,1.0,False,F,P,688.0
Earth,False,TRAPPIST-1e,38.0,False,1.0,0.0,288.0,0.0,556.0,True,G,S,845.0
Mars,False,TRAPPIST-1e,28.0,False,523.0,0.0,0.0,970.0,0.0,False,F,P,1493.0
Mars,True,TRAPPIST-1e,26.0,False,0.0,0.0,0.0,0.0,0.0,True,F,S,0.0
Earth,False,TRAPPIST-1e,16.0,False,0.0,20.0,0.0,300.0,681.0,False,F,P,1001.0
Earth,False,PSO J318.5-22,24.0,False,350.53903958944284,2.0,25.0,485.74408365437534,707.0,True,F,P,1570.2831232438182
Earth,False,TRAPPIST-1e,33.0,False,123.0,760.0,0.0,0.0,0.0,False,G,P,883.0
Earth,False,55 Cancri e,24.0,False,489.0,0.0,270.12864211105006,0.0,0.0,False,G,S,759.1286421110501
Earth,False,TRAPPIST-1e,29.0,False,1.0,0.0,133.0,104.0,574.0,False,G,S,812.0
Earth,False,TRAPPIST-1e,25.0,False,0.0,9.0,2005.0,0.0,5.0,True,F,S,2019.0
Earth,False,TRAPPIST-1e,0.0,False,0.0,0.0,0.0,0.0,0.0,False,G,S,0.0
Earth,False,TRAPPIST-1e,13.0,False,649.0,2.0,0.0,124.0,143.0,False,F,S,918.0
Earth,True,55 Cancri e,7.0,False,0.0,0.0,0.0,0.0,0.0,False,G,P,0.0
Earth,False,PSO J318.5-22,32.0,False,0.0,0.0,736.0,0.0,0.0,False,F,P,736.0
Mars,True,TRAPPIST-1e,34.0,False,0.0,0.0,0.0,0.0,0.0,False,E,P,0.0
Mars,False,TRAPPIST-1e,49.0,False,21.0,25.0,1509.0,0.0,1042.0,False,F,P,2597.0
Mars,False,TRAPPIST-1e,43.0,False,13.0,2119.0,315.0,0.0,261.0,True,D,S,2708.0
Mars,False,TRAPPIST-1e,0.0,False,0.0,0.0,0.0,0.0,0.0,True,F,S,0.0
Mars,True,TRAPPIST-1e,6.0,False,0.0,0.0,0.0,0.0,0.0,True,F,S,0.0
Earth,False,TRAPPIST-1e,23.0,False,0.0,179.0,569.0,0.0,0.0,True,F,P,748.0
Mars,False,TRAPPIST-1e,43.0,False,336.0,11.0,796.0,15.0,0.0,True,F,P,1158.0
Mars,True,55 Cancri e,23.0,False,0.0,0.0,0.0,0.0,0.0,True,F,P,0.0
Mars,False,TRAPPIST-1e,43.0,False,828.0,25.0,545.0,107.0,0.0,False,F,S,1505.0
Mars,True,55 Cancri e,41.0,False,0.0,0.0,0.0,0.0,0.0,True,F,P,0.0
Europa,False,55 Cancri e,54.0,True,0.0,2062.0,2.0,19.0,1618.0,False,B,P,3701.0
Europa,True,TRAPPIST-1e,51.0,False,0.0,0.0,0.0,0.0,0.0,True,B,P,0.0
Europa,True,TRAPPIST-1e,44.0,False,0.0,0.0,0.0,0.0,0.0,True,B,P,0.0
Earth,True,PSO J318.5-22,48.0,False,0.0,0.0,0.0,0.0,0.0,True,G,S,0.0
Earth,False,TRAPPIST-1e,45.0,False,350.53903958944284,9.0,0.0,857.0,16.0,False,G,P,1232.5390395894428
Earth,False,PSO J318.5-22,20.0,False,0.0,689.0,0.0,0.0,0.0,False,F,S,689.0
Europa,False,TRAPPIST-1e,33.0,False,0.0,28.0,0.0,6841.0,543.0,False,T,P,7412.0
Earth,False,TRAPPIST-1e,21.0,False,15.0,30.0,11.0,2.0,388.0,False,G,S,446.0
Europa,True,TRAPPIST-1e,68.0,False,0.0,0.0,0.0,0.0,0.0,True,C,P,0.0
Earth,False,PSO J318.5-22,23.0,False,5.0,308.0,363.0,7.0,0.0,True,F,P,683.0
Earth,False,TRAPPIST-1e,16.0,False,24.0,0.0,13.0,717.0,0.0,False,G,P,754.0
Earth,False,TRAPPIST-1e,35.0,False,198.0,44.0,97.0,30.0,510.0,False,F,S,879.0
Earth,True,TRAPPIST-1e,22.0,False,0.0,0.0,0.0,0.0,0.0,False,G,P,0.0
Earth,False,TRAPPIST-1e,51.0,False,214.0,3.0,16.0,569.0,0.0,False,F,S,802.0
Earth,False,PSO J318.5-22,2.0,False,350.53903958944284,0.0,0.0,0.0,0.0,False,G,S,350.53903958944284
Earth,True,55 Cancri e,29.0,False,0.0,0.0,0.0,0.0,0.0,False,G,S,0.0
Earth,False,TRAPPIST-1e,0.0,False,0.0,0.0,0.0,0.0,0.0,True,G,S,0.0
Earth,True,55 Cancri e,39.0,False,0.0,0.0,0.0,0.0,0.0,True,G,P,0.0
Europa,False,TRAPPIST-1e,55.0,False,0.0,1971.0,77.0,577.0,1050.0,True,C,S,3675.0
Earth,True,TRAPPIST-1e,22.0,False,0.0,0.0,0.0,0.0,0.0,False,G,P,0.0
Earth,False,TRAPPIST-1e,20.0,False,310.0,0.0,374.0,0.0,5.0,False,F,P,689.0
Earth,False,55 Cancri e,25.0,False,0.0,641.0,0.0,2.0,0.0,True,E,P,643.0
Earth,False,55 Cancri e,18.0,False,235.0,0.0,101.0,0.0,316.0,True,F,P,652.0
Earth,False,PSO J318.5-22,28.0,False,3.0,141.0,0.0,0.0,1689.0,False,G,S,1833.0
Earth,False,TRAPPIST-1e,26.0,False,1822.0,0.0,4.0,107.0,1204.0,False,F,S,3137.0
Earth,False,PSO J318.5-22,28.0,False,1.0,0.0,933.0,614.0,0.0,False,F,P,1548.0
Earth,False,TRAPPIST-1e,54.0,False,350.53903958944284,714.4862536656891,0.0,0.0,0.0,False,F,S,1065.025293255132
Earth,False,TRAPPIST-1e,56.0,False,0.0,54.0,0.0,724.0,0.0,False,F,P,778.0
Mars,False,TRAPPIST-1e,25.0,False,1228.0,0.0,132.0,0.0,0.0,False,E,P,1360.0
Europa,False,TRAPPIST-1e,26.0,False,2050.0,8525.0,0.0,270.0,636.0,False,A,S,11481.0
Earth,False,TRAPPIST-1e,14.0,False,0.0,0.0,709.0,258.0,3.0,False,F,P,970.0
Earth,False,TRAPPIST-1e,21.0,False,2.0,417.0,323.0,0.0,84.0,True,E,P,826.0
Earth,True,TRAPPIST-1e,43.0,False,0.0,0.0,0.0,0.0,0.0,True,G,P,0.0
Earth,False,TRAPPIST-1e,37.0,False,221.0,0.0,32.0,38.0,516.0,False,G,P,807.0
Earth,False,TRAPPIST-1e,27.0,False,740.0,82.0,6.0,485.74408365437534,1.0,False,F,S,1314.7440836543753
Europa,False,TRAPPIST-1e,38.0,False,0.0,3135.0,0.0,26.0,3.0,True,T,P,3164.0
Earth,False,TRAPPIST-1e,14.0,False,0.0,1.0,1441.0,0.0,190.0,True,E,P,1632.0
Earth,False,PSO J318.5-22,20.0,False,0.0,0.0,585.0,0.0,10.0,False,F,S,595.0
Europa,False,TRAPPIST-1e,33.0,False,0.0,0.0,0.0,0.0,0.0,False,B,P,0.0
Europa,True,55 Cancri e,33.0,False,0.0,0.0,0.0,0.0,0.0,True,B,S,0.0
Earth,False,TRAPPIST-1e,13.0,False,0.0,0.0,31.0,0.0,810.0,True,E,P,841.0
Europa,False,TRAPPIST-1e,37.0,False,0.0,210.0,0.0,4114.0,0.0,False,D,S,4324.0
Mars,False,TRAPPIST-1e,15.0,False,5711.0,0.0,2516.0,0.0,1370.0,False,E,S,9597.0
Europa,False,55 Cancri e,33.0,False,396.0,1280.0,7.0,308.0,4941.0,False,A,S,6932.0
Earth,True,PSO J318.5-22,24.0,False,0.0,0.0,0.0,0.0,0.0,True,G,S,0.0
Earth,False,PSO J318.5-22,49.0,False,0.0,714.4862536656891,0.0,160.0,528.0,False,F,S,1402.4862536656892
Earth,False,TRAPPIST-1e,24.0,False,1252.0,6.0,270.12864211105006,123.0,706.0,False,F,S,2357.12864211105
Earth,False,TRAPPIST-1e,24.0,False,173.0,0.0,14.0,0.0,603.0,False,E,S,790.0
Europa,True,55 Cancri e,26.0,False,0.0,0.0,0.0,0.0,0.0,True,B,P,0.0
Europa,True,55 Cancri e,40.0,False,0.0,0.0,0.0,0.0,0.0,True,B,P,0.0
Earth,False,55 Cancri e,31.0,False,0.0,611.0,2.0,4.0,22.0,False,F,P,639.0
Europa,False,TRAPPIST-1e,47.0,False,0.0,5252.0,0.0,124.0,300.0,True,C,S,5676.0
Earth,False,TRAPPIST-1e,19.0,False,736.0,0.0,0.0,0.0,1.0,False,F,P,737.0
Europa,False,55 Cancri e,38.0,True,0.0,1577.0,0.0,425.0,4359.0,False,C,P,6361.0
Europa,False,55 Cancri e,33.0,False,0.0,1001.0,2280.0,485.74408365437534,29.0,True,C,P,3795.7440836543756
Europa,True,TRAPPIST-1e,45.0,False,0.0,0.0,0.0,0.0,0.0,True,C,S,0.0
Earth,True,TRAPPIST-1e,1.0,False,0.0,0.0,0.0,0.0,0.0,True,G,S,0.0
Earth,False,TRAPPIST-1e,32.0,False,0.0,53.0,0.0,744.0,0.0,False,F,S,797.0
Mars,True,TRAPPIST-1e,70.0,False,0.0,0.0,0.0,0.0,0.0,True,F,S,0.0
Earth,False,PSO J318.5-22,19.0,False,23.0,0.0,0.0,0.0,732.0,False,G,S,755.0
Mars,True,PSO J318.5-22,55.0,False,0.0,0.0,0.0,0.0,0.0,True,E,P,0.0
Europa,False,TRAPPIST-1e,48.0,False,0.0,8403.0,0.0,7627.0,83.0,False,B,P,16113.0
Earth,False,TRAPPIST-1e,66.0,False,1187.0,1.0,270.12864211105006,6.0,0.0,False,G,S,1464.12864211105
Earth,False,TRAPPIST-1e,13.0,False,350.53903958944284,256.0,0.0,207.0,409.0,False,F,P,1222.5390395894428
Europa,False,55 Cancri e,40.0,False,82.0,1390.0,0.0,347.0,6237.0,False,C,S,8056.0
Earth,False,TRAPPIST-1e,35.0,False,0.0,1438.0,0.0,112.0,74.0,True,E,S,1624.0
Earth,False,TRAPPIST-1e,32.0,False,0.0,49.0,2.0,639.0,0.0,False,F,P,690.0
Mars,False,TRAPPIST-1e,51.0,False,1644.0,0.0,234.0,157.0,64.0,False,E,P,2099.0
Europa,False,TRAPPIST-1e,37.0,False,0.0,216.0,0.0,5391.0,3372.0,False,B,S,8979.0
Earth,False,TRAPPIST-1e,31.0,False,517.0,1.0,301.0,60.0,4.0,False,G,S,883.0
Earth,False,TRAPPIST-1e,37.0,False,608.0,0.0,6.0,0.0,1637.0,False,F,S,2251.0
Europa,False,TRAPPIST-1e,38.0,False,0.0,3331.0,270.0,2.0,3510.0,False,C,P,7113.0
Europa,False,55 Cancri e,19.0,False,0.0,329.0,0.0,3154.0,312.0,False,C,P,3795.0
Mars,True,TRAPPIST-1e,33.0,False,0.0,0.0,0.0,0.0,0.0,True,F,P,0.0
Earth,False,TRAPPIST-1e,19.0,False,0.0,0.0,1752.0,187.0,0.0,True,F,P,1939.0
Earth,False,TRAPPIST-1e,31.0,False,2.0,788.0,0.0,128.0,9.0,True,G,S,927.0
Earth,False,TRAPPIST-1e,43.0,False,45.0,8.0,0.0,607.0,44.0,False,G,S,704.0
Earth,True,TRAPPIST-1e,22.0,False,0.0,0.0,0.0,0.0,0.0,False,G,P,0.0
Earth,True,TRAPPIST-1e,24.0,False,0.0,0.0,0.0,0.0,0.0,False,G,P,0.0
Europa,False,55 Cancri e,21.0,False,0.0,878.0,82.0,360.0,1784.0,False,C,P,3104.0
Europa,True,TRAPPIST-1e,14.0,False,0.0,0.0,0.0,0.0,0.0,True,C,P,0.0
Europa,False,55 Cancri e,30.0,False,728.0,2551.0,0.0,48.0,1804.0,True,B,P,5131.0
Europa,True,TRAPPIST-1e,22.0,False,0.0,0.0,0.0,0.0,0.0,True,B,P,0.0
Earth,False,TRAPPIST-1e,11.0,False,0.0,0.0,0.0,0.0,0.0,False,G,S,0.0
Earth,True,TRAPPIST-1e,4.0,False,0.0,0.0,0.0,0.0,0.0,False,G,S,0.0
Earth,False,TRAPPIST-1e,0.0,False,0.0,0.0,0.0,0.0,0.0,False,G,S,0.0
Earth,False,TRAPPIST-1e,30.0,False,479.0,12.0,25.0,643.0,283.0,False,F,S,1442.0
Earth,False,PSO J318.5-22,21.0,False,0.0,27.0,1181.0,0.0,513.0,False,G,S,1721.0
Europa,False,TRAPPIST-1e,40.0,False,0.0,0.0,0.0,0.0,0.0,False,F,S,0.0
Earth,False,PSO J318.5-22,57.0,False,506.0,0.0,1.0,178.0,0.0,False,F,P,685.0
Mars,False,TRAPPIST-1e,35.0,False,1228.0,0.0,0.0,0.0,0.0,False,F,S,1228.0
Europa,False,TRAPPIST-1e,32.0,False,0.0,0.0,0.0,0.0,0.0,False,A,S,0.0
Mars,False,TRAPPIST-1e,32.0,False,2616.0,0.0,2.0,5.0,0.0,False,F,S,2623.0
Earth,False,TRAPPIST-1e,30.0,False,0.0,0.0,301.0,0.0,437.0,False,F,S,738.0
Earth,False,TRAPPIST-1e,69.0,False,577.0,139.0,0.0,0.0,0.0,False,F,P,716.0
Earth,True,TRAPPIST-1e,21.0,False,0.0,0.0,0.0,0.0,0.0,False,G,S,0.0
Mars,True,PSO J318.5-22,17.0,False,0.0,0.0,0.0,0.0,0.0,True,E,P,0.0
Mars,False,TRAPPIST-1e,16.0,False,995.0,0.0,6.0,48.0,0.0,False,E,P,1049.0
Mars,True,TRAPPIST-1e,25.0,False,0.0,0.0,0.0,0.0,0.0,False,E,S,0.0
Europa,False,TRAPPIST-1e,25.0,False,1586.0,2342.0,947.0,1.0,276.0,True,E,P,5152.0
Europa,False,55 Cancri e,52.0,False,0.0,2.0,0.0,10976.0,810.0,False,F,S,11788.0
Earth,False,TRAPPIST-1e,13.0,False,578.0,77.0,0.0,306.0,5.0,False,F,S,966.0
Earth,False,TRAPPIST-1e,37.0,False,1086.0,0.0,0.0,41.0,0.0,False,F,P,1127.0
Mars,False,TRAPPIST-1e,13.0,False,760.0,2.0,2.0,485.74408365437534,0.0,False,F,S,1249.7440836543753
Mars,False,TRAPPIST-1e,45.0,False,3309.0,0.0,10.0,0.0,0.0,False,D,S,3319.0
Mars,True,TRAPPIST-1e,55.0,False,0.0,0.0,0.0,0.0,0.0,False,E,S,0.0
Earth,False,TRAPPIST-1e,22.0,False,664.0,0.0,0.0,65.0,0.0,False,F,P,729.0
Earth,False,TRAPPIST-1e,39.0,False,0.0,0.0,0.0,1745.0,72.0,False,G,P,1817.0
Mars,False,TRAPPIST-1e,35.0,False,741.0,0.0,31.0,0.0,36.0,False,D,S,808.0
Earth,True,PSO J318.5-22,19.0,False,0.0,0.0,0.0,0.0,0.0,True,G,P,0.0
Earth,True,TRAPPIST-1e,7.0,False,0.0,0.0,0.0,0.0,0.0,True,G,P,0.0
Earth,False,TRAPPIST-1e,19.0,False,1.0,0.0,0.0,450.0,254.0,False,E,P,705.0
Earth,True,TRAPPIST-1e,21.0,False,0.0,0.0,0.0,0.0,0.0,True,G,S,0.0
Europa,False,55 Cancri e,37.0,False,0.0,2065.0,1650.0,356.0,1.0,True,D,P,4072.0
Earth,False,TRAPPIST-1e,35.0,False,1609.0,0.0,0.0,0.0,0.0,False,E,P,1609.0
Earth,True,TRAPPIST-1e,22.0,False,0.0,0.0,0.0,0.0,0.0,True,G,S,0.0
Earth,False,TRAPPIST-1e,62.0,False,379.0,453.0,0.0,7.0,0.0,False,G,P,839.0
Earth,True,TRAPPIST-1e,41.0,False,0.0,0.0,0.0,0.0,0.0,True,G,P,0.0
Europa,True,TRAPPIST-1e,16.0,False,0.0,0.0,0.0,0.0,0.0,True,B,S,0.0
Europa,False,TRAPPIST-1e,26.0,False,0.0,714.4862536656891,8.0,21.0,6023.0,False,B,S,6766.486253665689
Mars,True,TRAPPIST-1e,36.0,False,0.0,0.0,0.0,0.0,0.0,True,F,P,0.0
Earth,True,PSO J318.5-22,27.0,False,0.0,0.0,0.0,0.0,0.0,True,G,P,0.0
Earth,False,55 Cancri e,22.0,False,35.0,0.0,36.0,581.0,0.0,False,F,P,652.0
Earth,False,TRAPPIST-1e,40.0,False,0.0,0.0,0.0,822.0,2.0,False,F,S,824.0
Europa,False,55 Cancri e,50.0,False,0.0,1547.0,0.0,1784.0,1.0,True,C,S,3332.0
Europa,True,TRAPPIST-1e,57.0,False,0.0,0.0,0.0,0.0,0.0,True,C,S,0.0
Earth,False,PSO J318.5-22,15.0,False,1.0,30.0,1793.0,0.0,0.0,True,G,P,1824.0
Europa,False,55 Cancri e,23.0,False,0.0,587.0,0.0,1497.0,1014.0,False,D,S,3098.0
Mars,True,55 Cancri e,60.0,False,0.0,0.0,0.0,0.0,0.0,True,D,S,0.0
Earth,False,TRAPPIST-1e,73.0,False,0.0,0.0,0.0,153.0,556.0,False,G,P,709.0
Earth,True,TRAPPIST-1e,35.0,False,0.0,0.0,0.0,0.0,0.0,True,G,P,0.0
Europa,False,TRAPPIST-1e,28.0,False,0.0,0.0,0.0,0.0,0.0,False,A,P,0.0
Europa,False,TRAPPIST-1e,27.0,True,0.0,6013.0,0.0,820.0,31.0,True,B,S,6864.0
Europa,False,TRAPPIST-1e,14.0,False,0.0,946.0,0.0,7860.0,384.0,False,F,S,9190.0
Europa,True,TRAPPIST-1e,26.0,False,0.0,0.0,0.0,0.0,0.0,True,D,S,0.0
Earth,False,TRAPPIST-1e,22.0,False,350.53903958944284,0.0,102.0,43.0,700.0,False,G,P,1195.5390395894428
Mars,False,55 Cancri e,22.0,False,2229.0,0.0,1349.0,121.0,0.0,True,E,P,3699.0
Mars,False,PSO J318.5-22,71.0,False,924.0,1284.0,10.0,9.0,0.0,False,F,S,2227.0
Mars,False,55 Cancri e,25.0,False,5.0,1.0,633.0,0.0,188.0,True,D,S,827.0
Mars,True,TRAPPIST-1e,27.0,False,0.0,0.0,0.0,0.0,0.0,True,E,S,0.0
Earth,False,TRAPPIST-1e,1.0,False,0.0,0.0,0.0,0.0,0.0,False,G,S,0.0
Earth,False,TRAPPIST-1e,52.0,False,809.0,0.0,0.0,0.0,0.0,True,F,S,809.0
Earth,True,TRAPPIST-1e,0.0,False,0.0,0.0,0.0,0.0,0.0,True,G,S,0.0
Europa,True,55 Cancri e,30.0,False,0.0,0.0,0.0,0.0,0.0,True,B,P,0.0
Europa,False,TRAPPIST-1e,52.0,True,0.0,7452.0,0.0,1158.0,7979.0,False,B,P,16589.0
Earth,False,TRAPPIST-1e,12.0,False,0.0,0.0,0.0,0.0,0.0,True,G,P,0.0
Earth,True,TRAPPIST-1e,22.0,False,0.0,0.0,0.0,0.0,0.0,True,G,P,0.0
Earth,False,TRAPPIST-1e,24.0,False,520.0,0.0,0.0,195.0,0.0,True,G,P,715.0
Mars,False,TRAPPIST-1e,22.0,False,1173.0,0.0,0.0,9.0,0.0,False,D,P,1182.0
Earth,True,PSO J318.5-22,15.0,False,0.0,0.0,0.0,0.0,0.0,False,G,S,0.0
Mars,True,TRAPPIST-1e,21.0,False,0.0,0.0,0.0,0.0,0.0,True,D,P,0.0
Mars,True,55 Cancri e,56.0,False,0.0,0.0,0.0,0.0,0.0,True,D,P,0.0
Mars,False,TRAPPIST-1e,50.0,False,1598.0,0.0,155.0,26.0,0.0,False,D,P,1779.0
Earth,False,TRAPPIST-1e,20.0,False,127.0,0.0,656.0,0.0,21.0,False,F,P,804.0
Earth,False,TRAPPIST-1e,32.0,False,0.0,0.0,47.0,857.0,23.0,False,F,P,927.0
Earth,True,TRAPPIST-1e,28.0,False,0.0,0.0,0.0,0.0,0.0,False,G,P,0.0
Earth,False,TRAPPIST-1e,74.0,False,571.0,0.0,0.0,277.0,0.0,False,G,S,848.0
Mars,True,TRAPPIST-1e,25.0,False,0.0,0.0,0.0,0.0,0.0,True,E,S,0.0
Mars,False,TRAPPIST-1e,31.0,False,691.0,3.0,68.0,286.0,0.0,False,E,S,1048.0
Earth,True,PSO J318.5-22,6.0,False,0.0,0.0,0.0,0.0,0.0,True,G,S,0.0
Earth,True,TRAPPIST-1e,17.0,False,0.0,0.0,0.0,0.0,0.0,True,G,P,0.0
Mars,True,TRAPPIST-1e,12.0,False,0.0,0.0,0.0,0.0,0.0,True,F,P,0.0
Mars,False,TRAPPIST-1e,47.0,False,1130.0,8.0,299.0,0.0,0.0,True,F,P,1437.0
Mars,True,TRAPPIST-1e,46.0,False,0.0,0.0,0.0,0.0,0.0,True,F,P,0.0
Europa,False,55 Cancri e,31.0,False,139.0,4018.0,13.0,232.0,1140.0,True,B,S,5542.0
Europa,False,TRAPPIST-1e,36.0,False,0.0,0.0,0.0,0.0,0.0,True,B,S,0.0
Earth,False,55 Cancri e,15.0,False,62.0,57.0,2646.0,1104.0,312.0,False,G,P,4181.0
Mars,False,TRAPPIST-1e,38.0,False,886.0,0.0,618.0,0.0,0.0,False,F,S,1504.0
Earth,True,55 Cancri e,48.0,False,0.0,0.0,0.0,0.0,0.0,True,G,S,0.0
Earth,True,TRAPPIST-1e,21.0,False,0.0,0.0,0.0,0.0,0.0,True,G,S,0.0
Earth,True,TRAPPIST-1e,4.0,False,0.0,0.0,0.0,0.0,0.0,True,G,S,0.0
Mars,True,TRAPPIST-1e,31.0,False,0.0,0.0,0.0,0.0,0.0,True,F,P,0.0
Earth,False,PSO J318.5-22,31.0,False,0.0,140.0,394.0,0.0,0.0,False,G,P,534.0
Europa,False,PSO J318.5-22,62.0,True,0.0,4513.0,0.0,85.0,1437.0,True,C,S,6035.0
Earth,True,TRAPPIST-1e,29.0,False,0.0,0.0,0.0,0.0,0.0,True,G,P,0.0
Earth,False,TRAPPIST-1e,30.0,False,0.0,4.0,1604.0,678.0,1681.0,False,F,S,3967.0
Mars,False,TRAPPIST-1e,26.0,False,912.0,0.0,43.0,0.0,0.0,False,E,S,955.0
Mars,False,TRAPPIST-1e,43.0,False,33.0,1117.0,59.0,0.0,16.0,False,F,S,1225.0
Mars,False,TRAPPIST-1e,32.0,False,1087.0,0.0,71.0,0.0,0.0,False,F,S,1158.0
Mars,True,55 Cancri e,24.0,False,0.0,0.0,0.0,0.0,0.0,True,F,S,0.0
Mars,True,TRAPPIST-1e,49.0,False,0.0,0.0,0.0,0.0,0.0,True,F,P,0.0
Earth,False,TRAPPIST-1e,21.0,False,17.0,427.0,31.0,257.0,0.0,True,F,S,732.0
Earth,False,TRAPPIST-1e,18.0,False,0.0,730.0,79.0,0.0,476.35311409149364,True,G,S,1285.3531140914936
Earth,True,TRAPPIST-1e,18.0,False,0.0,0.0,0.0,0.0,0.0,True,G,S,0.0
Earth,True,TRAPPIST-1e,14.0,False,0.0,0.0,0.0,0.0,0.0,False,G,S,0.0
Mars,False,TRAPPIST-1e,21.0,False,1507.0,714.4862536656891,3.0,2.0,1196.0,False,D,P,3422.486253665689
Mars,True,55 Cancri e,25.0,False,0.0,0.0,0.0,0.0,0.0,True,F,P,0.0
Europa,False,55 Cancri e,56.0,False,0.0,323.0,971.0,58.0,4240.0,False,E,S,5592.0
Earth,False,TRAPPIST-1e,0.0,False,0.0,0.0,0.0,0.0,0.0,True,G,S,0.0
Earth,False,TRAPPIST-1e,55.0,False,0.0,0.0,5.0,0.0,2409.0,False,F,S,2414.0
Earth,True,TRAPPIST-1e,14.0,False,0.0,0.0,0.0,0.0,0.0,False,G,S,0.0
Mars,False,TRAPPIST-1e,13.0,False,1007.0,0.0,142.0,295.0,0.0,False,F,P,1444.0
Mars,False,55 Cancri e,43.0,False,4.0,0.0,1834.0,1.0,66.0,False,F,P,1905.0
Earth,True,TRAPPIST-1e,39.0,False,0.0,0.0,0.0,0.0,0.0,False,G,P,0.0
Mars,True,TRAPPIST-1e,27.0,False,0.0,0.0,0.0,0.0,0.0,True,F,P,0.0
Earth,False,TRAPPIST-1e,24.0,False,0.0,7.0,548.0,4.0,0.0,True,F,P,559.0
Earth,False,TRAPPIST-1e,26.0,False,207.0,350.0,74.0,0.0,3.0,True,F,S,634.0
Earth,True,55 Cancri e,22.0,False,0.0,0.0,0.0,0.0,0.0,True,G,S,0.0
Earth,False,TRAPPIST-1e,26.0,False,0.0,0.0,1352.0,5.0,0.0,False,F,P,1357.0
Mars,False,TRAPPIST-1e,19.0,False,155.0,0.0,1632.0,3.0,0.0,True,D,P,1790.0
Mars,True,TRAPPIST-1e,38.0,False,0.0,0.0,0.0,0.0,0.0,True,F,P,0.0
Europa,True,55 Cancri e,38.0,False,0.0,0.0,0.0,0.0,0.0,True,B,P,0.0
Europa,False,TRAPPIST-1e,77.0,False,0.0,9032.0,0.0,128.0,1464.0,True,E,P,10624.0
Earth,False,55 Cancri e,28.0,False,2840.0,0.0,0.0,0.0,0.0,False,F,S,2840.0
Earth,False,TRAPPIST-1e,22.0,False,350.53903958944284,1.0,379.0,0.0,336.0,False,F,P,1066.5390395894428
Earth,False,TRAPPIST-1e,20.0,False,4.0,353.0,193.0,241.0,0.0,False,E,P,791.0
Earth,False,TRAPPIST-1e,18.0,False,0.0,0.0,699.0,0.0,0.0,True,F,S,699.0
Europa,False,55 Cancri e,10.0,False,0.0,0.0,0.0,0.0,0.0,True,B,S,0.0
Europa,True,55 Cancri e,34.0,False,0.0,0.0,0.0,0.0,0.0,True,B,S,0.0
Earth,False,TRAPPIST-1e,43.0,False,0.0,788.0,0.0,0.0,1191.0,False,F,S,1979.0
Mars,True,55 Cancri e,31.0,False,0.0,0.0,0.0,0.0,0.0,False,E,S,0.0
Mars,True,55 Cancri e,40.0,False,0.0,0.0,0.0,0.0,0.0,True,D,P,0.0
Mars,False,TRAPPIST-1e,25.0,False,1299.0,0.0,0.0,0.0,0.0,False,D,P,1299.0
Mars,True,TRAPPIST-1e,68.0,False,0.0,0.0,0.0,0.0,0.0,True,F,S,0.0
Earth,False,TRAPPIST-1e,20.0,False,0.0,0.0,147.0,485.74408365437534,0.0,False,F,P,632.7440836543753
Mars,False,TRAPPIST-1e,27.0,True,309.0,714.4862536656891,849.0,0.0,0.0,True,F,P,1872.4862536656892
Earth,False,TRAPPIST-1e,1.0,False,0.0,0.0,0.0,0.0,0.0,False,G,S,0.0
Earth,False,PSO J318.5-22,60.0,False,0.0,31.0,6.0,223.0,356.0,False,G,S,616.0
Earth,False,55 Cancri e,28.0,False,0.0,0.0,675.0,31.0,0.0,True,G,S,706.0
Earth,False,PSO J318.5-22,11.0,False,0.0,0.0,0.0,0.0,0.0,False,G,S,0.0
Earth,False,55 Cancri e,0.0,False,0.0,0.0,0.0,0.0,0.0,False,F,S,0.0
Earth,True,TRAPPIST-1e,9.0,False,0.0,0.0,0.0,0.0,0.0,False,G,S,0.0
Mars,False,TRAPPIST-1e,38.0,False,1046.0,0.0,1553.0,0.0,0.0,False,F,P,2599.0
Earth,False,55 Cancri e,18.0,False,0.0,0.0,270.12864211105006,588.0,0.0,False,F,P,858.1286421110501
Earth,False,TRAPPIST-1e,40.0,False,4.0,11.0,669.0,0.0,773.0,False,F,P,1457.0
Earth,False,TRAPPIST-1e,21.0,False,330.0,11.0,0.0,0.0,398.0,False,F,P,739.0
Earth,True,TRAPPIST-1e,24.0,False,0.0,0.0,0.0,0.0,0.0,False,G,S,0.0
Europa,False,TRAPPIST-1e,26.0,False,350.53903958944284,1653.0,7.0,227.0,1457.0,False,A,P,3694.539039589443
Europa,False,TRAPPIST-1e,47.0,False,3865.0,3810.0,0.0,12.0,196.0,False,A,P,7883.0
Europa,False,TRAPPIST-1e,46.0,False,0.0,131.0,270.12864211105006,8873.0,469.0,False,A,P,9743.12864211105
Earth,True,55 Cancri e,55.0,False,0.0,0.0,0.0,0.0,0.0,True,G,S,0.0
Earth,False,TRAPPIST-1e,50.0,False,293.0,0.0,21.0,573.0,0.0,False,G,P,887.0
Mars,True,TRAPPIST-1e,10.0,False,0.0,0.0,0.0,0.0,0.0,True,F,P,0.0
Europa,False,55 Cancri e,17.0,False,454.0,19.0,0.0,485.74408365437534,3219.0,False,E,S,4177.744083654376
Europa,False,55 Cancri e,20.0,False,11.0,596.0,0.0,3583.0,266.0,False,E,S,4456.0
Europa,False,TRAPPIST-1e,37.0,False,76.0,2804.0,0.0,1287.0,1229.0,False,E,S,5396.0
Earth,False,TRAPPIST-1e,24.0,False,11.0,0.0,9.0,2645.0,2.0,False,F,P,2667.0
Earth,False,55 Cancri e,43.0,False,511.0,233.0,270.12864211105006,0.0,144.0,False,G,P,1158.12864211105
Earth,False,TRAPPIST-1e,0.0,False,0.0,0.0,0.0,0.0,0.0,False,G,P,0.0
Earth,False,TRAPPIST-1e,24.0,False,180.0,264.0,0.0,1225.0,0.0,False,E,S,1669.0
Mars,False,TRAPPIST-1e,22.0,False,715.0,0.0,726.0,325.0,0.0,False,D,P,1766.0
Earth,True,TRAPPIST-1e,14.0,False,0.0,0.0,0.0,0.0,0.0,True,G,S,0.0
Earth,True,TRAPPIST-1e,3.0,False,0.0,0.0,0.0,0.0,0.0,True,G,S,0.0
Earth,True,55 Cancri e,22.0,False,0.0,0.0,0.0,0.0,0.0,True,G,S,0.0
Earth,False,TRAPPIST-1e,23.0,False,0.0,1573.0,0.0,36.0,0.0,True,E,S,1609.0
Mars,False,TRAPPIST-1e,56.0,False,324.0,574.0,116.0,0.0,0.0,False,E,P,1014.0
Earth,False,TRAPPIST-1e,36.0,False,5.0,623.0,88.0,5.0,1.0,True,F,S,722.0
Earth,False,55 Cancri e,58.0,False,52.0,0.0,5.0,517.0,0.0,False,F,S,574.0
Earth,False,TRAPPIST-1e,1.0,False,0.0,0.0,0.0,0.0,0.0,False,G,S,0.0
Mars,True,TRAPPIST-1e,39.0,False,0.0,0.0,0.0,0.0,0.0,False,E,S,0.0
Earth,False,TRAPPIST-1e,33.0,False,0.0,0.0,75.0,709.0,0.0,False,G,P,784.0
Earth,False,PSO J318.5-22,19.0,False,0.0,0.0,616.0,0.0,0.0,False,G,S,616.0
Earth,False,TRAPPIST-1e,27.0,False,16.0,0.0,799.0,0.0,37.0,False,G,P,852.0
Earth,False,TRAPPIST-1e,33.0,False,0.0,950.0,0.0,102.0,0.0,True,F,S,1052.0
Europa,True,55 Cancri e,17.0,False,0.0,0.0,0.0,0.0,0.0,True,C,S,0.0
Europa,False,TRAPPIST-1e,28.0,False,0.0,3281.0,0.0,68.0,341.0,True,C,S,3690.0
Earth,False,TRAPPIST-1e,21.0,False,63.0,15.0,407.0,397.0,0.0,False,G,S,882.0
Europa,False,TRAPPIST-1e,45.0,False,3.0,2344.0,1100.0,498.0,0.0,True,B,S,3945.0
Mars,True,TRAPPIST-1e,62.0,False,0.0,0.0,0.0,0.0,0.0,True,F,P,0.0
Mars,True,TRAPPIST-1e,43.0,False,0.0,0.0,0.0,0.0,0.0,True,F,S,0.0
Earth,False,TRAPPIST-1e,27.0,False,158.0,0.0,1271.0,0.0,71.0,False,F,S,1500.0
Earth,True,55 Cancri e,1.0,False,0.0,0.0,0.0,0.0,0.0,True,G,P,0.0
Earth,False,TRAPPIST-1e,31.0,False,593.0,540.0,238.0,0.0,77.0,False,F,P,1448.0
Earth,False,TRAPPIST-1e,18.0,False,0.0,30.0,0.0,756.0,5.0,False,E,P,791.0
Mars,False,TRAPPIST-1e,21.0,False,1097.0,0.0,80.0,589.0,0.0,False,D,P,1766.0
Mars,False,TRAPPIST-1e,7.0,False,0.0,0.0,0.0,0.0,0.0,True,F,P,0.0
Mars,False,TRAPPIST-1e,22.0,False,2646.0,0.0,599.0,117.0,0.0,False,D,P,3362.0
Mars,True,TRAPPIST-1e,26.0,False,0.0,0.0,0.0,0.0,0.0,False,E,S,0.0
Earth,True,TRAPPIST-1e,30.0,False,0.0,0.0,0.0,0.0,0.0,True,G,S,0.0
Earth,False,TRAPPIST-1e,17.0,False,0.0,382.0,402.0,0.0,7.0,False,E,S,791.0
Earth,True,TRAPPIST-1e,27.0,False,0.0,0.0,0.0,0.0,0.0,False,G,P,0.0
Earth,False,55 Cancri e,10.0,False,0.0,714.4862536656891,0.0,0.0,476.35311409149364,False,G,S,1190.8393677571828
Earth,False,TRAPPIST-1e,25.0,False,764.0,16.0,0.0,8.0,0.0,False,E,P,788.0
Earth,False,TRAPPIST-1e,21.0,False,0.0,714.4862536656891,0.0,0.0,0.0,False,G,P,714.4862536656891
Earth,False,55 Cancri e,53.0,False,8.0,0.0,236.0,0.0,2049.0,False,F,S,2293.0
Earth,False,TRAPPIST-1e,21.0,False,0.0,0.0,687.0,46.0,20.0,False,G,P,753.0
Europa,False,TRAPPIST-1e,28.0,False,0.0,3315.0,0.0,594.0,85.0,True,C,S,3994.0
Earth,True,PSO J318.5-22,20.0,False,0.0,0.0,0.0,0.0,0.0,True,G,S,0.0
Europa,True,55 Cancri e,54.0,False,0.0,0.0,0.0,0.0,0.0,True,E,S,0.0
Earth,True,TRAPPIST-1e,9.0,False,0.0,0.0,0.0,0.0,0.0,False,G,P,0.0
Earth,False,TRAPPIST-1e,20.0,False,508.0,0.0,1.0,1372.0,0.0,False,G,P,1881.0
Earth,False,TRAPPIST-1e,19.0,False,0.0,165.0,0.0,699.0,0.0,False,F,S,864.0
Earth,False,TRAPPIST-1e,32.0,False,0.0,632.0,0.0,0.0,0.0,False,F,P,632.0
Mars,False,TRAPPIST-1e,22.0,False,0.0,0.0,0.0,0.0,0.0,False,E,S,0.0
Europa,False,55 Cancri e,35.0,False,74.0,5082.0,0.0,893.0,1937.0,True,C,S,7986.0
Earth,False,TRAPPIST-1e,26.0,False,0.0,56.0,322.0,6.0,243.0,True,G,P,627.0
Earth,True,TRAPPIST-1e,51.0,False,0.0,0.0,0.0,0.0,0.0,False,G,P,0.0
Earth,False,55 Cancri e,8.0,False,0.0,0.0,0.0,0.0,0.0,True,G,P,0.0
Earth,False,TRAPPIST-1e,40.0,False,0.0,0.0,895.0,0.0,0.0,True,G,S,895.0
Earth,True,55 Cancri e,2.0,False,0.0,0.0,0.0,0.0,0.0,True,G,S,0.0
Earth,True,PSO J318.5-22,19.0,False,0.0,0.0,0.0,0.0,0.0,False,G,S,0.0
Earth,True,TRAPPIST-1e,32.0,False,0.0,0.0,0.0,0.0,0.0,True,G,P,0.0
Earth,False,55 Cancri e,16.0,False,1612.0,4.0,0.0,184.0,0.0,False,G,P,1800.0
Earth,False,TRAPPIST-1e,64.0,False,0.0,0.0,16.0,733.0,159.0,False,G,P,908.0
Earth,False,55 Cancri e,35.0,False,256.0,0.0,341.0,35.0,0.0,True,F,S,632.0
Europa,False,TRAPPIST-1e,33.0,False,20.0,653.0,0.0,121.0,483.0,False,A,P,1277.0
Europa,False,55 Cancri e,9.0,False,0.0,0.0,0.0,0.0,0.0,True,C,S,0.0
Europa,True,TRAPPIST-1e,21.0,False,0.0,0.0,0.0,0.0,0.0,True,C,S,0.0
Europa,True,TRAPPIST-1e,28.0,False,0.0,0.0,0.0,0.0,0.0,True,C,S,0.0
Europa,True,TRAPPIST-1e,28.0,False,0.0,0.0,0.0,0.0,0.0,True,C,S,0.0
Earth,True,PSO J318.5-22,31.0,False,0.0,0.0,0.0,0.0,0.0,True,G,P,0.0
Earth,False,55 Cancri e,32.0,False,1150.0,201.0,0.0,0.0,8.0,False,F,P,1359.0
Europa,True,55 Cancri e,43.0,False,0.0,0.0,0.0,0.0,0.0,True,B,S,0.0
Europa,True,TRAPPIST-1e,60.0,False,0.0,0.0,0.0,0.0,0.0,True,B,S,0.0
Europa,False,TRAPPIST-1e,43.0,False,0.0,1440.0,0.0,85.0,150.0,True,B,S,1675.0
Earth,False,TRAPPIST-1e,43.0,False,0.0,16.0,34.0,753.0,1.0,False,F,S,804.0
Earth,False,TRAPPIST-1e,19.0,False,64.0,0.0,453.0,174.0,6.0,False,F,S,697.0
Earth,False,TRAPPIST-1e,21.0,False,0.0,0.0,0.0,646.0,138.0,False,G,S,784.0
Earth,False,TRAPPIST-1e,38.0,False,0.0,0.0,0.0,846.0,0.0,False,G,S,846.0
Earth,True,PSO J318.5-22,17.0,False,0.0,0.0,0.0,0.0,0.0,True,G,P,0.0
Earth,True,PSO J318.5-22,29.0,False,0.0,0.0,0.0,0.0,0.0,True,G,P,0.0
Earth,False,PSO J318.5-22,2.0,False,350.53903958944284,0.0,0.0,0.0,0.0,True,G,S,350.53903958944284
Earth,False,TRAPPIST-1e,22.0,False,718.0,2.0,50.0,0.0,0.0,True,F,S,770.0
Earth,False,55 Cancri e,18.0,False,0.0,714.4862536656891,14.0,625.0,0.0,False,F,S,1353.4862536656892
Earth,True,TRAPPIST-1e,16.0,False,0.0,0.0,0.0,0.0,0.0,True,G,P,0.0
Europa,True,TRAPPIST-1e,52.0,False,0.0,0.0,0.0,0.0,0.0,True,B,S,0.0
Europa,False,55 Cancri e,52.0,False,13.0,6074.0,0.0,10385.0,299.0,False,F,S,16771.0
Europa,True,55 Cancri e,14.0,False,0.0,0.0,0.0,0.0,0.0,True,B,S,0.0
Europa,False,TRAPPIST-1e,25.0,True,0.0,0.0,0.0,0.0,0.0,True,B,S,0.0
Europa,True,TRAPPIST-1e,34.0,False,0.0,0.0,0.0,0.0,0.0,True,B,S,0.0
Mars,False,TRAPPIST-1e,20.0,False,915.0,12.0,25.0,205.0,311.0,True,F,S,1468.0
Earth,True,PSO J318.5-22,28.0,False,0.0,0.0,0.0,0.0,0.0,True,G,P,0.0
Earth,True,TRAPPIST-1e,27.0,False,0.0,0.0,0.0,0.0,0.0,False,G,P,0.0
Earth,False,55 Cancri e,20.0,False,2598.0,927.0,0.0,866.0,2.0,False,G,P,4393.0
Earth,False,55 Cancri e,44.0,False,632.0,0.0,101.0,5.0,0.0,True,F,S,738.0
Earth,False,TRAPPIST-1e,64.0,False,313.0,782.0,8.0,0.0,0.0,False,F,P,1103.0
Earth,False,TRAPPIST-1e,27.0,False,0.0,0.0,775.0,127.0,0.0,True,F,P,902.0
Earth,True,TRAPPIST-1e,24.0,False,0.0,0.0,0.0,0.0,0.0,False,G,S,0.0
Mars,True,TRAPPIST-1e,38.0,False,0.0,0.0,0.0,0.0,0.0,True,F,P,0.0
Mars,False,TRAPPIST-1e,47.0,False,378.0,0.0,117.0,1147.0,132.0,False,F,P,1774.0
Earth,True,55 Cancri e,8.0,False,0.0,0.0,0.0,0.0,0.0,True,G,S,0.0
Earth,False,TRAPPIST-1e,1.0,False,0.0,0.0,0.0,0.0,0.0,True,G,S,0.0
Earth,False,55 Cancri e,0.0,False,0.0,0.0,0.0,0.0,0.0,True,G,S,0.0
Earth,True,TRAPPIST-1e,20.0,False,0.0,0.0,0.0,0.0,0.0,True,G,S,0.0
Europa,True,TRAPPIST-1e,41.0,False,0.0,0.0,0.0,0.0,0.0,True,D,P,0.0
Mars,True,TRAPPIST-1e,35.0,False,0.0,0.0,0.0,0.0,0.0,False,D,P,0.0
Mars,False,55 Cancri e,31.0,False,1065.0,13.0,150.0,36.0,0.0,False,D,P,1264.0
Earth,False,PSO J318.5-22,14.0,False,0.0,43.0,504.0,125.0,0.0,False,F,P,672.0
Earth,False,TRAPPIST-1e,25.0,False,0.0,0.0,762.0,0.0,50.0,False,G,P,812.0
Europa,True,TRAPPIST-1e,26.0,False,0.0,0.0,0.0,0.0,0.0,True,D,P,0.0
Europa,False,TRAPPIST-1e,26.0,False,0.0,1638.0,0.0,476.0,226.0,False,E,S,2340.0
Europa,False,TRAPPIST-1e,30.0,False,0.0,1076.0,0.0,3725.0,9.0,False,E,P,4810.0
Europa,True,55 Cancri e,49.0,False,0.0,0.0,0.0,0.0,0.0,True,B,S,0.0
Earth,False,TRAPPIST-1e,19.0,False,260.0,0.0,238.0,139.0,8.0,False,F,S,645.0
Earth,False,TRAPPIST-1e,15.0,False,10.0,0.0,99.0,485.74408365437534,2031.0,False,F,S,2625.7440836543756
Earth,False,TRAPPIST-1e,27.0,False,0.0,0.0,0.0,0.0,1765.0,False,G,P,1765.0
Europa,False,TRAPPIST-1e,39.0,False,0.0,957.0,0.0,22.0,401.0,True,B,S,1380.0
Europa,True,55 Cancri e,32.0,False,0.0,0.0,0.0,0.0,0.0,True,B,S,0.0
Europa,False,TRAPPIST-1e,11.0,False,0.0,0.0,0.0,0.0,0.0,True,B,S,0.0
Europa,True,TRAPPIST-1e,44.0,False,0.0,0.0,0.0,0.0,0.0,True,B,S,0.0
Europa,True,TRAPPIST-1e,36.0,False,0.0,0.0,0.0,0.0,0.0,True,B,S,0.0
Earth,False,TRAPPIST-1e,56.0,False,0.0,335.0,532.0,15.0,26.0,False,G,P,908.0
Earth,True,TRAPPIST-1e,42.0,False,0.0,0.0,0.0,0.0,0.0,True,G,P,0.0
Europa,True,55 Cancri e,40.0,False,0.0,0.0,0.0,0.0,0.0,True,C,P,0.0
Europa,True,55 Cancri e,53.0,False,0.0,0.0,0.0,0.0,0.0,True,C,P,0.0
Mars,True,TRAPPIST-1e,31.0,False,0.0,0.0,0.0,0.0,0.0,True,F,S,0.0
Mars,True,TRAPPIST-1e,14.0,False,0.0,0.0,0.0,0.0,0.0,True,F,S,0.0
Earth,True,PSO J318.5-22,31.0,False,0.0,0.0,0.0,0.0,0.0,True,G,P,0.0
Earth,False,TRAPPIST-1e,42.0,False,0.0,714.4862536656891,1519.0,0.0,4.0,False,E,S,2237.486253665689
Earth,False,TRAPPIST-1e,32.0,False,0.0,0.0,0.0,0.0,772.0,False,G,S,772.0
Earth,False,TRAPPIST-1e,34.0,False,578.0,0.0,0.0,0.0,323.0,False,F,P,901.0
Earth,True,TRAPPIST-1e,55.0,False,0.0,0.0,0.0,0.0,0.0,True,G,P,0.0
Mars,False,TRAPPIST-1e,42.0,False,1633.0,0.0,29.0,4.0,102.0,False,F,P,1768.0
Earth,False,TRAPPIST-1e,40.0,False,666.0,4.0,83.0,0.0,50.0,True,F,S,803.0
Mars,False,55 Cancri e,48.0,False,824.0,2.0,830.0,298.0,0.0,False,D,S,1954.0
Mars,True,TRAPPIST-1e,37.0,False,0.0,0.0,0.0,0.0,0.0,True,D,S,0.0
Mars,True,55 Cancri e,17.0,False,0.0,0.0,0.0,0.0,0.0,True,D,S,0.0
Mars,True,TRAPPIST-1e,60.0,False,0.0,0.0,0.0,0.0,0.0,True,F,P,0.0
Europa,True,55 Cancri e,19.0,False,0.0,0.0,0.0,0.0,0.0,True,B,S,0.0
Europa,False,TRAPPIST-1e,30.0,False,0.0,180.0,90.0,7740.0,142.0,False,B,S,8152.0
Europa,False,TRAPPIST-1e,32.0,False,0.0,0.0,7.0,3653.0,226.0,False,B,S,3886.0
Earth,True,PSO J318.5-22,28.0,False,0.0,0.0,0.0,0.0,0.0,True,G,P,0.0
Earth,True,TRAPPIST-1e,26.0,False,0.0,0.0,0.0,0.0,0.0,False,G,S,0.0
Earth,True,TRAPPIST-1e,24.0,False,0.0,0.0,0.0,0.0,0.0,True,G,S,0.0
Earth,True,55 Cancri e,47.0,False,0.0,0.0,0.0,0.0,0.0,False,G,S,0.0
Earth,False,TRAPPIST-1e,32.0,False,180.0,25.0,584.0,0.0,0.0,False,E,S,789.0
Europa,True,TRAPPIST-1e,73.0,True,0.0,0.0,0.0,0.0,0.0,True,C,P,0.0
Earth,False,TRAPPIST-1e,17.0,False,3.0,2126.0,0.0,0.0,0.0,True,F,S,2129.0
Earth,True,PSO J318.5-22,47.0,False,0.0,0.0,0.0,0.0,0.0,False,G,P,0.0
Europa,False,TRAPPIST-1e,27.0,False,0.0,216.0,191.0,12062.0,59.0,False,C,S,12528.0
Europa,True,55 Cancri e,13.0,False,0.0,0.0,0.0,0.0,0.0,True,C,S,0.0
Europa,False,TRAPPIST-1e,22.0,False,0.0,5.0,0.0,12.0,6111.0,False,C,S,6128.0
Europa,False,TRAPPIST-1e,61.0,False,0.0,4082.0,0.0,265.0,201.0,True,C,S,4548.0
Europa,False,55 Cancri e,19.0,False,0.0,4494.0,0.0,11.0,3460.0,True,C,S,7965.0
Europa,False,TRAPPIST-1e,45.0,False,0.0,1897.0,0.0,880.0,605.0,True,C,S,3382.0
Earth,True,PSO J318.5-22,18.0,False,0.0,0.0,0.0,0.0,0.0,False,G,S,0.0
Earth,False,TRAPPIST-1e,32.0,False,0.0,810.0,0.0,0.0,2.0,False,G,S,812.0
Europa,False,TRAPPIST-1e,52.0,True,0.0,1429.0,0.0,1371.0,488.0,True,A,P,3288.0
Mars,True,TRAPPIST-1e,25.0,False,0.0,0.0,0.0,0.0,0.0,True,F,S,0.0
Mars,True,TRAPPIST-1e,9.0,False,0.0,0.0,0.0,0.0,0.0,True,F,S,0.0
Mars,True,TRAPPIST-1e,18.0,False,0.0,0.0,0.0,0.0,0.0,True,F,S,0.0
Earth,False,PSO J318.5-22,26.0,False,717.0,0.0,84.0,0.0,0.0,False,D,S,801.0
Earth,False,TRAPPIST-1e,20.0,False,1.0,52.0,533.0,0.0,1022.0,False,E,P,1608.0
Earth,False,TRAPPIST-1e,6.0,False,0.0,0.0,0.0,0.0,0.0,True,G,P,0.0
Earth,False,PSO J318.5-22,5.0,False,0.0,0.0,0.0,0.0,0.0,False,G,P,0.0
Europa,False,55 Cancri e,40.0,False,0.0,372.0,7.0,5.0,1467.0,False,A,P,1851.0
Earth,True,PSO J318.5-22,20.0,False,0.0,0.0,0.0,0.0,0.0,True,G,S,0.0
Mars,False,TRAPPIST-1e,18.0,False,2532.0,0.0,46.0,0.0,0.0,False,D,S,2578.0
Earth,False,TRAPPIST-1e,42.0,False,0.0,3.0,0.0,898.0,1.0,False,F,P,902.0
Earth,True,PSO J318.5-22,14.0,False,0.0,0.0,0.0,0.0,0.0,True,G,P,0.0
Mars,True,TRAPPIST-1e,33.0,False,0.0,0.0,0.0,0.0,0.0,True,F,S,0.0
Earth,False,55 Cancri e,23.0,False,664.0,17.0,0.0,0.0,476.35311409149364,False,F,P,1157.3531140914936
Earth,True,TRAPPIST-1e,35.0,False,0.0,0.0,0.0,0.0,0.0,False,G,S,0.0
Earth,False,PSO J318.5-22,53.0,False,2.0,18.0,705.0,0.0,1.0,False,F,P,726.0
Earth,True,TRAPPIST-1e,56.0,False,0.0,0.0,0.0,0.0,0.0,True,G,P,0.0
Earth,False,55 Cancri e,35.0,False,1.0,0.0,37.0,719.0,0.0,False,F,P,757.0
Earth,False,TRAPPIST-1e,18.0,False,1.0,56.0,0.0,602.0,205.0,False,F,P,864.0
Earth,False,TRAPPIST-1e,25.0,False,106.0,46.0,270.12864211105006,0.0,843.0,False,E,P,1265.12864211105
Earth,True,55 Cancri e,20.0,False,0.0,0.0,0.0,0.0,0.0,True,G,P,0.0
Mars,True,TRAPPIST-1e,44.0,False,0.0,0.0,0.0,0.0,0.0,True,F,S,0.0
Earth,True,TRAPPIST-1e,26.0,False,0.0,0.0,0.0,0.0,0.0,False,G,S,0.0
Mars,False,TRAPPIST-1e,23.0,False,24.0,1.0,1264.0,0.0,0.0,True,F,S,1289.0
Mars,True,TRAPPIST-1e,39.0,False,0.0,0.0,0.0,0.0,0.0,True,F,S,0.0
Europa,True,TRAPPIST-1e,25.0,False,0.0,0.0,0.0,0.0,0.0,True,B,P,0.0
Europa,False,55 Cancri e,42.0,False,0.0,1209.0,0.0,1026.0,636.0,False,B,P,2871.0
Earth,False,TRAPPIST-1e,20.0,False,0.0,39.0,830.0,17.0,0.0,True,G,S,886.0
Earth,True,TRAPPIST-1e,4.0,False,0.0,0.0,0.0,0.0,0.0,True,G,S,0.0
Earth,True,TRAPPIST-1e,64.0,False,0.0,0.0,0.0,0.0,0.0,True,G,S,0.0
Earth,False,TRAPPIST-1e,0.0,False,0.0,0.0,0.0,0.0,0.0,True,G,S,0.0
Earth,False,PSO J318.5-22,19.0,False,0.0,463.0,269.0,0.0,4.0,True,F,P,736.0
Earth,False,55 Cancri e,6.0,False,0.0,0.0,0.0,0.0,0.0,False,G,S,0.0
Europa,True,TRAPPIST-1e,23.0,False,0.0,0.0,0.0,0.0,0.0,True,B,P,0.0
Earth,False,TRAPPIST-1e,22.0,False,0.0,269.0,0.0,100.0,28.0,False,G,S,397.0
Earth,False,TRAPPIST-1e,18.0,False,0.0,0.0,1435.0,0.0,476.35311409149364,True,G,S,1911.3531140914936
Mars,False,TRAPPIST-1e,21.0,False,2.0,0.0,898.0,148.0,0.0,False,E,S,1048.0
Earth,False,PSO J318.5-22,37.0,False,308.0,35.0,415.0,10.0,0.0,True,G,P,768.0
Earth,True,55 Cancri e,24.0,False,0.0,0.0,0.0,0.0,0.0,True,G,P,0.0
Earth,True,TRAPPIST-1e,38.0,False,0.0,0.0,0.0,0.0,0.0,False,G,S,0.0
Earth,False,TRAPPIST-1e,11.0,False,0.0,0.0,0.0,0.0,0.0,True,G,S,0.0
Earth,False,55 Cancri e,6.0,False,0.0,0.0,0.0,0.0,0.0,False,G,S,0.0
Europa,False,TRAPPIST-1e,49.0,False,0.0,104.0,809.0,3668.0,7.0,False,C,P,4588.0
Europa,False,TRAPPIST-1e,55.0,False,0.0,5971.0,158.0,4125.0,1984.0,False,C,P,12238.0
Earth,True,TRAPPIST-1e,15.0,False,0.0,0.0,0.0,0.0,0.0,True,G,S,0.0
Earth,False,TRAPPIST-1e,19.0,False,90.0,0.0,0.0,74.0,595.0,False,F,P,759.0
Earth,True,TRAPPIST-1e,16.0,False,0.0,0.0,0.0,0.0,0.0,True,G,P,0.0
Europa,False,TRAPPIST-1e,48.0,False,0.0,12.0,0.0,7967.0,15.0,False,B,P,7994.0
Europa,True,55 Cancri e,25.0,False,0.0,0.0,0.0,0.0,0.0,True,B,P,0.0
Europa,False,TRAPPIST-1e,23.0,False,2.0,6748.0,0.0,23.0,0.0,True,B,P,6773.0
Earth,True,PSO J318.5-22,27.0,False,0.0,0.0,0.0,0.0,0.0,False,G,P,0.0
Earth,False,TRAPPIST-1e,39.0,False,505.0,178.0,181.0,0.0,0.0,False,F,P,864.0
Earth,False,TRAPPIST-1e,28.0,False,0.0,1376.0,4.0,0.0,0.0,True,F,P,1380.0
Mars,True,TRAPPIST-1e,72.0,False,0.0,0.0,0.0,0.0,0.0,True,F,S,0.0
Mars,False,TRAPPIST-1e,47.0,False,2267.0,0.0,117.0,0.0,0.0,False,D,P,2384.0
Earth,True,TRAPPIST-1e,65.0,False,0.0,0.0,0.0,0.0,0.0,False,G,S,0.0
Earth,False,PSO J318.5-22,40.0,False,15.0,0.0,0.0,670.0,476.35311409149364,False,F,P,1161.3531140914936
Europa,True,55 Cancri e,18.0,False,0.0,0.0,0.0,0.0,0.0,True,E,P,0.0
Europa,True,TRAPPIST-1e,27.0,False,0.0,0.0,0.0,0.0,0.0,True,E,P,0.0
Earth,True,TRAPPIST-1e,21.0,False,0.0,0.0,0.0,0.0,0.0,True,G,P,0.0
Earth,False,TRAPPIST-1e,37.0,False,190.0,0.0,2.0,799.0,0.0,False,E,S,991.0
Europa,False,TRAPPIST-1e,31.0,False,0.0,1216.0,0.0,897.0,478.0,False,E,S,2591.0
Earth,False,TRAPPIST-1e,33.0,False,22.0,37.0,415.0,0.0,333.0,False,G,S,807.0
Europa,True,55 Cancri e,53.0,False,0.0,0.0,0.0,0.0,0.0,True,C,P,0.0
Europa,False,TRAPPIST-1e,27.0,False,0.0,18481.0,0.0,2.0,3875.0,True,C,P,22358.0
Earth,False,TRAPPIST-1e,74.0,False,0.0,193.0,581.0,0.0,0.0,True,G,S,774.0
Mars,True,TRAPPIST-1e,27.0,False,0.0,0.0,0.0,0.0,0.0,True,F,P,0.0
Earth,False,PSO J318.5-22,23.0,False,381.0,0.0,137.0,104.0,8.0,False,F,P,630.0
Europa,False,55 Cancri e,74.0,False,0.0,1026.0,0.0,6616.0,119.0,False,C,P,7761.0
Earth,True,TRAPPIST-1e,23.0,False,0.0,0.0,0.0,0.0,0.0,True,G,P,0.0
Earth,False,PSO J318.5-22,26.0,False,6.0,0.0,400.0,2.0,373.0,False,G,S,781.0
Earth,True,TRAPPIST-1e,0.0,False,0.0,0.0,0.0,0.0,0.0,True,G,S,0.0
Earth,True,TRAPPIST-1e,0.0,False,0.0,0.0,0.0,0.0,0.0,True,G,P,0.0
Earth,False,55 Cancri e,24.0,False,95.0,35.0,1442.0,0.0,0.0,False,F,P,1572.0
Europa,True,TRAPPIST-1e,28.0,False,0.0,0.0,0.0,0.0,0.0,True,B,S,0.0
Europa,True,TRAPPIST-1e,17.0,False,0.0,0.0,0.0,0.0,0.0,True,B,S,0.0
Earth,True,55 Cancri e,26.0,False,0.0,0.0,0.0,0.0,0.0,True,B,S,0.0
Europa,False,TRAPPIST-1e,39.0,False,0.0,2.0,0.0,909.0,3291.0,False,B,S,4202.0
Earth,False,TRAPPIST-1e,17.0,False,0.0,83.0,0.0,0.0,943.0,False,G,P,1026.0
Earth,False,55 Cancri e,15.0,False,350.0,0.0,91.0,198.0,0.0,False,F,S,639.0
Earth,False,TRAPPIST-1e,37.0,False,503.0,0.0,26.0,0.0,116.0,False,F,P,645.0
Earth,False,TRAPPIST-1e,38.0,False,792.0,0.0,270.12864211105006,1.0,29.0,True,F,S,1092.12864211105
Europa,False,55 Cancri e,33.0,False,0.0,27071.0,0.0,15.0,0.0,True,B,S,27086.0
Europa,True,TRAPPIST-1e,16.0,False,0.0,0.0,0.0,0.0,0.0,True,B,S,0.0
Europa,False,TRAPPIST-1e,41.0,True,0.0,649.0,0.0,945.0,476.35311409149364,True,B,S,2070.353114091494
Europa,False,TRAPPIST-1e,7.0,False,0.0,0.0,0.0,0.0,0.0,True,B,S,0.0
Earth,False,TRAPPIST-1e,20.0,False,1.0,760.0,270.12864211105006,21.0,0.0,False,G,S,1052.12864211105
Earth,True,PSO J318.5-22,44.0,False,0.0,0.0,0.0,0.0,0.0,True,G,S,0.0
Earth,False,TRAPPIST-1e,42.0,False,1196.0,0.0,0.0,68.0,1.0,False,F,S,1265.0
Earth,False,TRAPPIST-1e,29.0,False,0.0,4.0,0.0,0.0,904.0,False,G,S,908.0
Europa,False,55 Cancri e,22.0,False,0.0,4209.0,26.0,2462.0,466.0,True,B,S,7163.0
Europa,False,TRAPPIST-1e,21.0,False,0.0,2834.0,0.0,414.0,558.0,True,B,S,3806.0
Earth,True,TRAPPIST-1e,21.0,False,0.0,0.0,0.0,0.0,0.0,False,G,P,0.0
Earth,True,TRAPPIST-1e,21.0,False,0.0,0.0,0.0,0.0,0.0,False,G,P,0.0
Mars,True,TRAPPIST-1e,13.0,False,0.0,0.0,0.0,0.0,0.0,True,F,P,0.0
Earth,True,PSO J318.5-22,16.0,False,0.0,0.0,0.0,0.0,0.0,True,G,S,0.0
Mars,True,55 Cancri e,36.0,False,0.0,0.0,0.0,0.0,0.0,True,F,P,0.0
Earth,True,TRAPPIST-1e,36.0,False,0.0,0.0,0.0,0.0,0.0,True,G,S,0.0
Earth,False,PSO J318.5-22,26.0,False,86.0,377.0,0.0,0.0,77.0,False,G,P,540.0
Europa,True,TRAPPIST-1e,28.0,False,0.0,0.0,0.0,0.0,0.0,True,C,P,0.0
Earth,False,TRAPPIST-1e,14.0,False,0.0,0.0,533.0,266.0,93.0,False,G,S,892.0
Earth,True,TRAPPIST-1e,29.0,False,0.0,0.0,0.0,0.0,0.0,False,G,S,0.0
Mars,False,TRAPPIST-1e,19.0,False,506.0,0.0,395.0,159.0,229.0,False,F,P,1289.0
Earth,False,TRAPPIST-1e,51.0,False,90.0,0.0,0.0,881.0,0.0,False,F,P,971.0
Earth,True,TRAPPIST-1e,64.0,False,0.0,0.0,0.0,0.0,0.0,True,G,S,0.0
Europa,True,TRAPPIST-1e,41.0,False,0.0,0.0,0.0,0.0,0.0,True,B,P,0.0
Earth,True,TRAPPIST-1e,27.0,False,0.0,0.0,0.0,0.0,0.0,False,G,S,0.0
Earth,True,55 Cancri e,16.0,False,0.0,0.0,0.0,0.0,0.0,True,G,S,0.0
Earth,False,TRAPPIST-1e,20.0,False,0.0,880.0,5.0,25.0,490.0,False,F,S,1400.0
Europa,True,TRAPPIST-1e,31.0,False,0.0,0.0,0.0,0.0,0.0,True,B,P,0.0
Europa,False,TRAPPIST-1e,38.0,False,0.0,952.0,0.0,0.0,1790.0,False,B,P,2742.0
Europa,True,55 Cancri e,59.0,False,0.0,0.0,0.0,0.0,0.0,True,B,P,0.0
Europa,True,TRAPPIST-1e,18.0,False,0.0,0.0,0.0,0.0,0.0,True,B,P,0.0
Europa,True,TRAPPIST-1e,33.0,False,0.0,0.0,0.0,0.0,0.0,True,C,S,0.0
Europa,False,TRAPPIST-1e,33.0,False,0.0,590.0,270.12864211105006,3.0,6569.0,False,C,S,7432.12864211105
Europa,False,55 Cancri e,49.0,False,0.0,8766.0,15.0,149.0,178.0,True,C,S,9108.0
Earth,False,55 Cancri e,4.0,False,0.0,714.4862536656891,0.0,0.0,0.0,True,G,P,714.4862536656891
Earth,False,55 Cancri e,0.0,False,0.0,0.0,0.0,0.0,0.0,True,G,P,0.0
Earth,False,55 Cancri e,0.0,False,0.0,0.0,0.0,485.74408365437534,0.0,True,G,P,485.74408365437534
Earth,False,TRAPPIST-1e,24.0,False,1.0,467.0,4.0,0.0,341.0,False,G,P,813.0
Europa,False,TRAPPIST-1e,52.0,False,0.0,0.0,0.0,0.0,0.0,False,B,P,0.0
Earth,False,PSO J318.5-22,50.0,False,121.0,558.0,0.0,10.0,0.0,False,F,S,689.0
Earth,False,PSO J318.5-22,31.0,False,0.0,627.0,1.0,0.0,13.0,False,F,P,641.0
Earth,True,TRAPPIST-1e,25.0,False,0.0,0.0,0.0,0.0,0.0,False,G,P,0.0
Earth,False,PSO J318.5-22,62.0,False,3.0,0.0,2908.0,0.0,0.0,True,F,P,2911.0
Europa,False,TRAPPIST-1e,49.0,False,0.0,1855.0,0.0,166.0,1655.0,False,E,S,3676.0
Europa,True,TRAPPIST-1e,24.0,False,0.0,0.0,0.0,0.0,0.0,True,E,S,0.0
Europa,False,TRAPPIST-1e,33.0,False,0.0,3157.0,0.0,131.0,0.0,True,E,S,3288.0
Earth,False,TRAPPIST-1e,20.0,False,0.0,559.0,21.0,0.0,5.0,True,F,S,585.0
Europa,False,55 Cancri e,46.0,False,0.0,0.0,0.0,1529.0,3069.0,False,A,S,4598.0
Europa,False,TRAPPIST-1e,26.0,False,0.0,0.0,0.0,0.0,0.0,False,D,P,0.0
Europa,False,TRAPPIST-1e,52.0,False,6.0,2333.0,11.0,1149.0,1.0,False,D,P,3500.0
Mars,False,TRAPPIST-1e,28.0,False,274.0,0.0,693.0,944.0,0.0,False,F,P,1911.0
Mars,True,TRAPPIST-1e,39.0,False,0.0,0.0,0.0,0.0,0.0,True,F,P,0.0
Europa,False,TRAPPIST-1e,29.0,False,4.0,3439.0,0.0,0.0,0.0,True,D,P,3443.0
Europa,False,55 Cancri e,19.0,False,0.0,1347.0,0.0,1756.0,37.0,True,D,P,3140.0
Earth,False,TRAPPIST-1e,15.0,False,0.0,0.0,0.0,6.0,607.0,False,F,P,613.0
Earth,False,TRAPPIST-1e,33.0,False,44.0,630.0,18.0,96.0,0.0,False,E,S,788.0
Europa,False,TRAPPIST-1e,47.0,False,0.0,10679.0,0.0,273.0,80.0,True,C,S,11032.0
Europa,False,TRAPPIST-1e,34.0,False,0.0,6229.0,0.0,2279.0,587.0,True,C,S,9095.0
Europa,True,55 Cancri e,26.0,False,0.0,0.0,0.0,0.0,0.0,True,C,S,0.0
Europa,True,TRAPPIST-1e,15.0,False,0.0,0.0,0.0,0.0,0.0,True,C,S,0.0
Mars,True,TRAPPIST-1e,27.0,False,0.0,0.0,0.0,0.0,0.0,True,F,P,0.0
Mars,False,TRAPPIST-1e,27.0,False,542.0,0.0,1231.0,0.0,1.0,False,F,P,1774.0
Mars,False,TRAPPIST-1e,38.0,True,66.0,0.0,991.0,0.0,0.0,False,D,P,1057.0
Earth,False,TRAPPIST-1e,21.0,False,196.0,5.0,674.0,12.0,20.0,False,G,P,907.0
Earth,False,TRAPPIST-1e,1.0,False,0.0,0.0,0.0,0.0,0.0,True,G,P,0.0
Earth,False,TRAPPIST-1e,38.0,False,0.0,1025.0,23.0,0.0,0.0,True,F,P,1048.0
Earth,False,TRAPPIST-1e,0.0,False,0.0,0.0,0.0,0.0,0.0,False,G,P,0.0
Mars,False,TRAPPIST-1e,32.0,False,1272.0,0.0,1103.0,9.0,0.0,False,F,S,2384.0
Earth,True,TRAPPIST-1e,27.0,False,0.0,0.0,0.0,0.0,0.0,True,G,P,0.0
Europa,True,55 Cancri e,48.0,False,0.0,0.0,0.0,0.0,0.0,True,B,P,0.0
Mars,False,55 Cancri e,22.0,False,124.0,0.0,1763.0,0.0,1014.0,False,F,S,2901.0
Earth,False,55 Cancri e,28.0,False,1.0,0.0,857.0,0.0,0.0,False,F,S,858.0
Earth,False,TRAPPIST-1e,19.0,False,122.0,170.0,52.0,0.0,465.0,False,G,P,809.0
Mars,True,TRAPPIST-1e,37.0,False,0.0,0.0,0.0,0.0,0.0,False,F,P,0.0
Mars,True,TRAPPIST-1e,46.0,False,0.0,0.0,0.0,0.0,0.0,True,F,P,0.0
Earth,True,TRAPPIST-1e,26.0,False,0.0,0.0,0.0,0.0,0.0,True,G,S,0.0
Earth,False,TRAPPIST-1e,16.0,False,0.0,0.0,722.0,0.0,1.0,True,G,P,723.0
Earth,True,TRAPPIST-1e,0.0,False,0.0,0.0,0.0,0.0,0.0,True,G,P,0.0
Earth,True,TRAPPIST-1e,0.0,False,0.0,0.0,0.0,0.0,0.0,True,G,P,0.0
Earth,False,TRAPPIST-1e,26.0,False,0.0,597.0,0.0,0.0,212.0,False,G,P,809.0
Earth,True,PSO J318.5-22,13.0,False,0.0,0.0,0.0,0.0,0.0,True,F,S,0.0
Europa,True,55 Cancri e,23.0,False,0.0,0.0,0.0,0.0,0.0,True,F,S,0.0
Europa,True,TRAPPIST-1e,70.0,False,0.0,0.0,0.0,0.0,0.0,True,B,S,0.0
Earth,True,TRAPPIST-1e,21.0,False,0.0,0.0,0.0,0.0,0.0,True,F,S,0.0
Mars,True,TRAPPIST-1e,40.0,False,0.0,0.0,0.0,0.0,0.0,True,F,P,0.0
Mars,False,TRAPPIST-1e,18.0,True,733.0,0.0,688.0,1.0,0.0,False,F,P,1422.0
Earth,False,TRAPPIST-1e,23.0,False,1.0,0.0,778.0,8.0,476.35311409149364,True,F,S,1263.3531140914936
Earth,True,TRAPPIST-1e,15.0,False,0.0,0.0,0.0,0.0,0.0,True,G,S,0.0
Mars,False,55 Cancri e,28.0,False,809.0,0.0,31.0,733.0,0.0,False,F,P,1573.0
Mars,True,TRAPPIST-1e,45.0,False,0.0,0.0,0.0,0.0,0.0,True,F,P,0.0
Mars,False,TRAPPIST-1e,18.0,False,1749.0,50.0,280.0,2.0,0.0,False,E,P,2081.0
Earth,False,TRAPPIST-1e,23.0,False,0.0,30.0,0.0,106.0,566.0,False,F,P,702.0
Mars,False,TRAPPIST-1e,36.0,False,1304.0,0.0,7.0,18.0,0.0,False,F,S,1329.0
Mars,True,TRAPPIST-1e,25.0,False,0.0,0.0,0.0,0.0,0.0,True,F,S,0.0
Europa,True,55 Cancri e,28.0,False,0.0,0.0,0.0,0.0,0.0,True,A,S,0.0
Earth,False,55 Cancri e,29.0,False,0.0,10.0,0.0,0.0,715.0,False,F,P,725.0
Earth,False,TRAPPIST-1e,31.0,False,1.0,110.0,274.0,27.0,376.0,False,E,S,788.0
Earth,True,PSO J318.5-22,14.0,False,0.0,0.0,0.0,0.0,0.0,True,G,P,0.0
Mars,True,TRAPPIST-1e,31.0,False,0.0,0.0,0.0,0.0,0.0,True,F,S,0.0
Europa,False,TRAPPIST-1e,39.0,False,0.0,2804.0,0.0,130.0,139.0,True,C,P,3073.0
Europa,True,55 Cancri e,17.0,False,0.0,0.0,0.0,0.0,0.0,True,C,P,0.0
Europa,True,TRAPPIST-1e,56.0,False,0.0,0.0,0.0,0.0,0.0,True,C,P,0.0
Earth,False,TRAPPIST-1e,36.0,False,0.0,10.0,0.0,0.0,476.35311409149364,False,F,S,486.35311409149364
Mars,False,55 Cancri e,21.0,False,1099.0,714.4862536656891,1820.0,0.0,0.0,False,D,S,3633.486253665689
Earth,False,TRAPPIST-1e,48.0,False,0.0,1794.0,0.0,0.0,5.0,True,G,P,1799.0
Earth,True,TRAPPIST-1e,53.0,False,0.0,0.0,0.0,0.0,0.0,False,G,S,0.0
Earth,True,PSO J318.5-22,5.0,False,0.0,0.0,0.0,0.0,0.0,False,G,S,0.0
Earth,True,TRAPPIST-1e,21.0,False,0.0,0.0,0.0,0.0,0.0,False,G,S,0.0
Europa,False,55 Cancri e,50.0,False,4.0,217.0,0.0,2581.0,436.0,False,B,S,3238.0
Europa,True,TRAPPIST-1e,18.0,False,0.0,0.0,0.0,0.0,0.0,True,B,S,0.0
Mars,False,TRAPPIST-1e,28.0,False,3.0,0.0,0.0,327.0,2054.0,False,F,S,2384.0
Earth,False,TRAPPIST-1e,28.0,False,766.0,0.0,1.0,258.0,26.0,True,F,P,1051.0
Earth,True,TRAPPIST-1e,18.0,False,0.0,0.0,0.0,0.0,0.0,True,G,S,0.0
Mars,False,TRAPPIST-1e,37.0,False,78.0,0.0,0.0,2948.0,0.0,False,D,P,3026.0
Mars,True,TRAPPIST-1e,19.0,False,0.0,0.0,0.0,0.0,0.0,True,F,P,0.0
Mars,False,TRAPPIST-1e,27.0,False,249.0,0.0,65.0,812.0,55.0,False,D,P,1181.0
Mars,False,PSO J318.5-22,37.0,False,3.0,0.0,800.0,76.0,0.0,True,D,P,879.0
Mars,True,TRAPPIST-1e,43.0,False,0.0,0.0,0.0,0.0,0.0,True,F,P,0.0
Mars,False,TRAPPIST-1e,17.0,False,1617.0,0.0,1777.0,0.0,0.0,True,D,P,3394.0
Mars,False,55 Cancri e,21.0,False,2581.0,354.0,1158.0,139.0,548.0,False,E,P,4780.0
Mars,False,55 Cancri e,55.0,False,14.0,0.0,0.0,3778.0,1.0,False,D,P,3793.0
Earth,True,TRAPPIST-1e,14.0,False,0.0,0.0,0.0,0.0,0.0,True,G,P,0.0
Earth,True,TRAPPIST-1e,24.0,False,0.0,0.0,0.0,0.0,0.0,False,G,P,0.0
Earth,True,PSO J318.5-22,26.0,False,0.0,0.0,0.0,0.0,0.0,True,G,P,0.0
Earth,False,55 Cancri e,19.0,False,0.0,336.0,508.0,1.0,0.0,True,G,S,845.0
Earth,False,TRAPPIST-1e,20.0,False,0.0,0.0,2687.0,35.0,340.0,False,F,P,3062.0
Earth,False,TRAPPIST-1e,14.0,False,30.0,59.0,0.0,572.0,0.0,False,F,P,661.0
Mars,True,TRAPPIST-1e,19.0,False,0.0,0.0,0.0,0.0,0.0,True,F,P,0.0
Earth,False,PSO J318.5-22,15.0,False,85.0,373.0,160.0,5.0,0.0,True,G,S,623.0
Earth,False,TRAPPIST-1e,25.0,False,19.0,0.0,0.0,1679.0,0.0,False,G,P,1698.0
Earth,False,PSO J318.5-22,24.0,False,0.0,33.0,0.0,84.0,1062.0,False,F,S,1179.0
Earth,False,TRAPPIST-1e,22.0,False,0.0,4.0,0.0,0.0,1267.0,True,F,P,1271.0
Mars,False,TRAPPIST-1e,26.0,False,1178.0,7.0,0.0,7.0,0.0,False,F,P,1192.0
Mars,True,55 Cancri e,23.0,False,0.0,0.0,0.0,0.0,0.0,True,F,S,0.0
Earth,False,PSO J318.5-22,20.0,False,0.0,0.0,1.0,0.0,2260.0,False,F,S,2261.0
Earth,False,TRAPPIST-1e,53.0,False,323.0,120.0,14.0,450.0,0.0,True,G,P,907.0
Earth,False,TRAPPIST-1e,55.0,False,42.0,4.0,1215.0,0.0,3.0,True,F,S,1264.0
Earth,False,TRAPPIST-1e,22.0,False,0.0,0.0,0.0,739.0,29.0,False,G,P,768.0
Mars,False,TRAPPIST-1e,35.0,False,576.0,0.0,459.0,22.0,0.0,False,D,P,1057.0
Mars,False,TRAPPIST-1e,40.0,False,787.0,0.0,88.0,0.0,0.0,False,D,P,875.0
Earth,False,TRAPPIST-1e,22.0,False,0.0,0.0,0.0,0.0,1609.0,False,E,P,1609.0
Mars,False,PSO J318.5-22,22.0,False,193.0,1.0,640.0,15.0,30.0,True,D,P,879.0
Mars,False,TRAPPIST-1e,21.0,False,354.0,113.0,270.12864211105006,487.0,0.0,False,E,P,1224.12864211105
Earth,True,PSO J318.5-22,64.0,False,0.0,0.0,0.0,0.0,0.0,True,G,P,0.0
Europa,True,TRAPPIST-1e,40.0,False,0.0,0.0,0.0,0.0,0.0,True,B,S,0.0
Mars,False,TRAPPIST-1e,8.0,False,0.0,0.0,0.0,0.0,0.0,True,F,P,0.0
Earth,False,TRAPPIST-1e,25.0,False,0.0,813.0,89.0,12.0,0.0,False,G,P,914.0
Earth,False,55 Cancri e,19.0,False,616.0,0.0,46.0,0.0,14.0,False,F,S,676.0
Earth,True,TRAPPIST-1e,24.0,False,0.0,0.0,0.0,0.0,0.0,True,G,S,0.0
Mars,True,TRAPPIST-1e,11.0,False,0.0,0.0,0.0,0.0,0.0,True,F,S,0.0
Earth,True,55 Cancri e,31.0,False,0.0,0.0,0.0,0.0,0.0,True,G,P,0.0
Earth,True,TRAPPIST-1e,46.0,False,0.0,0.0,0.0,0.0,0.0,False,G,P,0.0
Mars,True,TRAPPIST-1e,31.0,False,0.0,0.0,0.0,0.0,0.0,True,F,P,0.0
Europa,True,55 Cancri e,17.0,False,0.0,0.0,0.0,0.0,0.0,True,D,P,0.0
Europa,True,TRAPPIST-1e,16.0,False,0.0,0.0,0.0,0.0,0.0,True,D,P,0.0
Europa,True,TRAPPIST-1e,57.0,False,0.0,0.0,0.0,0.0,0.0,True,D,P,0.0
Europa,False,55 Cancri e,28.0,False,5.0,2052.0,0.0,3340.0,476.35311409149364,False,C,P,5873.353114091494
Europa,False,TRAPPIST-1e,27.0,False,0.0,325.0,0.0,8.0,1622.0,False,C,P,1955.0
Europa,True,55 Cancri e,28.0,False,0.0,0.0,0.0,0.0,0.0,True,C,P,0.0
Europa,True,55 Cancri e,26.0,False,0.0,0.0,0.0,0.0,0.0,True,C,P,0.0
Earth,True,TRAPPIST-1e,17.0,False,0.0,0.0,0.0,0.0,0.0,True,G,S,0.0
Earth,False,TRAPPIST-1e,36.0,False,5.0,714.4862536656891,896.0,0.0,1.0,True,F,S,1616.4862536656892
Earth,False,TRAPPIST-1e,24.0,False,1.0,790.0,0.0,0.0,0.0,True,E,S,791.0
Earth,False,TRAPPIST-1e,18.0,False,0.0,733.0,0.0,0.0,0.0,True,F,P,733.0
Earth,False,TRAPPIST-1e,20.0,False,2.0,0.0,7.0,2.0,547.0,False,F,P,558.0
Earth,False,55 Cancri e,10.0,False,0.0,0.0,0.0,0.0,0.0,False,G,S,0.0
Earth,False,TRAPPIST-1e,27.0,False,2.0,753.0,5.0,0.0,0.0,True,F,S,760.0
Earth,True,55 Cancri e,23.0,False,0.0,0.0,0.0,0.0,0.0,True,G,S,0.0
Europa,False,TRAPPIST-1e,36.0,False,43.0,2.0,0.0,14.0,16337.0,False,B,P,16396.0
Europa,True,55 Cancri e,27.0,False,0.0,0.0,0.0,0.0,0.0,True,B,P,0.0
Europa,True,55 Cancri e,54.0,False,0.0,0.0,0.0,0.0,0.0,True,C,P,0.0
Europa,False,55 Cancri e,38.0,False,350.53903958944284,3456.0,0.0,1486.0,1157.0,False,C,P,6449.539039589443
Earth,False,TRAPPIST-1e,29.0,False,0.0,0.0,0.0,0.0,0.0,False,G,P,0.0
Earth,False,TRAPPIST-1e,37.0,False,0.0,559.0,366.0,0.0,62.0,True,E,P,987.0
Earth,True,TRAPPIST-1e,36.0,False,0.0,0.0,0.0,0.0,0.0,True,G,S,0.0
Earth,False,55 Cancri e,18.0,False,42.0,103.0,0.0,498.0,0.0,False,F,P,643.0
Mars,True,TRAPPIST-1e,28.0,False,0.0,0.0,0.0,0.0,0.0,True,F,P,0.0
Earth,False,PSO J318.5-22,61.0,False,0.0,1.0,276.0,410.0,54.0,False,F,P,741.0
Earth,False,TRAPPIST-1e,19.0,False,0.0,0.0,0.0,484.0,344.0,False,F,P,828.0
Earth,False,TRAPPIST-1e,29.0,False,25.0,692.0,0.0,0.0,1.0,True,E,S,718.0
Mars,False,TRAPPIST-1e,37.0,False,1280.0,0.0,1.0,111.0,408.0,False,D,P,1800.0
Europa,False,TRAPPIST-1e,29.0,False,125.0,5151.0,9.0,1.0,1.0,True,B,S,5287.0
Earth,False,55 Cancri e,38.0,False,0.0,695.0,0.0,49.0,876.0,False,E,S,1620.0
Earth,True,TRAPPIST-1e,41.0,False,0.0,0.0,0.0,0.0,0.0,False,G,S,0.0
Earth,True,PSO J318.5-22,23.0,False,0.0,0.0,0.0,0.0,0.0,True,G,P,0.0
Earth,False,TRAPPIST-1e,48.0,False,350.53903958944284,0.0,1.0,0.0,0.0,False,G,P,351.53903958944284
Earth,False,TRAPPIST-1e,0.0,False,0.0,0.0,0.0,0.0,0.0,True,F,S,0.0
Earth,False,TRAPPIST-1e,46.0,False,105.0,335.0,0.0,72.0,388.0,False,F,P,900.0
Mars,True,TRAPPIST-1e,36.0,False,0.0,0.0,0.0,0.0,0.0,True,F,S,0.0
Mars,True,TRAPPIST-1e,42.0,False,0.0,0.0,0.0,0.0,0.0,True,D,P,0.0
Mars,True,TRAPPIST-1e,27.0,False,0.0,0.0,0.0,0.0,0.0,True,D,P,0.0
Mars,True,TRAPPIST-1e,16.0,False,0.0,0.0,0.0,0.0,0.0,True,D,P,0.0
Mars,True,TRAPPIST-1e,43.0,False,0.0,0.0,0.0,0.0,0.0,True,D,P,0.0
Mars,True,TRAPPIST-1e,40.0,False,0.0,0.0,0.0,0.0,0.0,True,D,P,0.0
Europa,True,55 Cancri e,22.0,False,0.0,0.0,0.0,0.0,0.0,True,C,S,0.0
Earth,False,PSO J318.5-22,39.0,False,0.0,0.0,0.0,1144.0,0.0,False,F,S,1144.0
Earth,True,TRAPPIST-1e,37.0,False,0.0,0.0,0.0,0.0,0.0,True,G,P,0.0
Earth,True,TRAPPIST-1e,28.0,False,0.0,0.0,0.0,0.0,0.0,False,G,S,0.0
Earth,False,TRAPPIST-1e,29.0,False,97.0,0.0,444.0,366.0,0.0,False,G,S,907.0
Earth,False,55 Cancri e,14.0,False,1.0,0.0,827.0,0.0,3.0,False,F,S,831.0
Earth,False,TRAPPIST-1e,15.0,False,0.0,398.0,0.0,467.0,0.0,False,F,S,865.0
Earth,False,TRAPPIST-1e,17.0,False,0.0,432.0,0.0,3003.0,0.0,False,F,S,3435.0
Earth,True,TRAPPIST-1e,4.0,False,0.0,0.0,0.0,0.0,0.0,True,G,S,0.0
Earth,False,TRAPPIST-1e,24.0,False,3.0,2053.0,335.0,0.0,4.0,True,E,S,2395.0
Earth,False,TRAPPIST-1e,27.0,False,42.0,0.0,671.0,71.0,0.0,False,G,S,784.0
Europa,False,55 Cancri e,22.0,False,350.53903958944284,171.0,2233.0,1.0,800.0,True,B,S,3555.539039589443
Europa,True,55 Cancri e,38.0,False,0.0,0.0,0.0,0.0,0.0,True,B,S,0.0
Mars,True,TRAPPIST-1e,30.0,False,0.0,0.0,0.0,0.0,0.0,True,F,S,0.0
Earth,True,55 Cancri e,29.0,False,0.0,0.0,0.0,0.0,0.0,True,G,S,0.0
Europa,True,55 Cancri e,26.0,False,0.0,0.0,0.0,0.0,0.0,True,A,S,0.0
Europa,True,55 Cancri e,41.0,False,0.0,0.0,0.0,0.0,0.0,True,C,P,0.0
Earth,False,TRAPPIST-1e,50.0,False,43.0,661.0,1.0,85.0,0.0,False,E,S,790.0
Earth,False,55 Cancri e,34.0,False,232.0,457.0,1.0,218.0,0.0,True,G,S,908.0
Earth,False,PSO J318.5-22,24.0,False,105.0,0.0,37.0,518.0,0.0,False,F,S,660.0
Earth,False,TRAPPIST-1e,24.0,False,0.0,0.0,788.0,0.0,3.0,True,E,S,791.0
Europa,False,TRAPPIST-1e,45.0,False,0.0,0.0,0.0,0.0,0.0,False,B,P,0.0
Europa,False,55 Cancri e,35.0,False,0.0,388.0,0.0,1792.0,2891.0,False,C,P,5071.0
Europa,True,55 Cancri e,23.0,False,0.0,0.0,0.0,0.0,0.0,True,C,P,0.0
Europa,True,55 Cancri e,23.0,False,0.0,0.0,0.0,0.0,0.0,True,B,S,0.0
Europa,False,TRAPPIST-1e,21.0,False,4.0,714.4862536656891,137.0,1640.0,455.0,False,B,S,2950.486253665689
Mars,True,TRAPPIST-1e,19.0,False,0.0,0.0,0.0,0.0,0.0,True,F,P,0.0
Earth,False,TRAPPIST-1e,24.0,False,25.0,284.0,0.0,330.0,64.0,False,F,S,703.0
Mars,False,55 Cancri e,2.0,False,0.0,0.0,0.0,0.0,0.0,True,F,S,0.0
Mars,False,TRAPPIST-1e,0.0,False,0.0,0.0,0.0,0.0,0.0,True,F,S,0.0
Mars,True,TRAPPIST-1e,20.0,False,0.0,0.0,0.0,0.0,0.0,True,F,S,0.0
Earth,False,TRAPPIST-1e,35.0,False,0.0,30.0,357.0,435.0,0.0,True,F,P,822.0
Mars,False,TRAPPIST-1e,34.0,False,1404.0,0.0,4.0,359.0,0.0,False,F,P,1767.0
Earth,False,TRAPPIST-1e,26.0,False,808.0,60.0,0.0,16.0,3.0,False,G,P,887.0
Earth,True,TRAPPIST-1e,26.0,False,0.0,0.0,0.0,0.0,0.0,True,G,S,0.0
Europa,True,55 Cancri e,32.0,False,0.0,0.0,0.0,0.0,0.0,True,C,P,0.0
Europa,False,55 Cancri e,25.0,False,0.0,17432.0,0.0,241.0,2102.0,True,C,P,19775.0
Europa,True,55 Cancri e,30.0,False,0.0,0.0,0.0,0.0,0.0,True,C,P,0.0
Europa,False,TRAPPIST-1e,57.0,False,0.0,3859.0,13.0,195.0,3874.0,False,C,P,7941.0
Earth,False,TRAPPIST-1e,23.0,False,58.0,396.0,15.0,485.74408365437534,180.0,False,F,P,1134.7440836543753
Mars,True,TRAPPIST-1e,32.0,False,0.0,0.0,0.0,0.0,0.0,False,E,P,0.0
Earth,True,TRAPPIST-1e,27.0,False,0.0,0.0,0.0,0.0,0.0,True,F,P,0.0
Mars,False,TRAPPIST-1e,20.0,False,1377.0,267.0,36.0,0.0,0.0,False,F,P,1680.0
Earth,False,TRAPPIST-1e,21.0,False,120.0,235.0,0.0,485.74408365437534,0.0,False,F,S,840.7440836543753
Earth,False,TRAPPIST-1e,19.0,False,238.0,1.0,28.0,207.0,119.0,False,F,P,593.0
Mars,False,TRAPPIST-1e,16.0,False,424.0,0.0,246.0,370.0,0.0,False,F,P,1040.0
Mars,False,TRAPPIST-1e,18.0,False,131.0,0.0,980.0,1.0,0.0,True,F,P,1112.0
Earth,False,TRAPPIST-1e,18.0,False,622.0,53.0,8.0,47.0,39.0,False,G,S,769.0
Earth,False,TRAPPIST-1e,22.0,False,0.0,0.0,889.0,0.0,0.0,True,G,S,889.0
Earth,True,55 Cancri e,27.0,False,0.0,0.0,0.0,0.0,0.0,True,G,P,0.0
Earth,False,55 Cancri e,35.0,False,432.0,0.0,377.0,0.0,0.0,False,G,P,809.0
Earth,False,TRAPPIST-1e,8.0,False,0.0,0.0,0.0,0.0,0.0,False,G,P,0.0
Earth,True,55 Cancri e,5.0,False,0.0,0.0,0.0,0.0,0.0,False,G,P,0.0
Mars,True,TRAPPIST-1e,40.0,False,0.0,0.0,0.0,0.0,0.0,True,F,S,0.0
Mars,False,TRAPPIST-1e,31.0,False,3471.0,0.0,232.0,0.0,0.0,False,F,S,3703.0
Mars,True,TRAPPIST-1e,9.0,False,0.0,0.0,0.0,0.0,0.0,True,F,S,0.0
Europa,True,TRAPPIST-1e,56.0,False,0.0,0.0,0.0,0.0,0.0,True,C,S,0.0
Europa,True,55 Cancri e,39.0,False,0.0,0.0,0.0,0.0,0.0,True,C,S,0.0
Europa,True,TRAPPIST-1e,18.0,False,0.0,0.0,0.0,0.0,0.0,True,C,S,0.0
Mars,False,TRAPPIST-1e,45.0,False,48.0,1652.0,761.0,138.0,0.0,False,F,S,2599.0
Mars,False,PSO J318.5-22,33.0,False,33.0,397.0,354.0,485.74408365437534,0.0,False,D,S,1269.7440836543753
Earth,True,PSO J318.5-22,2.0,False,0.0,0.0,0.0,0.0,0.0,False,G,P,0.0
Earth,True,TRAPPIST-1e,1.0,False,0.0,0.0,0.0,0.0,0.0,False,G,P,0.0
Earth,False,TRAPPIST-1e,2.0,False,0.0,0.0,0.0,0.0,0.0,True,G,P,0.0
Earth,True,TRAPPIST-1e,16.0,False,0.0,0.0,0.0,0.0,0.0,False,G,P,0.0
Earth,False,TRAPPIST-1e,18.0,False,18.0,2.0,1769.0,1.0,2.0,True,G,P,1792.0
Mars,False,TRAPPIST-1e,28.0,True,1193.0,0.0,2509.0,0.0,0.0,False,F,S,3702.0
Mars,True,TRAPPIST-1e,45.0,False,0.0,0.0,0.0,0.0,0.0,True,F,S,0.0
Earth,True,TRAPPIST-1e,24.0,False,0.0,0.0,0.0,0.0,0.0,True,G,S,0.0
Earth,True,TRAPPIST-1e,35.0,False,0.0,0.0,0.0,0.0,0.0,True,G,P,0.0
Earth,True,PSO J318.5-22,16.0,False,0.0,0.0,0.0,0.0,0.0,True,G,S,0.0
Earth,True,PSO J318.5-22,40.0,False,0.0,0.0,0.0,0.0,0.0,True,G,P,0.0
Europa,True,55 Cancri e,5.0,False,0.0,0.0,0.0,0.0,0.0,True,A,S,0.0
Europa,False,TRAPPIST-1e,29.0,False,0.0,8444.0,0.0,2989.0,8735.0,False,A,S,20168.0
Europa,True,TRAPPIST-1e,31.0,False,0.0,0.0,0.0,0.0,0.0,True,A,S,0.0
Europa,False,55 Cancri e,27.0,False,3340.0,588.0,270.12864211105006,173.0,71.0,False,A,S,4442.12864211105
Europa,False,TRAPPIST-1e,34.0,True,0.0,4.0,0.0,685.0,1779.0,False,D,S,2468.0
Earth,True,PSO J318.5-22,15.0,False,0.0,0.0,0.0,0.0,0.0,True,G,P,0.0
Europa,False,TRAPPIST-1e,43.0,False,2.0,3846.0,0.0,3.0,346.0,True,D,S,4197.0
Europa,False,55 Cancri e,30.0,False,0.0,787.0,116.0,1924.0,2.0,False,D,S,2829.0
Europa,False,TRAPPIST-1e,61.0,False,328.0,5193.0,0.0,20.0,533.0,True,B,S,6074.0
Earth,False,TRAPPIST-1e,48.0,False,0.0,0.0,632.0,250.0,0.0,False,G,S,882.0
Earth,True,55 Cancri e,17.0,False,0.0,0.0,0.0,0.0,0.0,True,G,S,0.0
Earth,False,TRAPPIST-1e,19.0,False,0.0,312.0,2.0,76.0,418.0,False,G,S,808.0
Europa,True,TRAPPIST-1e,29.0,False,0.0,0.0,0.0,0.0,0.0,True,B,P,0.0
Earth,True,55 Cancri e,2.0,False,0.0,0.0,0.0,0.0,0.0,False,G,P,0.0
Earth,True,TRAPPIST-1e,24.0,False,0.0,0.0,0.0,0.0,0.0,True,G,P,0.0
Earth,False,TRAPPIST-1e,19.0,False,0.0,827.0,5.0,55.0,0.0,False,G,S,887.0
Mars,False,PSO J318.5-22,34.0,True,0.0,490.0,869.0,0.0,0.0,True,E,S,1359.0
Earth,False,TRAPPIST-1e,19.0,False,350.53903958944284,2.0,14.0,755.0,0.0,False,G,P,1121.5390395894428
Europa,False,TRAPPIST-1e,39.0,False,0.0,2576.0,0.0,234.0,237.0,False,B,P,3047.0
Europa,True,TRAPPIST-1e,26.0,False,0.0,0.0,0.0,0.0,0.0,True,B,P,0.0
Europa,False,TRAPPIST-1e,53.0,False,0.0,3377.0,0.0,193.0,5563.0,False,B,P,9133.0
Europa,True,55 Cancri e,18.0,False,0.0,0.0,0.0,0.0,0.0,True,B,P,0.0
Mars,True,TRAPPIST-1e,27.0,False,0.0,0.0,0.0,0.0,0.0,True,F,P,0.0
Europa,True,55 Cancri e,45.0,False,0.0,0.0,0.0,0.0,0.0,True,B,P,0.0
Europa,True,TRAPPIST-1e,32.0,False,0.0,0.0,0.0,0.0,0.0,True,B,P,0.0
Earth,False,TRAPPIST-1e,18.0,False,64.0,0.0,3.0,3440.0,5.0,False,F,P,3512.0
Earth,False,TRAPPIST-1e,48.0,False,396.0,0.0,270.12864211105006,0.0,297.0,False,G,P,963.1286421110501
Earth,False,TRAPPIST-1e,24.0,False,0.0,274.0,594.0,35.0,658.0,True,F,S,1561.0
Europa,False,TRAPPIST-1e,52.0,False,0.0,5.0,0.0,108.0,1788.0,False,D,S,1901.0
Earth,False,55 Cancri e,55.0,False,0.0,519.0,131.0,63.0,3.0,False,F,P,716.0
Earth,True,TRAPPIST-1e,43.0,False,0.0,0.0,0.0,0.0,0.0,True,G,P,0.0
Earth,True,TRAPPIST-1e,24.0,False,0.0,0.0,0.0,0.0,0.0,False,F,S,0.0
Earth,True,PSO J318.5-22,8.0,False,0.0,0.0,0.0,0.0,0.0,False,G,P,0.0
Mars,True,TRAPPIST-1e,18.0,False,0.0,0.0,0.0,0.0,0.0,True,F,S,0.0
Earth,True,TRAPPIST-1e,38.0,False,0.0,0.0,0.0,0.0,0.0,True,G,S,0.0
Earth,False,TRAPPIST-1e,18.0,False,381.0,4.0,0.0,0.0,368.0,False,G,S,753.0
Earth,True,PSO J318.5-22,23.0,False,0.0,0.0,0.0,0.0,0.0,True,G,S,0.0
Earth,True,TRAPPIST-1e,26.0,False,0.0,0.0,0.0,0.0,0.0,True,G,S,0.0
Earth,True,PSO J318.5-22,21.0,False,0.0,0.0,0.0,0.0,0.0,True,G,P,0.0
Earth,False,55 Cancri e,45.0,False,824.0,2196.0,385.0,19.0,1113.0,True,E,P,4537.0
Mars,True,TRAPPIST-1e,24.0,False,0.0,0.0,0.0,0.0,0.0,True,F,S,0.0
Europa,False,55 Cancri e,44.0,False,0.0,280.0,112.0,0.0,9244.0,False,B,S,9636.0
Earth,False,TRAPPIST-1e,20.0,False,0.0,0.0,717.0,0.0,0.0,True,F,S,717.0
Mars,False,TRAPPIST-1e,47.0,False,1037.0,0.0,258.0,4.0,0.0,False,E,S,1299.0
Earth,True,TRAPPIST-1e,16.0,False,0.0,0.0,0.0,0.0,0.0,True,G,P,0.0
Europa,False,TRAPPIST-1e,28.0,False,80.0,828.0,0.0,4494.0,4269.0,False,B,P,9671.0
Earth,False,55 Cancri e,8.0,False,0.0,0.0,0.0,0.0,0.0,True,G,P,0.0
Earth,False,TRAPPIST-1e,20.0,False,0.0,714.4862536656891,422.0,0.0,0.0,True,F,P,1136.4862536656892
Earth,False,PSO J318.5-22,22.0,False,2.0,257.0,348.0,2.0,0.0,True,F,S,609.0
Earth,False,TRAPPIST-1e,42.0,False,55.0,0.0,1503.0,0.0,0.0,True,F,S,1558.0
Earth,False,PSO J318.5-22,23.0,False,0.0,552.0,44.0,0.0,661.0,True,F,S,1257.0
Earth,False,TRAPPIST-1e,30.0,False,513.0,0.0,0.0,0.0,317.0,False,F,P,830.0
Earth,True,TRAPPIST-1e,18.0,False,0.0,0.0,0.0,0.0,0.0,False,G,P,0.0
Earth,False,TRAPPIST-1e,35.0,False,227.0,117.0,394.0,9.0,56.0,False,F,P,803.0
Mars,True,TRAPPIST-1e,42.0,False,0.0,0.0,0.0,0.0,0.0,True,F,S,0.0
Mars,True,TRAPPIST-1e,46.0,False,0.0,0.0,0.0,0.0,0.0,True,F,S,0.0
Europa,False,TRAPPIST-1e,29.0,False,2.0,407.0,4509.0,1433.0,9.0,True,C,S,6360.0
Europa,True,55 Cancri e,35.0,False,0.0,0.0,0.0,0.0,0.0,True,B,S,0.0
Earth,False,TRAPPIST-1e,48.0,False,0.0,21.0,0.0,0.0,786.0,True,F,S,807.0
Earth,False,TRAPPIST-1e,24.0,False,1.0,677.0,13.0,10.0,0.0,True,F,S,701.0
Europa,False,TRAPPIST-1e,38.0,False,821.0,960.0,0.0,27.0,321.0,False,A,S,2129.0
Earth,False,55 Cancri e,51.0,False,183.0,0.0,1.0,0.0,1103.0,False,F,P,1287.0
Earth,False,TRAPPIST-1e,77.0,False,0.0,714.4862536656891,131.0,3981.0,108.0,False,G,P,4934.486253665689
Earth,True,TRAPPIST-1e,22.0,False,0.0,0.0,0.0,0.0,0.0,False,G,P,0.0
Mars,False,TRAPPIST-1e,38.0,True,350.53903958944284,0.0,1355.0,0.0,0.0,False,E,S,1705.5390395894428
Mars,False,TRAPPIST-1e,42.0,False,913.0,4.0,1.0,1465.0,0.0,False,D,S,2383.0
Mars,True,TRAPPIST-1e,55.0,False,0.0,0.0,0.0,0.0,0.0,True,F,S,0.0
Mars,False,TRAPPIST-1e,7.0,False,0.0,0.0,0.0,0.0,0.0,True,F,S,0.0
Mars,False,TRAPPIST-1e,27.0,False,132.0,75.0,849.0,0.0,0.0,True,D,S,1056.0
Mars,False,TRAPPIST-1e,25.0,False,519.0,0.0,284.0,0.0,0.0,False,D,P,803.0
Earth,True,TRAPPIST-1e,15.0,False,0.0,0.0,0.0,0.0,0.0,True,G,S,0.0
Earth,True,TRAPPIST-1e,13.0,False,0.0,0.0,0.0,0.0,0.0,True,G,P,0.0
Earth,True,55 Cancri e,23.0,False,0.0,0.0,0.0,0.0,0.0,True,G,S,0.0
Europa,True,55 Cancri e,27.0,False,0.0,0.0,0.0,0.0,0.0,True,C,S,0.0
Europa,False,55 Cancri e,33.0,False,90.0,26830.0,0.0,27.0,703.0,True,B,P,27650.0
Europa,False,TRAPPIST-1e,26.0,False,0.0,0.0,0.0,0.0,0.0,False,B,P,0.0
Europa,True,TRAPPIST-1e,67.0,False,0.0,0.0,0.0,0.0,0.0,True,E,S,0.0
Earth,False,55 Cancri e,27.0,False,0.0,0.0,0.0,36.0,437.0,False,G,P,473.0
Mars,False,TRAPPIST-1e,33.0,False,25.0,0.0,1376.0,604.0,0.0,False,F,P,2005.0
Earth,False,TRAPPIST-1e,18.0,False,0.0,17.0,0.0,0.0,784.0,False,F,P,801.0
Earth,False,TRAPPIST-1e,36.0,False,357.0,0.0,114.0,0.0,476.35311409149364,False,F,P,947.3531140914936
Earth,True,TRAPPIST-1e,18.0,False,0.0,0.0,0.0,0.0,0.0,True,G,S,0.0
Earth,False,TRAPPIST-1e,51.0,False,406.0,0.0,53.0,0.0,350.0,False,G,S,809.0
Mars,True,TRAPPIST-1e,54.0,False,0.0,0.0,0.0,0.0,0.0,True,F,P,0.0
Mars,False,TRAPPIST-1e,33.0,False,3361.0,0.0,13.0,15.0,0.0,False,D,P,3389.0
Earth,False,TRAPPIST-1e,18.0,False,14.0,651.0,11.0,17.0,476.35311409149364,False,F,S,1169.3531140914936
Europa,True,TRAPPIST-1e,57.0,False,0.0,0.0,0.0,0.0,0.0,True,D,P,0.0
Earth,False,TRAPPIST-1e,23.0,False,0.0,0.0,0.0,724.0,80.0,False,F,P,804.0
Earth,False,TRAPPIST-1e,24.0,False,58.0,0.0,4.0,789.0,54.0,False,E,P,905.0
Mars,False,TRAPPIST-1e,20.0,False,984.0,1.0,921.0,0.0,476.35311409149364,False,E,P,2382.353114091494
Earth,False,TRAPPIST-1e,32.0,False,0.0,600.0,80.0,0.0,18.0,False,F,S,698.0
Mars,True,TRAPPIST-1e,21.0,False,0.0,0.0,0.0,0.0,0.0,True,F,P,0.0
Earth,False,PSO J318.5-22,27.0,False,0.0,2.0,0.0,0.0,867.0,False,F,S,869.0
Earth,False,PSO J318.5-22,41.0,False,0.0,122.0,0.0,104.0,486.0,False,F,S,712.0
Mars,False,TRAPPIST-1e,27.0,False,1192.0,0.0,0.0,0.0,0.0,True,F,S,1192.0
Earth,False,PSO J318.5-22,49.0,False,0.0,51.0,101.0,50.0,476.35311409149364,True,G,S,678.3531140914936
Earth,False,TRAPPIST-1e,18.0,False,0.0,0.0,0.0,1565.0,224.0,False,G,S,1789.0
Earth,False,55 Cancri e,34.0,False,71.0,0.0,242.0,393.0,0.0,False,G,S,706.0
Mars,False,TRAPPIST-1e,73.0,False,799.0,0.0,190.0,68.0,0.0,False,D,S,1057.0
Earth,False,TRAPPIST-1e,40.0,False,1387.0,614.0,1564.0,5.0,0.0,False,G,P,3570.0
Earth,False,PSO J318.5-22,63.0,False,1.0,897.0,0.0,0.0,8.0,False,E,S,906.0
Mars,False,TRAPPIST-1e,21.0,False,1060.0,0.0,91.0,0.0,0.0,True,F,S,1151.0
Earth,False,TRAPPIST-1e,21.0,False,28.0,580.0,0.0,0.0,236.0,True,E,P,844.0
Mars,False,TRAPPIST-1e,23.0,False,418.0,4.0,627.0,0.0,0.0,False,E,P,1049.0
Mars,False,TRAPPIST-1e,31.0,False,1049.0,31.0,227.0,2.0,0.0,False,F,P,1309.0
Earth,False,55 Cancri e,41.0,False,312.0,89.0,44.0,0.0,252.0,False,F,P,697.0
Earth,True,TRAPPIST-1e,15.0,False,0.0,0.0,0.0,0.0,0.0,True,G,P,0.0
Europa,False,TRAPPIST-1e,36.0,False,90.0,2050.0,0.0,15.0,1244.0,False,C,P,3399.0
Earth,False,TRAPPIST-1e,24.0,False,4.0,314.0,0.0,0.0,428.0,False,F,P,746.0
Earth,False,TRAPPIST-1e,27.0,False,0.0,253.0,0.0,79.0,421.0,False,G,P,753.0
Europa,False,55 Cancri e,24.0,False,38.0,257.0,0.0,54.0,4184.0,False,C,S,4533.0
Europa,True,55 Cancri e,19.0,False,0.0,0.0,0.0,0.0,0.0,True,C,S,0.0
Europa,False,TRAPPIST-1e,25.0,False,0.0,6130.0,0.0,36.0,1.0,True,C,S,6167.0
Europa,True,55 Cancri e,39.0,False,0.0,0.0,0.0,0.0,0.0,True,C,S,0.0
Europa,True,TRAPPIST-1e,15.0,False,0.0,0.0,0.0,0.0,0.0,True,C,S,0.0
Europa,False,TRAPPIST-1e,31.0,False,0.0,1565.0,0.0,97.0,1678.0,True,C,S,3340.0
Europa,True,55 Cancri e,25.0,False,0.0,0.0,0.0,0.0,0.0,True,C,S,0.0
Europa,False,TRAPPIST-1e,57.0,False,205.0,4415.0,0.0,1589.0,305.0,False,C,P,6514.0
Mars,True,TRAPPIST-1e,27.0,False,0.0,0.0,0.0,0.0,0.0,True,F,P,0.0
Earth,False,PSO J318.5-22,18.0,False,16.0,6.0,735.0,0.0,0.0,True,F,S,757.0
Earth,True,TRAPPIST-1e,33.0,False,0.0,0.0,0.0,0.0,0.0,True,G,P,0.0
Earth,False,TRAPPIST-1e,23.0,False,339.0,754.0,7.0,0.0,0.0,True,F,S,1100.0
Europa,True,55 Cancri e,34.0,False,0.0,0.0,0.0,0.0,0.0,True,E,P,0.0
Mars,True,55 Cancri e,38.0,False,0.0,0.0,0.0,0.0,0.0,True,F,S,0.0
Mars,False,TRAPPIST-1e,21.0,False,2627.0,0.0,597.0,0.0,0.0,True,E,S,3224.0
Mars,True,TRAPPIST-1e,31.0,False,0.0,0.0,0.0,0.0,0.0,False,E,S,0.0
Mars,False,TRAPPIST-1e,13.0,False,974.0,0.0,1883.0,0.0,505.0,False,D,S,3362.0
Mars,False,TRAPPIST-1e,54.0,False,149.0,981.0,215.0,0.0,0.0,True,F,S,1345.0
Mars,False,TRAPPIST-1e,13.0,False,1008.0,667.0,8.0,0.0,476.35311409149364,False,F,S,2159.353114091494
Mars,False,TRAPPIST-1e,18.0,False,12.0,714.4862536656891,1105.0,658.0,16.0,False,D,S,2505.486253665689
Europa,True,TRAPPIST-1e,27.0,False,0.0,0.0,0.0,0.0,0.0,True,D,S,0.0
Earth,False,TRAPPIST-1e,43.0,False,0.0,0.0,7.0,0.0,963.0,False,F,P,970.0
Earth,False,TRAPPIST-1e,56.0,False,3.0,714.4862536656891,768.0,0.0,476.35311409149364,True,F,P,1961.8393677571828
Earth,False,TRAPPIST-1e,63.0,False,1540.0,714.4862536656891,0.0,0.0,1.0,False,F,S,2255.486253665689
Earth,False,TRAPPIST-1e,9.0,False,0.0,0.0,0.0,0.0,0.0,True,G,S,0.0
Earth,False,TRAPPIST-1e,9.0,False,0.0,0.0,0.0,0.0,0.0,False,G,S,0.0
Earth,False,TRAPPIST-1e,0.0,False,0.0,0.0,0.0,0.0,0.0,True,G,S,0.0
Earth,False,55 Cancri e,16.0,False,0.0,0.0,623.0,40.0,209.0,True,F,S,872.0
Earth,True,TRAPPIST-1e,42.0,False,0.0,0.0,0.0,0.0,0.0,True,G,S,0.0
Earth,True,TRAPPIST-1e,9.0,False,0.0,0.0,0.0,0.0,0.0,False,G,S,0.0
Europa,True,55 Cancri e,22.0,False,0.0,0.0,0.0,0.0,0.0,True,B,S,0.0
Europa,True,55 Cancri e,47.0,False,0.0,0.0,0.0,0.0,0.0,True,B,S,0.0
Mars,True,TRAPPIST-1e,30.0,False,0.0,0.0,0.0,0.0,0.0,True,F,P,0.0
Earth,False,TRAPPIST-1e,29.0,False,2478.0,0.0,31.0,4.0,11.0,False,F,P,2524.0
Earth,False,TRAPPIST-1e,27.0,False,86.0,218.0,0.0,0.0,479.0,False,G,S,783.0
Earth,False,TRAPPIST-1e,22.0,False,158.0,1556.0,1189.0,845.0,96.0,True,E,S,3844.0
Earth,False,TRAPPIST-1e,19.0,False,0.0,0.0,3.0,785.0,0.0,False,E,P,788.0
Mars,False,55 Cancri e,31.0,False,796.0,0.0,70.0,595.0,0.0,False,F,P,1461.0
Europa,True,55 Cancri e,17.0,False,0.0,0.0,0.0,0.0,0.0,True,B,S,0.0
Europa,False,TRAPPIST-1e,38.0,False,0.0,3060.0,0.0,4.0,2325.0,False,B,S,5389.0
Europa,True,55 Cancri e,13.0,False,0.0,0.0,0.0,0.0,0.0,True,B,S,0.0
Earth,True,PSO J318.5-22,36.0,False,0.0,0.0,0.0,0.0,0.0,True,G,P,0.0
Earth,False,TRAPPIST-1e,0.0,False,0.0,0.0,0.0,0.0,0.0,True,G,S,0.0
Earth,True,TRAPPIST-1e,21.0,False,0.0,0.0,0.0,0.0,0.0,True,G,S,0.0
Earth,False,PSO J318.5-22,18.0,False,0.0,525.0,0.0,0.0,84.0,True,F,S,609.0
Mars,True,TRAPPIST-1e,36.0,False,0.0,0.0,0.0,0.0,0.0,False,E,P,0.0
Mars,False,TRAPPIST-1e,27.0,False,847.0,714.4862536656891,4.0,0.0,1.0,False,E,P,1566.4862536656892
Mars,False,TRAPPIST-1e,5.0,False,0.0,0.0,0.0,0.0,0.0,True,E,P,0.0
Earth,False,55 Cancri e,18.0,False,0.0,4387.0,0.0,2241.0,0.0,True,C,S,6628.0
Earth,True,TRAPPIST-1e,25.0,False,0.0,0.0,0.0,0.0,0.0,False,G,P,0.0
Earth,True,TRAPPIST-1e,14.0,False,0.0,0.0,0.0,0.0,0.0,True,G,S,0.0
Europa,True,TRAPPIST-1e,23.0,False,0.0,0.0,0.0,0.0,0.0,True,E,P,0.0
Earth,False,55 Cancri e,2.0,False,0.0,0.0,0.0,0.0,0.0,False,G,P,0.0
Earth,True,TRAPPIST-1e,1.0,False,0.0,0.0,0.0,0.0,0.0,False,G,P,0.0
Earth,True,55 Cancri e,7.0,False,0.0,0.0,0.0,0.0,0.0,True,G,P,0.0
Earth,False,PSO J318.5-22,6.0,False,0.0,0.0,0.0,0.0,0.0,False,G,P,0.0
Earth,False,TRAPPIST-1e,56.0,False,967.0,0.0,0.0,3.0,0.0,False,F,P,970.0
Earth,True,55 Cancri e,4.0,False,0.0,0.0,0.0,0.0,0.0,True,G,P,0.0
Earth,False,TRAPPIST-1e,65.0,False,0.0,0.0,0.0,0.0,909.0,False,G,S,909.0
Earth,True,TRAPPIST-1e,36.0,False,0.0,0.0,0.0,0.0,0.0,True,G,S,0.0
Europa,True,TRAPPIST-1e,25.0,False,0.0,0.0,0.0,0.0,0.0,True,C,S,0.0
Earth,False,TRAPPIST-1e,41.0,False,6.0,1.0,11.0,1046.0,0.0,False,F,S,1064.0
Earth,False,TRAPPIST-1e,20.0,False,9.0,0.0,1462.0,94.0,54.0,True,E,S,1619.0
Earth,True,PSO J318.5-22,18.0,False,0.0,0.0,0.0,0.0,0.0,True,G,S,0.0
Earth,False,TRAPPIST-1e,15.0,False,309.0,28.0,496.0,20.0,49.0,True,F,S,902.0
Earth,False,TRAPPIST-1e,23.0,False,0.0,93.0,1.0,0.0,542.0,False,F,S,636.0
Earth,False,PSO J318.5-22,29.0,False,0.0,2.0,553.0,44.0,0.0,False,F,S,599.0
Earth,True,TRAPPIST-1e,33.0,False,0.0,0.0,0.0,0.0,0.0,True,G,S,0.0
Europa,False,TRAPPIST-1e,14.0,False,2.0,881.0,0.0,578.0,214.0,False,D,S,1675.0
Europa,True,55 Cancri e,55.0,False,0.0,0.0,0.0,0.0,0.0,True,D,S,0.0
Europa,False,TRAPPIST-1e,30.0,False,0.0,690.0,0.0,49.0,2264.0,False,B,P,3003.0
Earth,False,TRAPPIST-1e,21.0,False,0.0,0.0,270.12864211105006,65.0,480.0,False,F,P,815.1286421110501
Earth,False,TRAPPIST-1e,26.0,False,35.0,42.0,711.0,0.0,0.0,True,E,S,788.0
Earth,True,PSO J318.5-22,33.0,False,0.0,0.0,0.0,0.0,0.0,True,G,P,0.0
Earth,False,TRAPPIST-1e,18.0,False,95.0,0.0,0.0,13.0,622.0,False,F,P,730.0
Earth,True,TRAPPIST-1e,9.0,False,0.0,0.0,0.0,0.0,0.0,True,G,P,0.0
Earth,True,55 Cancri e,0.0,False,0.0,0.0,0.0,0.0,0.0,True,G,P,0.0
Earth,False,55 Cancri e,19.0,False,0.0,47.0,0.0,263.0,384.0,True,E,S,694.0
Earth,False,TRAPPIST-1e,18.0,False,716.0,714.4862536656891,0.0,0.0,0.0,False,F,P,1430.4862536656892
Europa,False,55 Cancri e,38.0,False,55.0,1258.0,0.0,650.0,10786.0,False,C,S,12749.0
Europa,False,55 Cancri e,42.0,False,0.0,1249.0,0.0,1313.0,1148.0,True,C,S,3710.0
Europa,False,TRAPPIST-1e,28.0,False,3.0,1300.0,0.0,1250.0,1148.0,False,E,S,3701.0
Europa,True,55 Cancri e,37.0,False,0.0,0.0,0.0,0.0,0.0,True,E,S,0.0
Earth,False,55 Cancri e,29.0,False,0.0,0.0,0.0,1819.0,1.0,False,F,S,1820.0
Earth,False,55 Cancri e,42.0,False,0.0,218.0,0.0,481.0,2.0,False,F,P,701.0
Mars,False,TRAPPIST-1e,18.0,False,659.0,0.0,2316.0,0.0,23.0,True,E,S,2998.0
Mars,False,55 Cancri e,34.0,False,2.0,0.0,805.0,29.0,0.0,True,D,S,836.0
Earth,True,55 Cancri e,34.0,False,0.0,0.0,0.0,0.0,0.0,True,G,S,0.0
Earth,True,PSO J318.5-22,18.0,False,0.0,0.0,0.0,0.0,0.0,False,G,S,0.0
Earth,False,TRAPPIST-1e,24.0,False,3537.0,0.0,0.0,0.0,0.0,False,G,S,3537.0
Earth,False,TRAPPIST-1e,24.0,False,45.0,588.0,5.0,7.0,0.0,True,F,S,645.0
Mars,True,TRAPPIST-1e,56.0,False,0.0,0.0,0.0,0.0,0.0,True,F,S,0.0
Mars,True,TRAPPIST-1e,2.0,False,0.0,0.0,0.0,0.0,0.0,True,F,S,0.0
Mars,True,TRAPPIST-1e,12.0,False,0.0,0.0,0.0,0.0,0.0,True,F,S,0.0
Earth,False,TRAPPIST-1e,37.0,False,772.0,0.0,840.0,1.0,5.0,False,E,P,1618.0
Mars,False,TRAPPIST-1e,60.0,True,2739.0,0.0,0.0,0.0,0.0,False,D,P,2739.0
Earth,True,TRAPPIST-1e,55.0,False,0.0,0.0,0.0,0.0,0.0,False,G,P,0.0
Earth,True,PSO J318.5-22,20.0,False,0.0,0.0,0.0,0.0,0.0,False,G,S,0.0
Mars,False,TRAPPIST-1e,28.0,False,629.0,0.0,659.0,607.0,0.0,False,F,S,1895.0
Earth,True,TRAPPIST-1e,28.0,False,0.0,0.0,0.0,0.0,0.0,False,G,P,0.0
Mars,False,TRAPPIST-1e,37.0,False,14.0,0.0,91.0,1203.0,0.0,False,F,P,1308.0
Earth,False,TRAPPIST-1e,18.0,False,325.0,0.0,477.0,50.0,5.0,False,F,P,857.0
Earth,False,TRAPPIST-1e,14.0,False,781.0,0.0,1.0,4.0,1.0,False,E,P,787.0
Europa,False,TRAPPIST-1e,29.0,False,3478.0,11153.0,15.0,203.0,15.0,True,C,S,14864.0
Earth,False,TRAPPIST-1e,51.0,False,0.0,0.0,0.0,544.0,12.0,False,F,S,556.0
Earth,True,TRAPPIST-1e,45.0,False,0.0,0.0,0.0,0.0,0.0,False,G,S,0.0
Earth,True,TRAPPIST-1e,45.0,False,0.0,0.0,0.0,0.0,0.0,True,G,S,0.0
Mars,False,TRAPPIST-1e,41.0,False,1144.0,12.0,14.0,22.0,0.0,False,F,S,1192.0
Earth,False,TRAPPIST-1e,21.0,False,0.0,80.0,255.0,0.0,5190.0,False,G,P,5525.0
Earth,False,TRAPPIST-1e,28.0,False,653.0,0.0,0.0,0.0,20.0,False,F,P,673.0
Earth,True,55 Cancri e,0.0,False,0.0,0.0,0.0,0.0,0.0,True,G,P,0.0
Earth,False,TRAPPIST-1e,46.0,False,0.0,0.0,0.0,0.0,880.0,False,F,S,880.0
Mars,True,TRAPPIST-1e,41.0,False,0.0,0.0,0.0,0.0,0.0,True,F,S,0.0
Earth,True,55 Cancri e,13.0,False,0.0,0.0,0.0,0.0,0.0,True,G,P,0.0
Earth,False,PSO J318.5-22,55.0,False,0.0,1203.0,0.0,0.0,446.0,False,E,P,1649.0
Earth,True,PSO J318.5-22,20.0,False,0.0,0.0,0.0,0.0,0.0,True,G,P,0.0
Earth,True,TRAPPIST-1e,21.0,False,0.0,0.0,0.0,0.0,0.0,True,G,S,0.0
Earth,False,TRAPPIST-1e,49.0,False,324.0,275.0,0.0,0.0,0.0,False,F,P,599.0
Earth,False,TRAPPIST-1e,27.0,False,0.0,0.0,1020.0,0.0,476.35311409149364,True,G,P,1496.3531140914936
Earth,False,TRAPPIST-1e,0.0,False,0.0,0.0,0.0,0.0,0.0,True,G,P,0.0
Mars,False,TRAPPIST-1e,22.0,False,886.0,55.0,0.0,0.0,476.35311409149364,False,F,P,1417.3531140914936
Earth,True,TRAPPIST-1e,17.0,False,0.0,0.0,0.0,0.0,0.0,False,G,P,0.0
Mars,False,TRAPPIST-1e,23.0,False,355.0,0.0,764.0,0.0,0.0,True,F,S,1119.0
Earth,False,TRAPPIST-1e,44.0,False,39.0,821.0,0.0,7.0,41.0,False,G,P,908.0
Europa,True,TRAPPIST-1e,29.0,False,0.0,0.0,0.0,0.0,0.0,True,E,P,0.0
Earth,False,TRAPPIST-1e,19.0,False,0.0,0.0,5.0,756.0,0.0,True,F,S,761.0
Earth,True,TRAPPIST-1e,3.0,False,0.0,0.0,0.0,0.0,0.0,True,G,S,0.0
Europa,False,TRAPPIST-1e,29.0,False,0.0,7164.0,0.0,58.0,1.0,True,F,S,7223.0
Earth,False,TRAPPIST-1e,19.0,False,46.0,0.0,675.0,0.0,0.0,True,E,P,721.0
Earth,True,TRAPPIST-1e,22.0,False,0.0,0.0,0.0,0.0,0.0,True,G,P,0.0
Earth,False,PSO J318.5-22,33.0,False,400.0,270.0,33.0,0.0,0.0,False,F,S,703.0
Earth,True,PSO J318.5-22,27.0,False,0.0,0.0,0.0,0.0,0.0,True,G,S,0.0
Earth,False,TRAPPIST-1e,50.0,False,667.0,0.0,0.0,11.0,170.0,False,G,P,848.0
Mars,False,TRAPPIST-1e,54.0,False,1217.0,0.0,1.0,4.0,0.0,False,F,S,1222.0
Mars,False,TRAPPIST-1e,43.0,False,1448.0,0.0,150.0,0.0,0.0,False,F,S,1598.0
Earth,False,TRAPPIST-1e,17.0,False,103.0,2183.0,0.0,16.0,0.0,True,F,P,2302.0
Mars,False,TRAPPIST-1e,26.0,False,1632.0,0.0,80.0,7.0,0.0,False,D,P,1719.0
Earth,False,TRAPPIST-1e,44.0,False,1258.0,3.0,0.0,1.0,0.0,False,F,P,1262.0
Earth,False,PSO J318.5-22,51.0,False,0.0,0.0,10.0,1098.0,0.0,False,F,S,1108.0
Europa,True,TRAPPIST-1e,29.0,False,0.0,0.0,0.0,0.0,0.0,True,B,S,0.0
Earth,False,TRAPPIST-1e,4.0,False,0.0,0.0,0.0,0.0,0.0,False,G,P,0.0
Earth,False,PSO J318.5-22,40.0,False,0.0,0.0,310.0,1.0,421.0,False,F,P,732.0
Earth,False,55 Cancri e,27.0,False,0.0,0.0,2.0,0.0,808.0,False,G,P,810.0
Earth,False,TRAPPIST-1e,8.0,False,0.0,0.0,0.0,0.0,0.0,False,G,P,0.0
Earth,False,TRAPPIST-1e,3.0,False,0.0,0.0,0.0,0.0,0.0,False,G,P,0.0
Earth,False,55 Cancri e,11.0,False,0.0,0.0,0.0,0.0,0.0,True,G,P,0.0
Earth,False,PSO J318.5-22,24.0,False,16.0,0.0,1136.0,0.0,40.0,True,F,P,1192.0
Earth,False,55 Cancri e,25.0,False,0.0,83.0,0.0,439.0,0.0,False,G,S,522.0
Europa,False,55 Cancri e,28.0,False,89.0,4826.0,0.0,2.0,1598.0,True,C,P,6515.0
Earth,False,TRAPPIST-1e,25.0,False,0.0,1017.0,0.0,0.0,0.0,False,G,P,1017.0
Earth,True,TRAPPIST-1e,27.0,False,0.0,0.0,0.0,0.0,0.0,True,G,S,0.0
Earth,False,TRAPPIST-1e,25.0,False,20.0,0.0,424.0,0.0,359.0,False,F,S,803.0
Earth,True,TRAPPIST-1e,0.0,False,0.0,0.0,0.0,0.0,0.0,True,G,S,0.0
Earth,False,TRAPPIST-1e,58.0,False,0.0,0.0,970.0,0.0,0.0,True,F,S,970.0
Earth,True,TRAPPIST-1e,3.0,False,0.0,0.0,0.0,0.0,0.0,True,G,S,0.0
Earth,True,PSO J318.5-22,4.0,False,0.0,0.0,0.0,0.0,0.0,True,G,S,0.0
Earth,True,55 Cancri e,2.0,False,0.0,0.0,0.0,0.0,0.0,False,G,S,0.0
Earth,False,TRAPPIST-1e,34.0,False,0.0,847.0,14.0,0.0,0.0,True,F,S,861.0
Earth,False,55 Cancri e,5.0,False,0.0,0.0,0.0,0.0,0.0,True,G,S,0.0
Earth,False,TRAPPIST-1e,3.0,False,0.0,0.0,0.0,0.0,0.0,False,G,S,0.0
Mars,True,TRAPPIST-1e,46.0,False,0.0,0.0,0.0,0.0,0.0,False,E,P,0.0
Earth,False,TRAPPIST-1e,22.0,False,1417.0,0.0,0.0,0.0,0.0,True,F,P,1417.0
Earth,False,TRAPPIST-1e,8.0,False,0.0,0.0,0.0,0.0,0.0,True,G,P,0.0
Earth,False,TRAPPIST-1e,17.0,False,3.0,83.0,927.0,0.0,1.0,True,G,P,1014.0
Earth,False,TRAPPIST-1e,4.0,False,0.0,0.0,0.0,0.0,0.0,False,G,P,0.0
Earth,True,TRAPPIST-1e,12.0,False,0.0,0.0,0.0,0.0,0.0,False,F,S,0.0
Earth,True,PSO J318.5-22,40.0,False,0.0,0.0,0.0,0.0,0.0,True,G,P,0.0
Earth,False,PSO J318.5-22,16.0,False,4.0,0.0,2278.0,2.0,0.0,True,F,P,2284.0
Earth,True,TRAPPIST-1e,41.0,False,0.0,0.0,0.0,0.0,0.0,True,G,P,0.0
Earth,True,TRAPPIST-1e,8.0,False,0.0,0.0,0.0,0.0,0.0,False,G,P,0.0
Earth,True,55 Cancri e,14.0,False,0.0,0.0,0.0,0.0,0.0,True,G,S,0.0
Earth,True,TRAPPIST-1e,2.0,False,0.0,0.0,0.0,0.0,0.0,True,G,S,0.0
Earth,False,PSO J318.5-22,59.0,False,400.0,0.0,126.0,0.0,158.0,True,F,S,684.0
Earth,False,TRAPPIST-1e,45.0,False,1796.0,0.0,4.0,0.0,5.0,False,G,S,1805.0
Earth,False,55 Cancri e,52.0,False,0.0,704.0,0.0,0.0,476.35311409149364,True,F,S,1180.3531140914936
Mars,True,TRAPPIST-1e,33.0,False,0.0,0.0,0.0,0.0,0.0,True,F,S,0.0
Earth,False,55 Cancri e,51.0,False,8.0,0.0,206.0,1247.0,14.0,True,F,S,1475.0
Earth,True,TRAPPIST-1e,38.0,False,0.0,0.0,0.0,0.0,0.0,False,G,P,0.0
Mars,False,TRAPPIST-1e,14.0,False,460.0,0.0,0.0,315.0,172.0,False,E,P,947.0
Europa,False,TRAPPIST-1e,42.0,False,0.0,456.0,1.0,1193.0,3039.0,False,B,P,4689.0
Europa,False,55 Cancri e,28.0,False,0.0,3238.0,0.0,750.0,2368.0,False,B,P,6356.0
Earth,False,55 Cancri e,34.0,False,309.0,542.0,0.0,0.0,55.0,False,E,S,906.0
Mars,False,TRAPPIST-1e,21.0,False,0.0,0.0,0.0,0.0,0.0,False,E,S,0.0
Mars,True,TRAPPIST-1e,30.0,False,0.0,0.0,0.0,0.0,0.0,True,F,S,0.0
Mars,True,TRAPPIST-1e,27.0,False,0.0,0.0,0.0,0.0,0.0,True,F,S,0.0
Mars,True,TRAPPIST-1e,26.0,False,0.0,0.0,0.0,0.0,0.0,False,E,S,0.0
Mars,False,TRAPPIST-1e,23.0,False,931.0,0.0,134.0,0.0,421.0,False,F,S,1486.0
Earth,False,TRAPPIST-1e,20.0,False,350.53903958944284,1.0,0.0,20.0,42.0,False,F,S,413.53903958944284
Earth,False,55 Cancri e,59.0,False,258.0,377.0,5.0,0.0,0.0,True,E,P,640.0
Europa,False,55 Cancri e,37.0,False,6498.0,1470.0,0.0,416.0,4174.0,False,B,P,12558.0
Mars,False,TRAPPIST-1e,32.0,False,1843.0,0.0,662.0,0.0,0.0,False,F,P,2505.0
Earth,False,PSO J318.5-22,37.0,False,4.0,0.0,223.0,512.0,1.0,False,F,P,740.0
Earth,False,TRAPPIST-1e,27.0,False,1.0,355.0,757.0,0.0,476.35311409149364,False,E,P,1589.3531140914936
Europa,True,55 Cancri e,42.0,False,0.0,0.0,0.0,0.0,0.0,True,B,S,0.0
Earth,True,PSO J318.5-22,29.0,False,0.0,0.0,0.0,0.0,0.0,True,G,P,0.0
Earth,False,TRAPPIST-1e,2.0,False,0.0,0.0,0.0,0.0,0.0,True,G,S,0.0
Earth,True,TRAPPIST-1e,10.0,False,0.0,0.0,0.0,0.0,0.0,False,F,S,0.0
Earth,False,TRAPPIST-1e,0.0,False,0.0,0.0,0.0,0.0,0.0,False,G,S,0.0
Earth,True,TRAPPIST-1e,21.0,False,0.0,0.0,0.0,0.0,0.0,False,G,S,0.0
Earth,False,TRAPPIST-1e,8.0,False,0.0,0.0,0.0,0.0,0.0,False,G,S,0.0
Europa,True,55 Cancri e,27.0,False,0.0,0.0,0.0,0.0,0.0,True,C,P,0.0
Europa,True,TRAPPIST-1e,27.0,False,0.0,0.0,0.0,0.0,0.0,True,C,P,0.0
Earth,True,PSO J318.5-22,13.0,False,0.0,0.0,0.0,0.0,0.0,True,G,P,0.0
Europa,False,55 Cancri e,49.0,False,2025.0,7167.0,0.0,2456.0,47.0,True,C,S,11695.0
Mars,True,TRAPPIST-1e,38.0,False,0.0,0.0,0.0,0.0,0.0,False,E,P,0.0
Earth,True,55 Cancri e,21.0,False,0.0,0.0,0.0,0.0,0.0,True,G,P,0.0
Earth,False,TRAPPIST-1e,22.0,False,7.0,61.0,110.0,708.0,0.0,False,G,S,886.0
Earth,True,PSO J318.5-22,14.0,False,0.0,0.0,0.0,0.0,0.0,True,G,S,0.0
Earth,True,PSO J318.5-22,24.0,False,0.0,0.0,0.0,0.0,0.0,False,G,S,0.0
Earth,False,TRAPPIST-1e,24.0,False,714.0,0.0,4.0,49.0,11.0,False,F,S,778.0
Earth,True,TRAPPIST-1e,34.0,False,0.0,0.0,0.0,0.0,0.0,False,G,P,0.0
Europa,False,TRAPPIST-1e,1.0,False,0.0,0.0,0.0,0.0,476.35311409149364,True,A,S,476.35311409149364
Europa,True,55 Cancri e,27.0,False,0.0,0.0,0.0,0.0,0.0,True,A,S,0.0
Europa,True,55 Cancri e,26.0,False,0.0,0.0,0.0,0.0,0.0,True,A,S,0.0
Earth,False,TRAPPIST-1e,27.0,False,0.0,0.0,0.0,32.0,1577.0,False,E,P,1609.0
Mars,False,TRAPPIST-1e,32.0,False,536.0,0.0,736.0,118.0,0.0,False,F,S,1390.0
Mars,False,TRAPPIST-1e,2.0,False,0.0,714.4862536656891,0.0,0.0,0.0,True,F,S,714.4862536656891
Mars,True,TRAPPIST-1e,10.0,False,0.0,0.0,0.0,0.0,0.0,True,F,S,0.0
Mars,False,TRAPPIST-1e,49.0,False,1417.0,0.0,531.0,1348.0,192.0,False,D,P,3488.0
Earth,True,PSO J318.5-22,14.0,False,0.0,0.0,0.0,0.0,0.0,True,G,P,0.0
Earth,True,TRAPPIST-1e,29.0,False,0.0,0.0,0.0,0.0,0.0,True,G,S,0.0
Europa,True,55 Cancri e,25.0,False,0.0,0.0,0.0,0.0,0.0,False,A,S,0.0
Europa,False,55 Cancri e,36.0,False,0.0,1302.0,0.0,2067.0,10173.0,False,A,P,13542.0
Earth,True,TRAPPIST-1e,22.0,False,0.0,0.0,0.0,0.0,0.0,True,G,S,0.0
Earth,False,TRAPPIST-1e,21.0,False,3.0,34.0,600.0,0.0,8.0,False,F,P,645.0
Earth,False,TRAPPIST-1e,36.0,False,437.0,442.0,0.0,2.0,1.0,False,G,S,882.0
Earth,False,TRAPPIST-1e,54.0,False,880.0,2.0,531.0,2.0,0.0,False,F,P,1415.0
Mars,False,TRAPPIST-1e,30.0,False,1851.0,0.0,378.0,0.0,155.0,False,D,S,2384.0
Mars,True,TRAPPIST-1e,0.0,False,0.0,0.0,0.0,0.0,0.0,True,F,S,0.0
Mars,True,TRAPPIST-1e,1.0,False,0.0,0.0,0.0,0.0,0.0,True,F,S,0.0
Earth,True,TRAPPIST-1e,42.0,False,0.0,0.0,0.0,0.0,0.0,True,G,S,0.0
Earth,False,TRAPPIST-1e,47.0,False,939.0,1477.0,270.12864211105006,0.0,0.0,True,F,S,2686.12864211105
Earth,False,TRAPPIST-1e,25.0,False,1339.0,1.0,360.0,0.0,0.0,False,G,P,1700.0
Europa,False,55 Cancri e,18.0,False,0.0,30.0,0.0,67.0,2790.0,False,B,S,2887.0
Europa,True,TRAPPIST-1e,22.0,False,0.0,0.0,0.0,0.0,0.0,True,B,S,0.0
Europa,False,TRAPPIST-1e,27.0,False,350.53903958944284,1381.0,0.0,148.0,2181.0,False,D,S,4060.539039589443
Earth,False,55 Cancri e,24.0,False,0.0,0.0,2433.0,0.0,53.0,True,F,S,2486.0
Europa,True,TRAPPIST-1e,27.0,False,0.0,0.0,0.0,0.0,0.0,True,B,P,0.0
Europa,True,55 Cancri e,22.0,False,0.0,0.0,0.0,0.0,0.0,True,B,P,0.0
Earth,True,TRAPPIST-1e,60.0,False,0.0,0.0,0.0,0.0,0.0,True,G,S,0.0
Europa,False,TRAPPIST-1e,38.0,False,1901.0,1276.0,0.0,7561.0,12.0,False,C,S,10750.0
Earth,False,TRAPPIST-1e,23.0,False,1616.0,0.0,1.0,0.0,2.0,False,E,P,1619.0
Earth,True,TRAPPIST-1e,21.0,False,0.0,0.0,0.0,0.0,0.0,False,G,P,0.0
Mars,False,55 Cancri e,55.0,False,1680.0,0.0,1.0,0.0,6.0,False,F,S,1687.0
Earth,False,55 Cancri e,20.0,False,719.0,0.0,10.0,0.0,0.0,False,F,P,729.0
Earth,False,55 Cancri e,50.0,False,451.0,132.0,195.0,31.0,0.0,False,G,P,809.0
Mars,False,TRAPPIST-1e,22.0,False,0.0,0.0,0.0,0.0,0.0,False,E,P,0.0
Europa,False,TRAPPIST-1e,21.0,False,0.0,6190.0,1828.0,7.0,35.0,True,C,S,8060.0
Europa,False,TRAPPIST-1e,26.0,False,0.0,1549.0,0.0,0.0,766.0,True,D,S,2315.0
Europa,False,TRAPPIST-1e,36.0,False,0.0,2177.0,0.0,1097.0,144.0,True,A,S,3418.0
Mars,False,TRAPPIST-1e,46.0,False,227.0,0.0,1546.0,3.0,2.0,True,D,S,1778.0
Earth,False,TRAPPIST-1e,26.0,False,0.0,586.0,1.0,0.0,58.0,True,F,S,645.0
Earth,False,TRAPPIST-1e,24.0,False,0.0,20.0,0.0,14.0,659.0,False,F,P,693.0
Earth,False,55 Cancri e,14.0,False,834.0,1080.0,3.0,183.0,208.0,False,G,P,2308.0
Mars,False,TRAPPIST-1e,46.0,False,949.0,0.0,128.0,3.0,41.0,True,F,P,1121.0
Earth,False,TRAPPIST-1e,15.0,False,0.0,840.0,123.0,0.0,20.0,False,E,P,983.0
Earth,True,TRAPPIST-1e,30.0,False,0.0,0.0,0.0,0.0,0.0,False,G,P,0.0
Earth,True,TRAPPIST-1e,27.0,False,0.0,0.0,0.0,0.0,0.0,True,G,P,0.0
Mars,False,TRAPPIST-1e,38.0,False,1100.0,43.0,163.0,3.0,0.0,False,F,S,1309.0
Europa,True,TRAPPIST-1e,48.0,False,0.0,0.0,0.0,0.0,0.0,True,B,P,0.0
Earth,True,TRAPPIST-1e,31.0,False,0.0,0.0,0.0,0.0,0.0,False,G,P,0.0
Earth,False,TRAPPIST-1e,41.0,False,1025.0,0.0,0.0,0.0,0.0,False,G,P,1025.0
Earth,False,TRAPPIST-1e,43.0,False,0.0,831.0,78.0,0.0,0.0,True,G,S,909.0
Earth,False,TRAPPIST-1e,23.0,False,0.0,0.0,489.0,5.0,276.0,False,G,S,770.0
Europa,True,55 Cancri e,48.0,False,0.0,0.0,0.0,0.0,0.0,True,B,S,0.0
Europa,False,TRAPPIST-1e,47.0,False,27.0,2651.0,538.0,18.0,0.0,True,B,S,3234.0
Earth,False,TRAPPIST-1e,19.0,False,169.0,399.0,270.12864211105006,97.0,0.0,True,F,P,935.1286421110501
Earth,False,TRAPPIST-1e,25.0,False,0.0,38.0,0.0,847.0,112.0,False,E,P,997.0
Earth,True,TRAPPIST-1e,28.0,False,0.0,0.0,0.0,0.0,0.0,True,G,S,0.0
Europa,True,55 Cancri e,16.0,False,0.0,0.0,0.0,0.0,0.0,True,B,P,0.0
Europa,False,TRAPPIST-1e,45.0,False,0.0,2524.0,0.0,166.0,1.0,True,B,P,2691.0
Mars,True,TRAPPIST-1e,31.0,False,0.0,0.0,0.0,0.0,0.0,True,E,S,0.0
Earth,True,PSO J318.5-22,19.0,False,0.0,0.0,0.0,0.0,0.0,False,G,S,0.0
Earth,False,TRAPPIST-1e,21.0,False,40.0,0.0,736.0,0.0,0.0,True,F,S,776.0
Earth,True,PSO J318.5-22,27.0,False,0.0,0.0,0.0,0.0,0.0,False,G,S,0.0
Earth,True,PSO J318.5-22,22.0,False,0.0,0.0,0.0,0.0,0.0,True,G,P,0.0
Europa,False,TRAPPIST-1e,23.0,False,0.0,0.0,0.0,0.0,476.35311409149364,True,B,P,476.35311409149364
Mars,False,TRAPPIST-1e,54.0,True,111.0,0.0,1144.0,8.0,23.0,False,F,P,1286.0
Mars,False,TRAPPIST-1e,0.0,False,0.0,0.0,0.0,0.0,0.0,True,F,P,0.0
Mars,True,TRAPPIST-1e,4.0,False,0.0,0.0,0.0,0.0,0.0,True,F,P,0.0
Earth,False,TRAPPIST-1e,23.0,False,15.0,1.0,777.0,3.0,3.0,False,F,P,799.0
Mars,True,TRAPPIST-1e,19.0,False,0.0,0.0,0.0,0.0,0.0,True,F,S,0.0
Europa,True,TRAPPIST-1e,34.0,False,0.0,0.0,0.0,0.0,0.0,True,C,S,0.0
Earth,True,55 Cancri e,18.0,False,0.0,0.0,0.0,0.0,0.0,False,G,P,0.0
Earth,True,TRAPPIST-1e,40.0,False,0.0,0.0,0.0,0.0,0.0,True,F,S,0.0
Mars,False,TRAPPIST-1e,58.0,False,850.0,0.0,22.0,1493.0,0.0,False,F,S,2365.0
Earth,False,55 Cancri e,39.0,False,664.0,0.0,0.0,40.0,0.0,False,F,S,704.0
Earth,False,PSO J318.5-22,23.0,False,40.0,15.0,30.0,0.0,637.0,False,F,P,722.0
Earth,False,TRAPPIST-1e,11.0,False,0.0,0.0,0.0,0.0,0.0,False,G,P,0.0
Europa,True,TRAPPIST-1e,43.0,False,0.0,0.0,0.0,0.0,0.0,True,C,S,0.0
Mars,True,TRAPPIST-1e,29.0,False,0.0,0.0,0.0,0.0,0.0,False,E,P,0.0
Earth,False,TRAPPIST-1e,36.0,False,19.0,476.0,0.0,5.0,290.0,False,E,P,790.0
Earth,False,PSO J318.5-22,13.0,False,16.0,0.0,87.0,544.0,0.0,False,F,P,647.0
Europa,False,TRAPPIST-1e,54.0,False,0.0,714.4862536656891,0.0,3200.0,0.0,True,C,S,3914.486253665689
Europa,True,TRAPPIST-1e,45.0,False,0.0,0.0,0.0,0.0,0.0,True,C,S,0.0
Earth,False,55 Cancri e,33.0,False,350.53903958944284,0.0,589.0,2.0,255.0,True,G,P,1196.5390395894428
Earth,False,TRAPPIST-1e,46.0,False,0.0,1029.0,0.0,0.0,0.0,True,F,S,1029.0
Earth,True,55 Cancri e,15.0,False,0.0,0.0,0.0,0.0,0.0,True,G,P,0.0
Earth,False,TRAPPIST-1e,35.0,False,89.0,0.0,0.0,545.0,0.0,False,F,P,634.0
Mars,True,TRAPPIST-1e,23.0,False,0.0,0.0,0.0,0.0,0.0,True,F,S,0.0
Earth,True,55 Cancri e,15.0,False,0.0,0.0,0.0,0.0,0.0,False,G,P,0.0
Earth,False,TRAPPIST-1e,27.0,False,0.0,0.0,580.0,211.0,0.0,False,E,S,791.0
Earth,False,TRAPPIST-1e,15.0,False,350.53903958944284,2.0,15.0,5.0,842.0,False,F,S,1214.5390395894428
Mars,False,TRAPPIST-1e,27.0,True,661.0,714.4862536656891,991.0,46.0,0.0,True,F,S,2412.486253665689
Earth,True,55 Cancri e,16.0,False,0.0,0.0,0.0,0.0,0.0,True,G,S,0.0
Earth,False,TRAPPIST-1e,37.0,False,246.0,0.0,703.0,5.0,0.0,True,G,P,954.0
Europa,True,55 Cancri e,45.0,False,0.0,0.0,0.0,0.0,0.0,True,B,P,0.0
Europa,False,55 Cancri e,58.0,True,0.0,279.0,3627.0,122.0,30.0,True,B,P,4058.0
Earth,False,PSO J318.5-22,27.0,False,0.0,440.0,0.0,0.0,334.0,False,F,S,774.0
Earth,False,TRAPPIST-1e,38.0,False,0.0,18.0,30.0,0.0,832.0,False,F,P,880.0
Earth,False,TRAPPIST-1e,28.0,False,0.0,241.0,6.0,0.0,542.0,False,E,P,789.0
Europa,True,TRAPPIST-1e,47.0,False,0.0,0.0,0.0,0.0,0.0,True,D,P,0.0
Europa,False,TRAPPIST-1e,41.0,False,0.0,1562.0,0.0,2.0,16.0,True,D,P,1580.0
Europa,True,TRAPPIST-1e,28.0,False,0.0,0.0,0.0,0.0,0.0,True,B,P,0.0
Earth,True,TRAPPIST-1e,23.0,False,0.0,0.0,0.0,0.0,0.0,False,G,P,0.0
Mars,True,TRAPPIST-1e,24.0,False,0.0,0.0,0.0,0.0,0.0,True,F,P,0.0
Mars,False,TRAPPIST-1e,58.0,False,12.0,0.0,186.0,2436.0,4.0,False,F,P,2638.0
Earth,True,TRAPPIST-1e,36.0,False,0.0,0.0,0.0,0.0,0.0,True,F,P,0.0
Mars,False,55 Cancri e,24.0,False,1363.0,0.0,50.0,0.0,0.0,False,F,P,1413.0
Mars,False,TRAPPIST-1e,56.0,False,128.0,0.0,959.0,0.0,42.0,False,F,P,1129.0
Mars,True,TRAPPIST-1e,15.0,False,0.0,0.0,0.0,0.0,0.0,True,F,P,0.0
Mars,False,TRAPPIST-1e,19.0,False,154.0,170.0,2074.0,0.0,0.0,True,D,P,2398.0
Earth,False,TRAPPIST-1e,27.0,False,0.0,0.0,0.0,658.0,133.0,False,E,P,791.0
Earth,False,TRAPPIST-1e,47.0,False,59.0,1.0,327.0,557.0,0.0,False,F,P,944.0
Earth,False,55 Cancri e,37.0,False,0.0,89.0,15.0,20.0,592.0,False,F,P,716.0
Mars,True,TRAPPIST-1e,39.0,False,0.0,0.0,0.0,0.0,0.0,True,F,P,0.0
Mars,True,TRAPPIST-1e,20.0,False,0.0,0.0,0.0,0.0,0.0,True,F,P,0.0
Mars,False,TRAPPIST-1e,20.0,False,760.0,0.0,742.0,352.0,0.0,True,F,P,1854.0
Mars,False,TRAPPIST-1e,38.0,False,490.0,663.0,358.0,855.0,0.0,False,F,P,2366.0
Mars,False,TRAPPIST-1e,46.0,False,247.0,0.0,418.0,480.0,36.0,False,D,P,1181.0
Mars,True,TRAPPIST-1e,13.0,False,0.0,0.0,0.0,0.0,0.0,True,F,P,0.0
Mars,False,55 Cancri e,24.0,False,612.0,326.0,46.0,87.0,0.0,True,F,P,1071.0
Europa,True,TRAPPIST-1e,32.0,False,0.0,0.0,0.0,0.0,0.0,True,B,S,0.0
Europa,True,55 Cancri e,27.0,False,0.0,0.0,0.0,0.0,0.0,True,B,S,0.0
Europa,False,55 Cancri e,44.0,False,36.0,588.0,0.0,1675.0,3597.0,False,B,S,5896.0
Earth,False,TRAPPIST-1e,19.0,False,0.0,0.0,4.0,6.0,773.0,False,G,P,783.0
Europa,False,TRAPPIST-1e,30.0,True,0.0,1172.0,183.0,91.0,0.0,True,A,S,1446.0
Europa,True,TRAPPIST-1e,23.0,False,0.0,0.0,0.0,0.0,0.0,True,A,S,0.0
Europa,False,TRAPPIST-1e,4.0,False,0.0,0.0,0.0,0.0,0.0,True,C,P,0.0
Europa,False,TRAPPIST-1e,0.0,False,0.0,714.4862536656891,0.0,0.0,0.0,True,C,P,714.4862536656891
Europa,True,TRAPPIST-1e,17.0,False,0.0,0.0,0.0,0.0,0.0,True,F,S,0.0
Europa,True,TRAPPIST-1e,44.0,False,0.0,0.0,0.0,0.0,0.0,True,C,P,0.0
Europa,False,55 Cancri e,31.0,False,2.0,8747.0,0.0,4840.0,14485.0,False,C,P,28074.0
Europa,False,55 Cancri e,41.0,True,0.0,9463.0,0.0,1022.0,1562.0,True,C,P,12047.0
Europa,False,55 Cancri e,33.0,False,0.0,2020.0,0.0,1817.0,182.0,False,A,S,4019.0
Europa,False,TRAPPIST-1e,43.0,False,0.0,124.0,0.0,3975.0,186.0,False,A,S,4285.0
Europa,False,55 Cancri e,43.0,True,0.0,3172.0,0.0,26.0,4376.0,False,A,S,7574.0
Earth,False,TRAPPIST-1e,36.0,False,1367.0,108.0,270.12864211105006,0.0,77.0,False,F,S,1822.12864211105
Earth,False,55 Cancri e,19.0,False,558.0,0.0,353.0,0.0,8.0,False,F,P,919.0
Earth,False,TRAPPIST-1e,24.0,False,0.0,1725.0,0.0,0.0,0.0,True,G,P,1725.0
Earth,True,55 Cancri e,17.0,False,0.0,0.0,0.0,0.0,0.0,True,G,S,0.0
Earth,False,TRAPPIST-1e,23.0,False,1277.0,84.0,0.0,240.0,598.0,True,F,P,2199.0
Earth,False,55 Cancri e,17.0,False,558.0,0.0,3.0,0.0,1226.0,False,G,S,1787.0
Mars,False,TRAPPIST-1e,18.0,False,950.0,1.0,236.0,754.0,0.0,False,D,S,1941.0
Mars,True,55 Cancri e,34.0,False,0.0,0.0,0.0,0.0,0.0,True,F,P,0.0
Earth,True,TRAPPIST-1e,13.0,False,0.0,0.0,0.0,0.0,0.0,True,G,S,0.0
Earth,False,TRAPPIST-1e,66.0,False,610.0,2549.0,0.0,17.0,0.0,True,F,S,3176.0
Earth,False,TRAPPIST-1e,27.0,False,0.0,867.0,0.0,128.0,363.0,True,F,S,1358.0
Earth,False,TRAPPIST-1e,19.0,False,1620.0,0.0,4.0,0.0,82.0,False,G,S,1706.0
Earth,False,TRAPPIST-1e,55.0,False,0.0,198.0,703.0,1.0,0.0,True,F,S,902.0
Mars,False,TRAPPIST-1e,40.0,False,0.0,0.0,1.0,293.0,667.0,False,D,P,961.0
Earth,True,PSO J318.5-22,23.0,False,0.0,0.0,0.0,0.0,0.0,True,G,P,0.0
Earth,False,TRAPPIST-1e,7.0,False,0.0,0.0,0.0,0.0,0.0,False,G,P,0.0
Earth,True,TRAPPIST-1e,12.0,False,0.0,0.0,0.0,0.0,0.0,True,G,P,0.0
Earth,False,TRAPPIST-1e,37.0,False,0.0,886.0,0.0,58.0,441.0,False,F,S,1385.0
Earth,False,TRAPPIST-1e,22.0,False,0.0,13.0,524.0,7.0,0.0,False,F,P,544.0
Earth,True,TRAPPIST-1e,25.0,False,0.0,0.0,0.0,0.0,0.0,True,B,S,0.0
Europa,True,55 Cancri e,46.0,False,0.0,0.0,0.0,0.0,0.0,True,B,S,0.0
Mars,False,55 Cancri e,37.0,False,326.0,0.0,455.0,2.0,0.0,False,D,P,783.0
Europa,True,55 Cancri e,50.0,False,0.0,0.0,0.0,0.0,0.0,True,C,S,0.0
Europa,True,55 Cancri e,28.0,False,0.0,0.0,0.0,0.0,0.0,True,C,S,0.0
Europa,True,TRAPPIST-1e,26.0,False,0.0,0.0,0.0,0.0,0.0,True,C,P,0.0
Earth,True,TRAPPIST-1e,28.0,False,0.0,0.0,0.0,0.0,0.0,True,G,S,0.0
Earth,False,PSO J318.5-22,23.0,False,4.0,157.0,142.0,485.74408365437534,196.0,False,G,S,984.7440836543753
Europa,False,TRAPPIST-1e,23.0,False,3.0,343.0,0.0,4280.0,0.0,False,E,P,4626.0
Mars,False,TRAPPIST-1e,34.0,True,992.0,0.0,14.0,0.0,0.0,False,D,P,1006.0
Europa,True,TRAPPIST-1e,65.0,False,0.0,0.0,0.0,0.0,0.0,True,B,P,0.0
Earth,True,TRAPPIST-1e,20.0,False,0.0,0.0,0.0,0.0,0.0,True,B,P,0.0
Mars,True,TRAPPIST-1e,29.0,False,0.0,0.0,0.0,0.0,0.0,True,F,P,0.0
Mars,False,TRAPPIST-1e,30.0,False,176.0,0.0,2310.0,0.0,476.35311409149364,True,F,P,2962.353114091494
Mars,True,TRAPPIST-1e,3.0,False,0.0,0.0,0.0,0.0,0.0,True,F,P,0.0
Mars,False,TRAPPIST-1e,40.0,False,1268.0,0.0,0.0,0.0,0.0,False,F,P,1268.0
Mars,False,TRAPPIST-1e,32.0,False,1331.0,416.0,0.0,665.0,64.0,False,F,P,2476.0
Earth,False,TRAPPIST-1e,31.0,False,553.0,224.0,9.0,1.0,0.0,False,E,P,787.0
Earth,False,TRAPPIST-1e,13.0,False,27.0,81.0,1080.0,0.0,0.0,True,F,P,1188.0
Earth,False,TRAPPIST-1e,29.0,False,37.0,0.0,167.0,608.0,0.0,False,G,P,812.0
Earth,False,TRAPPIST-1e,28.0,False,0.0,53.0,0.0,732.0,6.0,False,E,P,791.0
Mars,False,55 Cancri e,19.0,False,1184.0,88.0,0.0,0.0,334.0,True,F,S,1606.0
Mars,False,55 Cancri e,24.0,False,469.0,0.0,270.12864211105006,196.0,0.0,True,E,S,935.1286421110501
Mars,True,TRAPPIST-1e,22.0,False,0.0,0.0,0.0,0.0,0.0,False,E,P,0.0
Earth,False,55 Cancri e,13.0,False,406.0,0.0,1670.0,0.0,427.0,False,F,P,2503.0
Earth,False,TRAPPIST-1e,21.0,False,0.0,0.0,23.0,820.0,22.0,False,F,P,865.0
Earth,False,55 Cancri e,24.0,False,0.0,0.0,1435.0,10.0,0.0,True,F,S,1445.0
Europa,False,TRAPPIST-1e,47.0,False,0.0,4983.0,0.0,173.0,43.0,True,B,S,5199.0
Europa,False,TRAPPIST-1e,27.0,False,0.0,144.0,76.0,184.0,3932.0,False,B,P,4336.0
Earth,False,TRAPPIST-1e,18.0,False,0.0,0.0,774.0,0.0,13.0,True,E,S,787.0
Europa,True,55 Cancri e,36.0,False,0.0,0.0,0.0,0.0,0.0,True,B,S,0.0
Earth,False,TRAPPIST-1e,68.0,False,0.0,1.0,223.0,580.0,0.0,False,F,P,804.0
Europa,True,TRAPPIST-1e,31.0,False,0.0,0.0,0.0,0.0,0.0,True,C,S,0.0
Mars,True,TRAPPIST-1e,28.0,False,0.0,0.0,0.0,0.0,0.0,True,F,P,0.0
Mars,False,TRAPPIST-1e,36.0,False,3002.0,21.0,150.0,0.0,0.0,False,D,S,3173.0
Earth,False,TRAPPIST-1e,17.0,False,0.0,628.0,0.0,66.0,449.0,True,F,S,1143.0
Earth,True,TRAPPIST-1e,13.0,False,0.0,0.0,0.0,0.0,0.0,True,G,S,0.0
Earth,False,TRAPPIST-1e,30.0,False,0.0,10.0,0.0,3840.0,329.0,False,G,P,4179.0
Europa,False,TRAPPIST-1e,58.0,False,0.0,2946.0,0.0,101.0,387.0,True,B,S,3434.0
Europa,True,TRAPPIST-1e,43.0,False,0.0,0.0,0.0,0.0,0.0,True,B,S,0.0
Europa,False,55 Cancri e,20.0,False,354.0,1546.0,323.0,284.0,315.0,True,B,S,2822.0
Earth,False,TRAPPIST-1e,29.0,False,715.0,0.0,270.12864211105006,698.0,106.0,False,F,P,1789.12864211105
Earth,False,TRAPPIST-1e,15.0,False,156.0,1.0,1132.0,192.0,33.0,True,F,S,1514.0
Earth,False,TRAPPIST-1e,30.0,False,488.0,0.0,242.0,0.0,79.0,False,G,P,809.0
Europa,False,55 Cancri e,33.0,False,5493.0,9401.0,23.0,3013.0,303.0,False,B,P,18233.0
Europa,True,TRAPPIST-1e,25.0,False,0.0,0.0,0.0,0.0,0.0,True,B,P,0.0
Europa,False,TRAPPIST-1e,62.0,False,0.0,22.0,0.0,3314.0,22.0,False,B,P,3358.0
Earth,True,PSO J318.5-22,41.0,False,0.0,0.0,0.0,0.0,0.0,True,G,P,0.0
Earth,False,TRAPPIST-1e,27.0,False,6.0,0.0,0.0,768.0,1141.0,False,F,P,1915.0
Earth,True,TRAPPIST-1e,18.0,False,0.0,0.0,0.0,0.0,0.0,False,G,P,0.0
Earth,True,TRAPPIST-1e,27.0,False,0.0,0.0,0.0,0.0,0.0,True,G,P,0.0
Earth,False,TRAPPIST-1e,19.0,False,571.0,0.0,0.0,97.0,813.0,True,F,P,1481.0
Earth,False,TRAPPIST-1e,37.0,False,0.0,0.0,115.0,671.0,0.0,False,G,P,786.0
Earth,True,TRAPPIST-1e,24.0,False,0.0,0.0,0.0,0.0,0.0,False,G,P,0.0
Earth,False,TRAPPIST-1e,29.0,False,13.0,0.0,664.0,74.0,101.0,False,G,P,852.0
Earth,False,55 Cancri e,44.0,False,0.0,0.0,608.0,0.0,91.0,False,F,P,699.0
Earth,False,TRAPPIST-1e,19.0,False,0.0,265.0,882.0,2.0,293.0,False,F,P,1442.0
Europa,False,TRAPPIST-1e,39.0,False,0.0,266.0,0.0,1254.0,197.0,False,A,P,1717.0
Europa,False,TRAPPIST-1e,63.0,False,0.0,490.0,1.0,2882.0,18.0,False,A,P,3391.0
Europa,False,TRAPPIST-1e,39.0,False,9.0,1525.0,0.0,0.0,146.0,False,A,P,1680.0
Mars,True,TRAPPIST-1e,41.0,False,0.0,0.0,0.0,0.0,0.0,True,F,S,0.0
Earth,True,TRAPPIST-1e,27.0,False,0.0,0.0,0.0,0.0,0.0,True,G,S,0.0
Mars,False,55 Cancri e,56.0,False,412.0,492.0,9.0,117.0,33.0,True,D,S,1063.0
Europa,True,TRAPPIST-1e,22.0,False,0.0,0.0,0.0,0.0,0.0,True,C,P,0.0
Europa,False,55 Cancri e,26.0,False,1.0,1269.0,4790.0,270.0,5116.0,False,C,P,11446.0
Earth,False,TRAPPIST-1e,24.0,False,0.0,0.0,0.0,0.0,1300.0,False,F,S,1300.0
Earth,True,PSO J318.5-22,18.0,False,0.0,0.0,0.0,0.0,0.0,True,G,S,0.0
Earth,True,TRAPPIST-1e,13.0,False,0.0,0.0,0.0,0.0,0.0,True,G,P,0.0
Earth,False,TRAPPIST-1e,32.0,False,0.0,0.0,1020.0,0.0,0.0,True,F,P,1020.0
Europa,False,55 Cancri e,30.0,False,24.0,2558.0,98.0,0.0,5361.0,False,F,S,8041.0
Europa,True,TRAPPIST-1e,25.0,False,0.0,0.0,0.0,0.0,0.0,True,A,P,0.0
Earth,False,TRAPPIST-1e,55.0,False,0.0,252.0,1.0,0.0,553.0,True,F,S,806.0
Earth,False,PSO J318.5-22,19.0,False,0.0,2.0,0.0,669.0,0.0,False,F,P,671.0
Earth,False,TRAPPIST-1e,24.0,False,0.0,717.0,222.0,8.0,1.0,True,G,S,948.0
Europa,False,TRAPPIST-1e,32.0,False,401.0,3724.0,5.0,422.0,62.0,True,C,S,4614.0
Mars,False,TRAPPIST-1e,24.0,False,0.0,0.0,0.0,0.0,0.0,False,E,P,0.0
Mars,True,TRAPPIST-1e,32.0,False,0.0,0.0,0.0,0.0,0.0,True,F,P,0.0
Earth,True,TRAPPIST-1e,36.0,False,0.0,0.0,0.0,0.0,0.0,False,G,S,0.0
Europa,False,55 Cancri e,28.0,False,0.0,31.0,0.0,1283.0,871.0,True,A,S,2185.0
Earth,False,TRAPPIST-1e,52.0,False,0.0,559.0,0.0,0.0,0.0,True,F,S,559.0
Earth,False,TRAPPIST-1e,29.0,False,646.0,91.0,13.0,0.0,0.0,True,G,S,750.0
Mars,False,55 Cancri e,23.0,False,49.0,0.0,2716.0,0.0,0.0,True,D,P,2765.0
Mars,True,TRAPPIST-1e,32.0,False,0.0,0.0,0.0,0.0,0.0,True,F,S,0.0
Earth,True,TRAPPIST-1e,35.0,False,0.0,0.0,0.0,0.0,0.0,False,G,S,0.0
Europa,False,55 Cancri e,41.0,False,14.0,6777.0,81.0,604.0,2936.0,False,B,P,10412.0
Earth,True,PSO J318.5-22,16.0,False,0.0,0.0,0.0,0.0,0.0,True,G,S,0.0
Europa,True,55 Cancri e,33.0,False,0.0,0.0,0.0,0.0,0.0,True,E,P,0.0
Earth,True,55 Cancri e,6.0,False,0.0,0.0,0.0,0.0,0.0,True,G,P,0.0
Earth,False,55 Cancri e,15.0,False,36.0,841.0,0.0,0.0,0.0,True,F,S,877.0
Earth,False,TRAPPIST-1e,38.0,False,0.0,668.0,84.0,267.0,0.0,False,G,S,1019.0
Earth,False,TRAPPIST-1e,56.0,False,0.0,779.0,12.0,3.0,35.0,False,F,P,829.0
Earth,True,PSO J318.5-22,4.0,False,0.0,0.0,0.0,0.0,0.0,True,G,P,0.0
Earth,True,PSO J318.5-22,21.0,False,0.0,0.0,0.0,0.0,0.0,True,G,P,0.0
Mars,False,55 Cancri e,22.0,False,1371.0,0.0,235.0,0.0,0.0,True,F,S,1606.0
Earth,False,TRAPPIST-1e,37.0,False,0.0,0.0,785.0,3.0,0.0,False,E,P,788.0
Earth,False,TRAPPIST-1e,6.0,False,0.0,0.0,0.0,0.0,0.0,True,G,P,0.0
Earth,False,TRAPPIST-1e,22.0,False,563.0,521.0,364.0,0.0,0.0,False,F,S,1448.0
Europa,False,TRAPPIST-1e,26.0,False,0.0,137.0,0.0,0.0,7629.0,False,B,P,7766.0
Earth,False,TRAPPIST-1e,22.0,False,0.0,3.0,486.0,0.0,228.0,True,E,P,717.0
Earth,True,TRAPPIST-1e,20.0,False,0.0,0.0,0.0,0.0,0.0,True,G,P,0.0
Earth,False,PSO J318.5-22,27.0,False,0.0,22.0,0.0,1156.0,0.0,False,F,P,1178.0
Mars,False,TRAPPIST-1e,24.0,False,439.0,0.0,2140.0,0.0,0.0,True,D,S,2579.0
Mars,True,TRAPPIST-1e,25.0,False,0.0,0.0,0.0,0.0,0.0,True,F,S,0.0
Earth,False,TRAPPIST-1e,48.0,False,2.0,0.0,83.0,589.0,233.0,False,G,P,907.0
Earth,False,TRAPPIST-1e,24.0,False,786.0,0.0,0.0,7.0,0.0,False,E,P,793.0
Mars,False,55 Cancri e,3.0,False,0.0,0.0,0.0,0.0,0.0,True,F,S,0.0
Mars,True,TRAPPIST-1e,24.0,False,0.0,0.0,0.0,0.0,0.0,True,F,S,0.0
Mars,False,TRAPPIST-1e,25.0,False,412.0,0.0,567.0,775.0,0.0,False,F,S,1754.0
Mars,True,55 Cancri e,1.0,False,0.0,0.0,0.0,0.0,0.0,True,F,S,0.0
Earth,False,TRAPPIST-1e,20.0,False,0.0,187.0,712.0,0.0,0.0,True,F,S,899.0
Earth,False,TRAPPIST-1e,22.0,False,39.0,0.0,63.0,3.0,654.0,False,F,S,759.0
Mars,False,55 Cancri e,28.0,False,427.0,0.0,754.0,0.0,0.0,True,D,S,1181.0
Earth,True,55 Cancri e,17.0,False,0.0,0.0,0.0,0.0,0.0,True,G,S,0.0
Europa,False,55 Cancri e,28.0,False,0.0,3345.0,0.0,2143.0,27.0,False,B,P,5515.0
Europa,True,TRAPPIST-1e,47.0,False,0.0,0.0,0.0,0.0,0.0,True,A,S,0.0
Mars,True,TRAPPIST-1e,34.0,False,0.0,0.0,0.0,0.0,0.0,False,E,S,0.0
Europa,False,TRAPPIST-1e,29.0,True,267.0,1418.0,257.0,843.0,0.0,True,C,S,2785.0
Europa,True,TRAPPIST-1e,14.0,False,0.0,0.0,0.0,0.0,0.0,True,C,S,0.0
Europa,False,TRAPPIST-1e,36.0,False,0.0,563.0,0.0,1301.0,830.0,True,F,S,2694.0
Europa,False,55 Cancri e,40.0,False,2320.0,0.0,4874.0,3131.0,498.0,True,C,S,10823.0
Mars,False,TRAPPIST-1e,49.0,False,22.0,0.0,1129.0,0.0,77.0,True,F,S,1228.0
Europa,False,TRAPPIST-1e,51.0,False,0.0,0.0,0.0,0.0,0.0,True,C,S,0.0
Europa,False,TRAPPIST-1e,41.0,False,0.0,545.0,0.0,2740.0,293.0,True,C,S,3578.0
Europa,False,55 Cancri e,44.0,False,0.0,14201.0,0.0,22.0,584.0,True,C,S,14807.0
Mars,False,TRAPPIST-1e,47.0,False,2044.0,0.0,95.0,0.0,120.0,False,F,S,2259.0
Earth,False,TRAPPIST-1e,22.0,False,0.0,0.0,945.0,0.0,4.0,True,F,S,949.0
Earth,True,PSO J318.5-22,13.0,False,0.0,0.0,0.0,0.0,0.0,True,G,S,0.0
Earth,False,TRAPPIST-1e,18.0,False,0.0,35.0,661.0,0.0,63.0,True,F,S,759.0
Earth,False,TRAPPIST-1e,28.0,False,0.0,1125.0,3.0,562.0,7.0,False,G,P,1697.0
Earth,False,55 Cancri e,22.0,False,429.0,2.0,232.0,0.0,59.0,True,E,P,722.0
Earth,False,TRAPPIST-1e,50.0,False,444.0,0.0,408.0,0.0,0.0,False,G,P,852.0
Europa,True,TRAPPIST-1e,47.0,True,0.0,0.0,0.0,0.0,0.0,True,B,P,0.0
Mars,False,TRAPPIST-1e,55.0,False,802.0,0.0,155.0,4.0,337.0,False,E,P,1298.0
Earth,True,TRAPPIST-1e,21.0,False,0.0,0.0,0.0,0.0,0.0,True,G,S,0.0
Earth,False,PSO J318.5-22,39.0,False,0.0,0.0,1.0,0.0,2330.0,False,G,S,2331.0
Earth,False,TRAPPIST-1e,21.0,False,641.0,0.0,409.0,0.0,0.0,False,F,P,1050.0
Europa,False,TRAPPIST-1e,37.0,False,33.0,3484.0,17.0,4.0,1384.0,True,C,S,4922.0
Europa,False,TRAPPIST-1e,31.0,False,22.0,10025.0,2.0,124.0,1.0,True,C,S,10174.0
Earth,False,TRAPPIST-1e,23.0,False,115.0,1.0,0.0,485.74408365437534,249.0,False,E,P,850.7440836543753
Europa,True,55 Cancri e,28.0,False,0.0,0.0,0.0,0.0,0.0,True,B,S,0.0
Mars,False,TRAPPIST-1e,23.0,False,118.0,0.0,949.0,206.0,2071.0,False,D,P,3344.0
Earth,False,PSO J318.5-22,20.0,False,0.0,272.0,108.0,485.74408365437534,230.0,True,F,S,1095.7440836543753
Europa,False,TRAPPIST-1e,28.0,False,3.0,2127.0,0.0,696.0,10.0,False,C,P,2836.0
Europa,False,55 Cancri e,40.0,False,0.0,17687.0,0.0,425.0,155.0,True,C,P,18267.0
Europa,False,55 Cancri e,54.0,False,0.0,1832.0,0.0,0.0,1768.0,False,C,P,3600.0
Mars,True,TRAPPIST-1e,18.0,False,0.0,0.0,0.0,0.0,0.0,True,F,P,0.0
Earth,False,55 Cancri e,27.0,False,0.0,14.0,0.0,734.0,331.0,True,F,S,1079.0
Europa,False,TRAPPIST-1e,43.0,False,0.0,1947.0,0.0,0.0,1651.0,True,B,S,3598.0
Earth,True,PSO J318.5-22,25.0,False,0.0,0.0,0.0,0.0,0.0,True,G,P,0.0
Earth,False,TRAPPIST-1e,13.0,False,552.0,247.0,0.0,4.0,0.0,False,F,P,803.0
Earth,False,PSO J318.5-22,15.0,False,0.0,0.0,873.0,0.0,5.0,True,F,P,878.0
Earth,True,55 Cancri e,37.0,False,0.0,0.0,0.0,0.0,0.0,True,G,S,0.0
Mars,True,55 Cancri e,32.0,False,0.0,0.0,0.0,0.0,0.0,True,F,P,0.0
Earth,False,TRAPPIST-1e,19.0,False,857.0,0.0,0.0,0.0,0.0,False,F,S,857.0
Earth,False,TRAPPIST-1e,21.0,False,3.0,1.0,0.0,1494.0,110.0,False,F,S,1608.0
Europa,False,TRAPPIST-1e,27.0,False,0.0,2717.0,0.0,0.0,986.0,True,C,S,3703.0
Europa,False,55 Cancri e,39.0,False,106.0,243.0,126.0,7.0,4967.0,False,C,S,5449.0
Earth,True,TRAPPIST-1e,22.0,False,0.0,0.0,0.0,0.0,0.0,True,C,S,0.0
Europa,False,TRAPPIST-1e,25.0,False,0.0,4384.0,4285.0,812.0,360.0,True,C,S,9841.0
Europa,False,55 Cancri e,34.0,False,350.53903958944284,7221.0,0.0,288.0,2275.0,True,C,S,10134.539039589443
Mars,True,TRAPPIST-1e,54.0,False,0.0,0.0,0.0,0.0,0.0,True,F,S,0.0
Mars,False,TRAPPIST-1e,42.0,False,954.0,0.0,1.0,0.0,0.0,False,E,S,955.0
Earth,False,PSO J318.5-22,36.0,False,735.0,0.0,2.0,0.0,0.0,False,F,S,737.0
Earth,False,PSO J318.5-22,43.0,False,0.0,168.0,3.0,0.0,452.0,True,E,S,623.0
Earth,False,PSO J318.5-22,23.0,False,65.0,94.0,0.0,0.0,445.0,True,F,P,604.0
Europa,False,TRAPPIST-1e,57.0,False,0.0,0.0,0.0,0.0,0.0,True,B,S,0.0
Europa,False,TRAPPIST-1e,54.0,False,0.0,0.0,0.0,0.0,0.0,True,B,S,0.0
Europa,False,TRAPPIST-1e,51.0,False,0.0,16455.0,885.0,0.0,363.0,True,B,S,17703.0
Mars,False,PSO J318.5-22,32.0,False,192.0,0.0,441.0,18.0,0.0,False,F,P,651.0
Europa,False,TRAPPIST-1e,33.0,False,0.0,0.0,0.0,0.0,0.0,True,B,S,0.0
Mars,True,TRAPPIST-1e,8.0,False,0.0,0.0,0.0,0.0,0.0,True,F,P,0.0
Mars,True,TRAPPIST-1e,44.0,False,0.0,0.0,0.0,0.0,0.0,True,F,P,0.0
Mars,False,TRAPPIST-1e,27.0,False,875.0,0.0,61.0,289.0,0.0,False,F,P,1225.0
Earth,False,TRAPPIST-1e,48.0,False,383.0,0.0,0.0,393.0,10.0,True,F,P,786.0
Earth,False,55 Cancri e,13.0,False,38.0,0.0,0.0,733.0,0.0,False,G,S,771.0
Earth,True,TRAPPIST-1e,5.0,False,0.0,0.0,0.0,0.0,0.0,False,G,P,0.0
Earth,False,TRAPPIST-1e,18.0,False,754.0,0.0,34.0,0.0,0.0,False,E,P,788.0
Earth,False,TRAPPIST-1e,23.0,False,0.0,0.0,206.0,681.0,31.0,False,F,P,918.0
Earth,False,TRAPPIST-1e,23.0,False,0.0,153.0,11.0,646.0,0.0,False,G,S,810.0
Earth,True,PSO J318.5-22,35.0,False,0.0,0.0,0.0,0.0,0.0,True,F,S,0.0
Earth,False,TRAPPIST-1e,25.0,False,141.0,3.0,640.0,0.0,100.0,False,G,P,884.0
Mars,False,TRAPPIST-1e,32.0,False,689.0,0.0,610.0,0.0,0.0,False,E,S,1299.0
Mars,False,55 Cancri e,0.0,False,0.0,0.0,0.0,0.0,0.0,True,F,S,0.0
Mars,True,TRAPPIST-1e,5.0,False,0.0,0.0,0.0,0.0,0.0,True,F,S,0.0
Earth,True,55 Cancri e,16.0,False,0.0,0.0,0.0,0.0,0.0,True,G,S,0.0
Earth,True,PSO J318.5-22,18.0,False,0.0,0.0,0.0,0.0,0.0,True,G,S,0.0
Earth,True,PSO J318.5-22,29.0,False,0.0,0.0,0.0,0.0,0.0,False,G,P,0.0
Earth,False,TRAPPIST-1e,55.0,False,134.0,935.0,0.0,6.0,394.0,False,F,S,1469.0
Earth,False,TRAPPIST-1e,41.0,False,7.0,0.0,297.0,108.0,361.0,False,G,S,773.0
Earth,False,TRAPPIST-1e,38.0,False,350.53903958944284,2.0,404.0,121.0,0.0,False,G,P,877.5390395894428
Europa,True,TRAPPIST-1e,27.0,False,0.0,0.0,0.0,0.0,0.0,True,C,S,0.0
Earth,True,TRAPPIST-1e,55.0,False,0.0,0.0,0.0,0.0,0.0,True,G,S,0.0
Mars,True,TRAPPIST-1e,75.0,False,0.0,0.0,0.0,0.0,0.0,True,F,P,0.0
Europa,False,TRAPPIST-1e,50.0,False,0.0,817.0,388.0,78.0,693.0,True,C,S,1976.0
Earth,False,TRAPPIST-1e,23.0,False,27.0,0.0,32.0,725.0,0.0,False,G,S,784.0
Earth,False,PSO J318.5-22,37.0,False,715.0,0.0,54.0,0.0,0.0,True,G,S,769.0
Earth,False,TRAPPIST-1e,33.0,False,0.0,0.0,232.0,0.0,622.0,False,G,S,854.0
Mars,False,TRAPPIST-1e,45.0,False,941.0,281.0,36.0,12.0,39.0,False,F,S,1309.0
Europa,True,55 Cancri e,47.0,False,0.0,0.0,0.0,0.0,0.0,True,B,P,0.0
Europa,True,TRAPPIST-1e,13.0,False,0.0,0.0,0.0,0.0,0.0,True,B,S,0.0
Europa,False,TRAPPIST-1e,29.0,False,0.0,6338.0,0.0,1366.0,89.0,True,B,S,7793.0
Mars,False,TRAPPIST-1e,19.0,False,30.0,0.0,42.0,3565.0,7.0,False,E,S,3644.0
Mars,True,TRAPPIST-1e,30.0,False,0.0,0.0,0.0,0.0,0.0,True,F,S,0.0
Europa,False,55 Cancri e,39.0,False,3.0,83.0,0.0,805.0,2983.0,False,D,S,3874.0
Europa,False,TRAPPIST-1e,31.0,False,0.0,46.0,0.0,209.0,2908.0,False,D,S,3163.0
Europa,False,55 Cancri e,29.0,False,0.0,11417.0,12.0,795.0,402.0,True,C,S,12626.0
Mars,False,TRAPPIST-1e,16.0,False,546.0,90.0,23.0,513.0,0.0,False,E,S,1172.0
Earth,False,PSO J318.5-22,18.0,False,0.0,2.0,1513.0,0.0,0.0,True,F,S,1515.0
Earth,False,55 Cancri e,38.0,False,8.0,0.0,1414.0,10.0,3.0,False,G,P,1435.0
Earth,True,TRAPPIST-1e,50.0,False,0.0,0.0,0.0,0.0,0.0,False,G,P,0.0
Earth,True,PSO J318.5-22,21.0,False,0.0,0.0,0.0,0.0,0.0,False,G,P,0.0
Earth,True,PSO J318.5-22,22.0,False,0.0,0.0,0.0,0.0,0.0,True,G,P,0.0
Earth,True,TRAPPIST-1e,20.0,False,0.0,0.0,0.0,0.0,0.0,True,G,S,0.0
Mars,False,TRAPPIST-1e,36.0,False,721.0,0.0,471.0,0.0,0.0,False,F,P,1192.0
Earth,False,TRAPPIST-1e,23.0,False,350.53903958944284,282.0,0.0,0.0,71.0,True,F,P,703.5390395894428
Europa,True,55 Cancri e,31.0,True,0.0,0.0,0.0,0.0,0.0,True,B,P,0.0
Europa,True,TRAPPIST-1e,39.0,False,0.0,0.0,0.0,0.0,0.0,True,B,P,0.0
Europa,False,55 Cancri e,50.0,False,0.0,4558.0,0.0,1.0,267.0,True,B,P,4826.0
Earth,False,TRAPPIST-1e,40.0,False,0.0,901.0,0.0,0.0,89.0,False,E,S,990.0
Earth,False,TRAPPIST-1e,28.0,False,8.0,0.0,77.0,560.0,0.0,False,F,P,645.0
Europa,False,TRAPPIST-1e,38.0,False,2.0,114.0,771.0,3094.0,448.0,False,B,S,4429.0
Europa,False,TRAPPIST-1e,37.0,False,0.0,3603.0,33.0,7113.0,1.0,False,B,S,10750.0
Europa,True,55 Cancri e,59.0,False,0.0,0.0,0.0,0.0,0.0,True,B,S,0.0
Europa,False,55 Cancri e,41.0,False,35.0,6103.0,0.0,180.0,160.0,True,B,S,6478.0
Europa,False,TRAPPIST-1e,33.0,False,0.0,4017.0,270.12864211105006,485.74408365437534,2260.0,True,B,S,7032.8727257654255
Earth,True,TRAPPIST-1e,54.0,False,0.0,0.0,0.0,0.0,0.0,True,F,S,0.0
Earth,False,TRAPPIST-1e,40.0,False,0.0,0.0,2414.0,0.0,0.0,True,F,P,2414.0
Mars,False,TRAPPIST-1e,43.0,False,130.0,0.0,870.0,31.0,26.0,True,D,S,1057.0
Europa,True,55 Cancri e,26.0,False,0.0,0.0,0.0,0.0,0.0,True,C,P,0.0
Europa,False,55 Cancri e,65.0,False,0.0,7194.0,0.0,6.0,476.35311409149364,True,C,P,7676.353114091494
Europa,True,55 Cancri e,22.0,False,0.0,0.0,0.0,0.0,0.0,True,C,P,0.0
Europa,False,TRAPPIST-1e,28.0,False,0.0,3627.0,0.0,31.0,3263.0,False,C,P,6921.0
Earth,True,TRAPPIST-1e,35.0,False,0.0,0.0,0.0,0.0,0.0,True,F,P,0.0
Earth,True,TRAPPIST-1e,30.0,False,0.0,0.0,0.0,0.0,0.0,True,G,S,0.0
Europa,False,TRAPPIST-1e,28.0,False,0.0,2560.0,0.0,134.0,307.0,False,D,P,3001.0
Earth,False,TRAPPIST-1e,23.0,False,0.0,10.0,159.0,485.74408365437534,125.0,True,F,P,779.7440836543753
Earth,False,TRAPPIST-1e,24.0,False,698.0,0.0,51.0,2.0,4.0,True,F,P,755.0
Earth,True,PSO J318.5-22,16.0,False,0.0,0.0,0.0,0.0,0.0,True,G,P,0.0
Mars,True,TRAPPIST-1e,18.0,False,0.0,0.0,0.0,0.0,0.0,True,F,S,0.0
Earth,False,TRAPPIST-1e,20.0,False,399.0,77.0,311.0,0.0,16.0,False,F,P,803.0
Europa,True,TRAPPIST-1e,29.0,False,0.0,0.0,0.0,0.0,0.0,True,B,P,0.0
Europa,True,TRAPPIST-1e,29.0,False,0.0,0.0,0.0,0.0,0.0,True,B,P,0.0
Earth,False,TRAPPIST-1e,21.0,False,0.0,0.0,0.0,0.0,0.0,False,G,S,0.0
Europa,True,TRAPPIST-1e,2.0,False,0.0,0.0,0.0,0.0,0.0,False,A,S,0.0
Europa,False,TRAPPIST-1e,43.0,False,31.0,76.0,0.0,1353.0,1713.0,False,A,S,3173.0
Europa,False,TRAPPIST-1e,28.0,False,0.0,1883.0,0.0,1.0,4560.0,False,A,S,6444.0
Europa,False,55 Cancri e,31.0,True,0.0,2461.0,0.0,51.0,2141.0,False,A,P,4653.0
Earth,False,TRAPPIST-1e,23.0,False,36.0,18.0,670.0,0.0,32.0,True,F,P,756.0
Europa,True,TRAPPIST-1e,26.0,False,0.0,0.0,0.0,0.0,0.0,True,B,P,0.0
Europa,False,55 Cancri e,43.0,False,0.0,39.0,327.0,4643.0,85.0,False,B,P,5094.0
Earth,False,TRAPPIST-1e,28.0,False,1549.0,0.0,5.0,0.0,0.0,False,F,S,1554.0
Earth,False,PSO J318.5-22,24.0,False,0.0,266.0,1455.0,59.0,0.0,False,G,P,1780.0
Earth,False,TRAPPIST-1e,27.0,False,110.0,0.0,638.0,0.0,0.0,False,F,P,748.0
Mars,False,55 Cancri e,13.0,False,2244.0,31.0,507.0,0.0,142.0,False,F,S,2924.0
Mars,False,TRAPPIST-1e,27.0,False,994.0,0.0,26.0,1.0,0.0,False,E,S,1021.0
Earth,True,TRAPPIST-1e,2.0,False,0.0,0.0,0.0,0.0,0.0,True,G,S,0.0
Earth,True,TRAPPIST-1e,24.0,False,0.0,0.0,0.0,0.0,0.0,True,G,S,0.0
Earth,True,TRAPPIST-1e,2.0,False,0.0,0.0,0.0,0.0,0.0,True,G,S,0.0
Europa,False,TRAPPIST-1e,50.0,True,13.0,239.0,0.0,161.0,2355.0,False,A,S,2768.0
Europa,True,55 Cancri e,27.0,False,0.0,0.0,0.0,0.0,0.0,True,A,S,0.0
Earth,False,TRAPPIST-1e,26.0,False,1170.0,0.0,0.0,187.0,100.0,False,F,P,1457.0
Earth,False,55 Cancri e,31.0,False,23.0,0.0,0.0,485.74408365437534,17.0,False,G,S,525.7440836543753
Mars,False,TRAPPIST-1e,28.0,False,3559.0,0.0,270.12864211105006,13.0,2.0,False,D,P,3844.12864211105
Earth,False,55 Cancri e,4.0,False,0.0,0.0,0.0,0.0,0.0,False,G,S,0.0
Earth,False,TRAPPIST-1e,9.0,False,0.0,0.0,0.0,0.0,0.0,True,G,S,0.0
Earth,False,TRAPPIST-1e,0.0,False,0.0,0.0,0.0,0.0,0.0,True,G,S,0.0
Earth,True,TRAPPIST-1e,35.0,False,0.0,0.0,0.0,0.0,0.0,False,G,S,0.0
Earth,True,TRAPPIST-1e,3.0,False,0.0,0.0,0.0,0.0,0.0,True,G,S,0.0
Mars,False,TRAPPIST-1e,25.0,False,1956.0,0.0,161.0,239.0,28.0,False,D,P,2384.0
Mars,False,TRAPPIST-1e,63.0,False,3087.0,0.0,60.0,2.0,0.0,False,D,P,3149.0
Mars,True,TRAPPIST-1e,34.0,False,0.0,0.0,0.0,0.0,0.0,True,F,P,0.0
Mars,False,TRAPPIST-1e,35.0,False,1219.0,0.0,1742.0,740.0,0.0,False,F,P,3701.0
Earth,True,TRAPPIST-1e,26.0,False,0.0,0.0,0.0,0.0,0.0,True,G,S,0.0
Earth,False,TRAPPIST-1e,39.0,False,0.0,3.0,0.0,802.0,49.0,False,G,P,854.0
Europa,False,55 Cancri e,34.0,False,0.0,337.0,1339.0,92.0,264.0,False,D,S,2032.0
Europa,False,TRAPPIST-1e,36.0,False,0.0,1013.0,1.0,16.0,2825.0,False,B,P,3855.0
Earth,True,TRAPPIST-1e,46.0,False,0.0,0.0,0.0,0.0,0.0,True,G,P,0.0
Earth,False,TRAPPIST-1e,26.0,False,42.0,65.0,895.0,407.0,0.0,True,F,S,1409.0
Mars,True,TRAPPIST-1e,28.0,False,0.0,0.0,0.0,0.0,0.0,True,F,S,0.0
Earth,False,55 Cancri e,20.0,False,0.0,3080.0,7.0,0.0,67.0,True,F,P,3154.0
Earth,True,TRAPPIST-1e,35.0,False,0.0,0.0,0.0,0.0,0.0,False,G,P,0.0
Earth,False,55 Cancri e,11.0,False,0.0,0.0,0.0,0.0,0.0,False,G,S,0.0
Earth,True,PSO J318.5-22,14.0,False,0.0,0.0,0.0,0.0,0.0,False,G,S,0.0
Earth,True,PSO J318.5-22,4.0,False,0.0,0.0,0.0,0.0,0.0,True,G,S,0.0
Earth,False,TRAPPIST-1e,11.0,False,0.0,0.0,0.0,0.0,476.35311409149364,False,G,S,476.35311409149364
Earth,True,TRAPPIST-1e,31.0,False,0.0,0.0,0.0,0.0,0.0,True,G,S,0.0
Earth,False,TRAPPIST-1e,15.0,False,0.0,893.0,0.0,0.0,0.0,True,G,S,893.0
Earth,False,TRAPPIST-1e,39.0,False,0.0,2.0,0.0,69.0,836.0,False,G,S,907.0
Earth,False,TRAPPIST-1e,7.0,False,0.0,0.0,0.0,0.0,0.0,False,G,S,0.0
Earth,False,TRAPPIST-1e,24.0,False,83.0,0.0,129.0,504.0,0.0,False,F,S,716.0
Earth,True,TRAPPIST-1e,22.0,False,0.0,0.0,0.0,0.0,0.0,True,G,S,0.0
Mars,True,TRAPPIST-1e,26.0,False,0.0,0.0,0.0,0.0,0.0,False,E,P,0.0
Europa,False,55 Cancri e,53.0,False,0.0,864.0,49.0,39.0,2376.0,True,C,S,3328.0
Europa,False,TRAPPIST-1e,40.0,False,2.0,76.0,0.0,201.0,476.35311409149364,False,C,S,755.3531140914936
Mars,False,TRAPPIST-1e,19.0,False,160.0,0.0,889.0,0.0,0.0,False,E,S,1049.0
Mars,False,55 Cancri e,54.0,False,433.0,0.0,867.0,19.0,1.0,False,F,P,1320.0
Mars,False,TRAPPIST-1e,21.0,False,572.0,584.0,128.0,14.0,0.0,False,E,P,1298.0
Mars,False,TRAPPIST-1e,25.0,False,1340.0,0.0,8.0,0.0,0.0,False,F,P,1348.0
Mars,False,TRAPPIST-1e,48.0,False,137.0,0.0,877.0,0.0,0.0,True,E,S,1014.0
Mars,False,PSO J318.5-22,41.0,False,350.53903958944284,0.0,1127.0,8.0,0.0,True,D,S,1485.5390395894428
Mars,False,TRAPPIST-1e,13.0,False,27.0,0.0,3246.0,0.0,0.0,True,D,S,3273.0
Europa,False,TRAPPIST-1e,57.0,False,0.0,0.0,0.0,0.0,0.0,True,B,S,0.0
Europa,True,TRAPPIST-1e,25.0,False,0.0,0.0,0.0,0.0,0.0,True,B,S,0.0
Europa,True,55 Cancri e,48.0,False,0.0,0.0,0.0,0.0,0.0,True,B,S,0.0
Mars,False,TRAPPIST-1e,34.0,False,849.0,51.0,375.0,0.0,24.0,False,E,S,1299.0
Earth,True,TRAPPIST-1e,16.0,False,0.0,0.0,0.0,0.0,0.0,True,G,S,0.0
Earth,False,TRAPPIST-1e,0.0,False,0.0,0.0,0.0,0.0,0.0,False,G,P,0.0
Earth,False,55 Cancri e,15.0,False,6.0,1740.0,2184.0,0.0,0.0,True,G,P,3930.0
Earth,False,55 Cancri e,37.0,False,426.0,0.0,2.0,194.0,308.0,False,F,S,930.0
Earth,False,TRAPPIST-1e,37.0,False,452.0,0.0,234.0,19.0,1290.0,False,F,S,1995.0
Earth,False,TRAPPIST-1e,49.0,False,820.0,1.0,690.0,292.0,13.0,False,G,P,1816.0
Earth,False,TRAPPIST-1e,18.0,False,1.0,1.0,0.0,0.0,746.0,False,F,P,748.0
Earth,False,TRAPPIST-1e,25.0,False,101.0,32.0,0.0,137.0,633.0,True,F,S,903.0
Earth,False,PSO J318.5-22,27.0,False,0.0,116.0,2048.0,2.0,0.0,True,F,P,2166.0
Earth,False,55 Cancri e,43.0,False,26.0,132.0,3.0,117.0,555.0,False,G,S,833.0
Earth,False,TRAPPIST-1e,20.0,False,9.0,0.0,157.0,525.0,0.0,False,F,P,691.0
Europa,True,TRAPPIST-1e,54.0,False,0.0,0.0,0.0,0.0,0.0,True,C,P,0.0
Earth,True,TRAPPIST-1e,30.0,False,0.0,0.0,0.0,0.0,0.0,True,G,S,0.0
Europa,True,TRAPPIST-1e,37.0,False,0.0,0.0,0.0,0.0,0.0,True,B,P,0.0
Earth,False,55 Cancri e,30.0,False,60.0,41.0,553.0,1.0,0.0,True,F,S,655.0
Earth,False,TRAPPIST-1e,20.0,False,631.0,93.0,0.0,0.0,0.0,False,F,P,724.0
Earth,False,TRAPPIST-1e,20.0,False,25.0,0.0,796.0,44.0,44.0,False,G,P,909.0
Earth,False,TRAPPIST-1e,24.0,False,0.0,591.0,0.0,0.0,1560.0,False,F,S,2151.0
Earth,False,TRAPPIST-1e,44.0,False,0.0,121.0,0.0,748.0,0.0,False,F,P,869.0
Earth,False,55 Cancri e,0.0,False,0.0,0.0,0.0,0.0,0.0,True,G,S,0.0
Earth,True,TRAPPIST-1e,15.0,False,0.0,0.0,0.0,0.0,0.0,True,G,S,0.0
Europa,True,TRAPPIST-1e,19.0,False,0.0,0.0,0.0,0.0,0.0,True,B,P,0.0
Europa,True,55 Cancri e,20.0,False,0.0,0.0,0.0,0.0,0.0,True,B,P,0.0
Mars,False,PSO J318.5-22,20.0,True,14.0,0.0,59.0,1777.0,0.0,False,F,P,1850.0
Earth,True,TRAPPIST-1e,34.0,False,0.0,0.0,0.0,0.0,0.0,True,G,P,0.0
Earth,True,PSO J318.5-22,17.0,False,0.0,0.0,0.0,0.0,0.0,True,G,P,0.0
Earth,False,TRAPPIST-1e,20.0,False,0.0,25.0,0.0,0.0,803.0,True,E,S,828.0
Earth,False,TRAPPIST-1e,42.0,False,0.0,1.0,0.0,17.0,1601.0,False,E,S,1619.0
Earth,False,TRAPPIST-1e,28.0,False,0.0,180.0,516.0,485.74408365437534,476.35311409149364,True,F,S,1658.097197745869
Mars,False,TRAPPIST-1e,43.0,False,375.0,103.0,1990.0,36.0,0.0,True,F,P,2504.0
Europa,False,PSO J318.5-22,55.0,True,0.0,102.0,0.0,278.0,5353.0,False,C,P,5733.0
Earth,False,TRAPPIST-1e,21.0,False,29.0,27.0,47.0,694.0,11.0,False,G,S,808.0
Earth,False,TRAPPIST-1e,17.0,False,0.0,656.0,295.0,0.0,35.0,False,E,P,986.0
Europa,False,55 Cancri e,54.0,False,0.0,559.0,0.0,15238.0,2799.0,False,C,S,18596.0
Earth,False,TRAPPIST-1e,25.0,False,350.53903958944284,205.0,270.12864211105006,0.0,549.0,True,F,S,1374.667681700493
Earth,False,TRAPPIST-1e,27.0,False,0.0,57.0,851.0,0.0,0.0,True,G,S,908.0
Europa,False,55 Cancri e,45.0,False,0.0,496.0,0.0,1940.0,4195.0,False,C,S,6631.0
Europa,True,TRAPPIST-1e,31.0,False,0.0,0.0,0.0,0.0,0.0,True,B,S,0.0
Europa,True,55 Cancri e,19.0,False,0.0,0.0,0.0,0.0,0.0,True,C,S,0.0
Earth,False,TRAPPIST-1e,30.0,False,350.53903958944284,43.0,0.0,0.0,6.0,False,G,P,399.53903958944284
Earth,False,TRAPPIST-1e,24.0,False,191.0,497.0,0.0,0.0,16.0,False,G,P,704.0
Earth,False,TRAPPIST-1e,27.0,False,0.0,20.0,38.0,359.0,516.0,False,F,P,933.0
Mars,False,TRAPPIST-1e,42.0,False,4102.0,0.0,36.0,0.0,1825.0,False,F,P,5963.0
Europa,True,55 Cancri e,29.0,False,0.0,0.0,0.0,0.0,0.0,True,B,P,0.0
Europa,False,55 Cancri e,37.0,False,0.0,2235.0,7.0,4098.0,89.0,False,B,P,6429.0
Europa,True,TRAPPIST-1e,64.0,False,0.0,0.0,0.0,0.0,0.0,True,C,S,0.0
Earth,True,TRAPPIST-1e,24.0,False,0.0,0.0,0.0,0.0,0.0,True,G,S,0.0
Earth,False,55 Cancri e,23.0,False,42.0,0.0,0.0,765.0,2.0,False,G,S,809.0
Earth,False,TRAPPIST-1e,22.0,False,686.0,45.0,16.0,7.0,4.0,True,F,S,758.0
Mars,False,TRAPPIST-1e,23.0,False,176.0,493.0,169.0,0.0,1023.0,False,F,S,1861.0
Earth,False,TRAPPIST-1e,21.0,False,3.0,65.0,253.0,475.0,0.0,False,F,P,796.0
Earth,False,TRAPPIST-1e,37.0,False,661.0,876.0,0.0,3.0,13.0,False,F,P,1553.0
Mars,False,TRAPPIST-1e,17.0,False,250.0,0.0,2179.0,0.0,0.0,True,F,S,2429.0
Mars,True,TRAPPIST-1e,35.0,False,0.0,0.0,0.0,0.0,0.0,True,F,S,0.0
Europa,False,TRAPPIST-1e,33.0,False,0.0,4592.0,0.0,209.0,954.0,True,B,S,5755.0
Europa,False,55 Cancri e,37.0,False,0.0,2337.0,0.0,204.0,76.0,True,B,S,2617.0
Europa,False,55 Cancri e,32.0,False,0.0,154.0,0.0,5492.0,1924.0,False,B,S,7570.0
Mars,False,55 Cancri e,31.0,False,22.0,0.0,270.12864211105006,1.0,524.0,False,F,P,817.1286421110501
Europa,False,TRAPPIST-1e,27.0,False,0.0,4020.0,0.0,1635.0,4899.0,False,A,P,10554.0
Europa,True,55 Cancri e,34.0,False,0.0,0.0,0.0,0.0,0.0,True,E,P,0.0
Mars,False,TRAPPIST-1e,9.0,False,0.0,0.0,0.0,0.0,0.0,True,F,S,0.0
Mars,True,TRAPPIST-1e,25.0,False,0.0,0.0,0.0,0.0,0.0,True,F,S,0.0
Mars,True,TRAPPIST-1e,29.0,False,0.0,0.0,0.0,0.0,0.0,True,F,S,0.0
Mars,True,TRAPPIST-1e,1.0,False,0.0,0.0,0.0,0.0,0.0,True,F,S,0.0
Earth,False,TRAPPIST-1e,30.0,False,1.0,797.0,0.0,10.0,0.0,True,G,S,808.0
Europa,False,TRAPPIST-1e,64.0,False,77.0,2424.0,0.0,3001.0,127.0,False,C,P,5629.0
Europa,False,TRAPPIST-1e,31.0,False,0.0,6670.0,217.0,625.0,20336.0,False,C,P,27848.0
Europa,False,TRAPPIST-1e,27.0,False,267.0,2802.0,0.0,54.0,77.0,True,C,P,3200.0
Europa,False,TRAPPIST-1e,27.0,False,0.0,4516.0,0.0,6167.0,5308.0,False,C,P,15991.0
Europa,True,TRAPPIST-1e,25.0,False,0.0,0.0,0.0,0.0,0.0,True,C,P,0.0
Earth,True,TRAPPIST-1e,28.0,False,0.0,0.0,0.0,0.0,0.0,True,G,S,0.0
Earth,True,TRAPPIST-1e,32.0,False,0.0,0.0,0.0,0.0,0.0,True,G,P,0.0
Earth,False,55 Cancri e,36.0,False,0.0,0.0,0.0,725.0,2.0,False,F,P,727.0
Europa,False,55 Cancri e,26.0,False,0.0,3593.0,47.0,19.0,229.0,True,C,S,3888.0
Europa,False,TRAPPIST-1e,36.0,False,1.0,5234.0,343.0,277.0,12682.0,False,C,S,18537.0
Earth,False,TRAPPIST-1e,37.0,False,374.0,1327.0,10.0,81.0,0.0,False,G,S,1792.0
Earth,False,TRAPPIST-1e,45.0,False,0.0,0.0,0.0,774.0,0.0,False,G,P,774.0
Europa,False,TRAPPIST-1e,22.0,False,165.0,36.0,0.0,3044.0,556.0,False,C,S,3801.0
Europa,False,55 Cancri e,24.0,False,25.0,3291.0,0.0,6075.0,179.0,False,C,S,9570.0
Earth,False,PSO J318.5-22,23.0,False,0.0,138.0,4.0,412.0,220.0,False,G,P,774.0
Earth,False,55 Cancri e,31.0,False,2.0,20.0,1.0,1026.0,2.0,True,F,S,1051.0
Europa,False,TRAPPIST-1e,37.0,False,1.0,477.0,0.0,0.0,7087.0,False,C,S,7565.0
Earth,False,TRAPPIST-1e,28.0,False,5.0,0.0,0.0,1014.0,0.0,False,G,P,1019.0
Earth,True,TRAPPIST-1e,23.0,False,0.0,0.0,0.0,0.0,0.0,True,G,S,0.0
Earth,False,55 Cancri e,14.0,False,0.0,166.0,603.0,1.0,0.0,True,G,S,770.0
Europa,True,TRAPPIST-1e,40.0,False,0.0,0.0,0.0,0.0,0.0,True,B,P,0.0
Mars,False,TRAPPIST-1e,42.0,False,36.0,0.0,2554.0,0.0,9.0,True,F,S,2599.0
Earth,False,TRAPPIST-1e,53.0,False,19.0,81.0,85.0,768.0,489.0,False,F,S,1442.0
Earth,True,TRAPPIST-1e,46.0,False,0.0,0.0,0.0,0.0,0.0,False,G,S,0.0
Mars,False,TRAPPIST-1e,28.0,False,0.0,79.0,2003.0,0.0,0.0,True,E,P,2082.0
Earth,True,55 Cancri e,25.0,False,0.0,0.0,0.0,0.0,0.0,True,G,P,0.0
Europa,False,PSO J318.5-22,34.0,True,0.0,714.4862536656891,21.0,7.0,16.0,True,C,P,758.4862536656891
Mars,False,TRAPPIST-1e,58.0,False,1246.0,0.0,66.0,36.0,0.0,False,F,S,1348.0
Europa,False,TRAPPIST-1e,31.0,False,0.0,2520.0,1.0,1.0,0.0,True,B,S,2522.0
Europa,True,55 Cancri e,24.0,False,0.0,0.0,0.0,0.0,0.0,True,B,S,0.0
Europa,False,TRAPPIST-1e,52.0,False,0.0,3275.0,111.0,51.0,18.0,True,F,S,3455.0
Europa,True,55 Cancri e,25.0,False,0.0,0.0,0.0,0.0,0.0,True,B,S,0.0
Europa,True,TRAPPIST-1e,17.0,False,0.0,0.0,0.0,0.0,0.0,True,B,S,0.0
Earth,False,TRAPPIST-1e,27.0,False,0.0,453.0,137.0,1331.0,1660.0,False,B,S,3581.0
Europa,True,55 Cancri e,29.0,False,0.0,0.0,0.0,0.0,0.0,True,B,S,0.0
Europa,False,TRAPPIST-1e,45.0,False,0.0,7484.0,465.0,14.0,610.0,True,C,S,8573.0
Earth,False,PSO J318.5-22,28.0,False,0.0,18.0,0.0,0.0,674.0,True,F,S,692.0
Europa,True,55 Cancri e,25.0,False,0.0,0.0,0.0,0.0,0.0,True,C,P,0.0
Europa,True,TRAPPIST-1e,57.0,False,0.0,0.0,0.0,0.0,0.0,True,C,S,0.0
Europa,True,TRAPPIST-1e,68.0,False,0.0,0.0,0.0,0.0,0.0,True,C,S,0.0
Europa,False,55 Cancri e,26.0,False,0.0,431.0,28.0,10941.0,26.0,False,C,S,11426.0
Europa,False,TRAPPIST-1e,52.0,False,2.0,364.0,0.0,2144.0,1804.0,False,C,S,4314.0
Europa,False,TRAPPIST-1e,36.0,False,0.0,551.0,0.0,5270.0,22.0,False,C,S,5843.0
Earth,False,PSO J318.5-22,41.0,False,454.0,297.0,0.0,2.0,0.0,False,G,P,753.0
Earth,False,TRAPPIST-1e,14.0,False,514.0,0.0,392.0,0.0,0.0,False,E,S,906.0
Earth,True,PSO J318.5-22,16.0,False,0.0,0.0,0.0,0.0,0.0,True,G,P,0.0
Mars,False,TRAPPIST-1e,24.0,False,672.0,0.0,501.0,0.0,476.35311409149364,False,F,S,1649.3531140914936
Europa,False,TRAPPIST-1e,62.0,True,0.0,1633.0,0.0,1742.0,0.0,True,B,P,3375.0
Earth,False,55 Cancri e,26.0,False,595.0,84.0,0.0,0.0,131.0,True,G,S,810.0
Earth,False,TRAPPIST-1e,45.0,False,65.0,63.0,3.0,713.0,27.0,False,F,S,871.0
Europa,False,TRAPPIST-1e,41.0,False,0.0,412.0,0.0,4030.0,0.0,False,C,S,4442.0
Earth,False,TRAPPIST-1e,36.0,False,350.53903958944284,724.0,0.0,0.0,0.0,True,F,P,1074.5390395894428
Earth,False,55 Cancri e,13.0,False,8.0,1385.0,1445.0,250.0,8.0,True,F,S,3096.0
Europa,False,TRAPPIST-1e,48.0,False,0.0,9633.0,0.0,1.0,2.0,True,B,S,9636.0
Europa,True,TRAPPIST-1e,27.0,False,0.0,0.0,0.0,0.0,0.0,True,B,S,0.0
Earth,False,PSO J318.5-22,22.0,False,141.0,16.0,0.0,177.0,336.0,True,F,S,670.0
Earth,False,TRAPPIST-1e,39.0,False,290.0,0.0,84.0,266.0,0.0,True,F,S,640.0
Earth,False,TRAPPIST-1e,45.0,False,1399.0,226.0,0.0,0.0,0.0,False,E,P,1625.0
Earth,False,TRAPPIST-1e,42.0,False,84.0,323.0,0.0,1251.0,120.0,False,G,S,1778.0
Europa,False,TRAPPIST-1e,33.0,False,0.0,7039.0,0.0,902.0,405.0,True,C,S,8346.0
Earth,False,TRAPPIST-1e,27.0,False,0.0,89.0,874.0,34.0,0.0,True,F,S,997.0
Earth,False,TRAPPIST-1e,47.0,False,0.0,370.0,0.0,380.0,38.0,False,E,S,788.0
Europa,True,TRAPPIST-1e,20.0,False,0.0,0.0,0.0,0.0,0.0,True,E,P,0.0
Europa,True,55 Cancri e,32.0,False,0.0,0.0,0.0,0.0,0.0,True,B,P,0.0
Earth,True,TRAPPIST-1e,54.0,False,0.0,0.0,0.0,0.0,0.0,True,B,P,0.0
Earth,False,TRAPPIST-1e,23.0,False,0.0,1125.0,0.0,485.74408365437534,993.0,False,F,S,2603.7440836543756
Earth,False,TRAPPIST-1e,9.0,False,0.0,0.0,0.0,0.0,0.0,False,G,S,0.0
Earth,False,TRAPPIST-1e,17.0,False,372.0,0.0,477.0,0.0,0.0,False,G,P,849.0
Europa,False,TRAPPIST-1e,26.0,False,0.0,823.0,0.0,1821.0,1508.0,False,D,S,4152.0
Europa,False,TRAPPIST-1e,38.0,False,0.0,93.0,0.0,0.0,7303.0,False,D,S,7396.0
Earth,False,TRAPPIST-1e,24.0,False,703.0,0.0,0.0,0.0,0.0,False,F,S,703.0
Earth,False,TRAPPIST-1e,30.0,False,77.0,2325.0,5.0,117.0,1.0,True,F,P,2525.0
Earth,True,55 Cancri e,2.0,False,0.0,0.0,0.0,0.0,0.0,False,G,P,0.0
Earth,True,TRAPPIST-1e,4.0,False,0.0,0.0,0.0,0.0,0.0,True,G,P,0.0
Earth,True,TRAPPIST-1e,9.0,False,0.0,0.0,0.0,0.0,0.0,False,G,P,0.0
Earth,False,TRAPPIST-1e,30.0,False,0.0,0.0,3.0,3434.0,0.0,False,F,P,3437.0
Earth,True,TRAPPIST-1e,5.0,False,0.0,0.0,0.0,0.0,0.0,False,G,P,0.0
Earth,False,TRAPPIST-1e,2.0,False,0.0,0.0,0.0,0.0,0.0,False,G,P,0.0
Europa,False,TRAPPIST-1e,32.0,False,45.0,985.0,0.0,0.0,6803.0,False,C,P,7833.0
Europa,True,TRAPPIST-1e,53.0,False,0.0,0.0,0.0,0.0,0.0,True,C,P,0.0
Europa,False,TRAPPIST-1e,46.0,False,0.0,3856.0,0.0,1.0,312.0,True,F,S,4169.0
Earth,True,TRAPPIST-1e,2.0,False,0.0,0.0,0.0,0.0,0.0,True,G,S,0.0
Earth,True,TRAPPIST-1e,1.0,False,0.0,0.0,0.0,0.0,0.0,True,G,S,0.0
Earth,True,TRAPPIST-1e,11.0,False,0.0,0.0,0.0,0.0,0.0,True,G,S,0.0
Earth,False,55 Cancri e,3.0,False,0.0,0.0,0.0,0.0,0.0,True,G,S,0.0
Earth,True,TRAPPIST-1e,33.0,False,0.0,0.0,0.0,0.0,0.0,True,G,S,0.0
Earth,True,55 Cancri e,3.0,False,0.0,0.0,0.0,0.0,0.0,True,G,S,0.0
Earth,False,TRAPPIST-1e,38.0,False,182.0,776.0,3.0,33.0,0.0,False,E,S,994.0
Earth,True,PSO J318.5-22,21.0,False,0.0,0.0,0.0,0.0,0.0,False,G,P,0.0
Earth,True,TRAPPIST-1e,41.0,False,0.0,0.0,0.0,0.0,0.0,True,F,S,0.0
Europa,True,55 Cancri e,64.0,False,0.0,0.0,0.0,0.0,0.0,True,C,S,0.0
Europa,True,55 Cancri e,27.0,True,0.0,0.0,0.0,0.0,0.0,True,C,S,0.0
Earth,True,55 Cancri e,41.0,False,0.0,0.0,0.0,0.0,0.0,False,G,P,0.0
Earth,False,TRAPPIST-1e,19.0,False,35.0,2.0,481.0,121.0,476.35311409149364,False,F,P,1115.3531140914936
Earth,False,TRAPPIST-1e,42.0,False,0.0,0.0,1677.0,65.0,62.0,True,G,P,1804.0
Europa,False,55 Cancri e,30.0,False,0.0,4066.0,0.0,544.0,1272.0,False,C,P,5882.0
Earth,False,TRAPPIST-1e,38.0,False,183.0,203.0,0.0,110.0,374.0,False,F,P,870.0
Europa,False,TRAPPIST-1e,63.0,False,0.0,4579.0,1.0,1006.0,2084.0,True,C,S,7670.0
Mars,False,TRAPPIST-1e,17.0,False,350.53903958944284,0.0,38.0,0.0,2.0,False,D,P,390.53903958944284
Mars,True,TRAPPIST-1e,2.0,False,0.0,0.0,0.0,0.0,0.0,True,F,P,0.0
Mars,True,TRAPPIST-1e,19.0,False,0.0,0.0,0.0,0.0,0.0,True,F,P,0.0
Mars,False,TRAPPIST-1e,37.0,False,1144.0,4.0,34.0,0.0,0.0,False,D,P,1182.0
Mars,False,TRAPPIST-1e,50.0,False,225.0,0.0,796.0,107.0,0.0,True,F,S,1128.0
Earth,False,TRAPPIST-1e,38.0,False,0.0,172.0,615.0,0.0,0.0,True,G,S,787.0
Europa,False,TRAPPIST-1e,28.0,True,0.0,3119.0,0.0,1404.0,366.0,True,C,S,4889.0
Europa,True,TRAPPIST-1e,35.0,False,0.0,0.0,0.0,0.0,0.0,True,B,P,0.0
Europa,False,TRAPPIST-1e,27.0,False,14327.0,1487.0,0.0,1.0,0.0,False,F,S,15815.0
Earth,False,TRAPPIST-1e,15.0,False,0.0,7.0,0.0,749.0,0.0,False,G,S,756.0
Europa,False,TRAPPIST-1e,29.0,True,0.0,920.0,0.0,2052.0,3687.0,False,B,S,6659.0
Europa,True,55 Cancri e,65.0,False,0.0,0.0,0.0,0.0,0.0,True,B,S,0.0
Earth,False,55 Cancri e,27.0,False,0.0,630.0,0.0,71.0,0.0,True,F,S,701.0
Mars,False,TRAPPIST-1e,0.0,False,0.0,0.0,0.0,0.0,0.0,True,F,S,0.0
Mars,False,TRAPPIST-1e,21.0,False,3148.0,0.0,1.0,0.0,0.0,False,F,S,3149.0
Mars,True,TRAPPIST-1e,19.0,False,0.0,0.0,0.0,0.0,0.0,True,F,S,0.0
Mars,True,TRAPPIST-1e,39.0,False,0.0,0.0,0.0,0.0,0.0,True,F,S,0.0
Earth,False,55 Cancri e,60.0,False,0.0,0.0,0.0,0.0,476.35311409149364,False,F,P,476.35311409149364
Europa,False,55 Cancri e,30.0,False,818.0,44.0,2.0,2956.0,2311.0,False,D,P,6131.0
Earth,True,TRAPPIST-1e,30.0,False,0.0,0.0,0.0,0.0,0.0,False,G,P,0.0
Earth,True,TRAPPIST-1e,40.0,False,0.0,0.0,0.0,0.0,0.0,True,G,P,0.0
Mars,False,TRAPPIST-1e,26.0,False,0.0,25.0,13.0,11.0,998.0,False,E,S,1047.0
Earth,False,55 Cancri e,38.0,False,2614.0,0.0,103.0,0.0,0.0,False,F,P,2717.0
Mars,False,TRAPPIST-1e,22.0,False,130.0,15.0,2454.0,0.0,0.0,True,F,P,2599.0
Mars,False,TRAPPIST-1e,27.0,False,179.0,0.0,1805.0,131.0,0.0,False,E,P,2115.0
Mars,False,TRAPPIST-1e,65.0,False,1420.0,0.0,84.0,0.0,0.0,False,F,P,1504.0
Earth,True,PSO J318.5-22,61.0,False,0.0,0.0,0.0,0.0,0.0,True,G,P,0.0
Earth,False,TRAPPIST-1e,20.0,False,0.0,0.0,111.0,39.0,1094.0,False,F,S,1244.0
Earth,True,TRAPPIST-1e,24.0,False,0.0,0.0,0.0,0.0,0.0,False,G,P,0.0
Earth,True,TRAPPIST-1e,16.0,False,0.0,0.0,0.0,0.0,0.0,False,G,P,0.0
Mars,True,TRAPPIST-1e,35.0,False,0.0,0.0,0.0,0.0,0.0,True,E,S,0.0
Earth,False,TRAPPIST-1e,21.0,False,0.0,681.0,51.0,131.0,1.0,True,F,S,864.0
Earth,True,TRAPPIST-1e,23.0,False,0.0,0.0,0.0,0.0,0.0,True,G,S,0.0
Earth,False,55 Cancri e,17.0,False,0.0,262.0,0.0,0.0,502.0,True,F,S,764.0
Earth,False,PSO J318.5-22,24.0,False,154.0,7.0,241.0,213.0,453.0,False,F,S,1068.0
Earth,False,55 Cancri e,27.0,False,866.0,0.0,0.0,0.0,23.0,False,G,P,889.0
Europa,False,TRAPPIST-1e,26.0,False,0.0,1910.0,0.0,1777.0,476.35311409149364,True,C,S,4163.353114091494
Europa,False,55 Cancri e,26.0,False,0.0,3452.0,0.0,4.0,1960.0,True,C,S,5416.0
Europa,False,TRAPPIST-1e,20.0,False,0.0,3.0,0.0,1271.0,2630.0,True,C,S,3904.0
Europa,True,TRAPPIST-1e,28.0,False,0.0,0.0,0.0,0.0,0.0,True,C,S,0.0
Europa,False,TRAPPIST-1e,37.0,False,8.0,21.0,0.0,56.0,2167.0,True,C,S,2252.0
Mars,False,TRAPPIST-1e,23.0,False,706.0,0.0,0.0,0.0,583.0,False,F,S,1289.0
Mars,True,TRAPPIST-1e,49.0,False,0.0,0.0,0.0,0.0,0.0,True,F,S,0.0
Europa,False,TRAPPIST-1e,50.0,False,0.0,1338.0,0.0,40.0,6178.0,False,B,P,7556.0
Europa,True,TRAPPIST-1e,4.0,False,0.0,0.0,0.0,0.0,0.0,True,C,P,0.0
Europa,True,TRAPPIST-1e,32.0,False,0.0,0.0,0.0,0.0,0.0,True,C,P,0.0
Europa,False,TRAPPIST-1e,44.0,False,0.0,0.0,0.0,0.0,0.0,True,C,P,0.0
Earth,False,TRAPPIST-1e,20.0,False,962.0,0.0,4581.0,105.0,0.0,True,E,P,5648.0
Mars,False,TRAPPIST-1e,30.0,False,531.0,807.0,35.0,200.0,0.0,False,F,S,1573.0
Mars,False,TRAPPIST-1e,29.0,False,574.0,0.0,4940.0,1831.0,2.0,False,F,S,7347.0
Earth,False,TRAPPIST-1e,22.0,False,37.0,3.0,0.0,305.0,581.0,True,G,S,926.0
Mars,True,TRAPPIST-1e,35.0,False,0.0,0.0,0.0,0.0,0.0,True,F,P,0.0
Mars,False,55 Cancri e,0.0,False,0.0,0.0,0.0,0.0,0.0,True,F,P,0.0
Mars,True,TRAPPIST-1e,6.0,False,0.0,0.0,0.0,0.0,0.0,True,F,P,0.0
Europa,False,TRAPPIST-1e,38.0,False,0.0,4504.0,0.0,13.0,302.0,True,E,S,4819.0
Europa,False,TRAPPIST-1e,34.0,False,0.0,48.0,2067.0,3.0,6.0,True,C,P,2124.0
Europa,True,55 Cancri e,34.0,False,0.0,0.0,0.0,0.0,0.0,True,C,P,0.0
Earth,False,TRAPPIST-1e,27.0,False,282.0,8.0,337.0,0.0,0.0,False,G,S,627.0
Mars,False,TRAPPIST-1e,53.0,False,204.0,142.0,380.0,38.0,1.0,False,D,S,765.0
Europa,False,TRAPPIST-1e,28.0,False,0.0,395.0,118.0,14.0,1647.0,False,A,S,2174.0
Europa,False,TRAPPIST-1e,31.0,False,0.0,1382.0,0.0,1795.0,588.0,False,A,S,3765.0
Mars,False,PSO J318.5-22,56.0,False,233.0,0.0,1356.0,0.0,171.0,False,F,P,1760.0
Mars,False,TRAPPIST-1e,36.0,False,850.0,714.4862536656891,454.0,0.0,0.0,False,F,S,2018.4862536656892
Earth,False,55 Cancri e,30.0,False,25.0,245.0,198.0,2.0,321.0,False,E,S,791.0
Mars,True,TRAPPIST-1e,32.0,False,0.0,0.0,0.0,0.0,0.0,True,F,P,0.0
Europa,True,55 Cancri e,44.0,False,0.0,0.0,0.0,0.0,0.0,True,C,S,0.0
Europa,True,55 Cancri e,54.0,False,0.0,0.0,0.0,0.0,0.0,True,C,S,0.0
Earth,False,TRAPPIST-1e,24.0,False,185.0,0.0,476.0,1810.0,53.0,False,F,S,2524.0
Earth,False,TRAPPIST-1e,44.0,False,248.0,0.0,0.0,0.0,623.0,False,F,P,871.0
Earth,False,TRAPPIST-1e,25.0,False,0.0,3.0,23.0,693.0,0.0,False,F,S,719.0
Mars,True,TRAPPIST-1e,35.0,False,0.0,0.0,0.0,0.0,0.0,True,F,P,0.0
Mars,False,TRAPPIST-1e,29.0,False,298.0,0.0,888.0,5.0,0.0,True,F,P,1191.0
Earth,False,TRAPPIST-1e,22.0,False,0.0,669.0,121.0,0.0,56.0,True,E,S,846.0
Earth,True,TRAPPIST-1e,22.0,False,0.0,0.0,0.0,0.0,0.0,True,G,S,0.0
Earth,False,55 Cancri e,22.0,False,0.0,509.0,2.0,8.0,74.0,True,F,S,593.0
Earth,True,PSO J318.5-22,18.0,False,0.0,0.0,0.0,0.0,0.0,True,F,S,0.0
Earth,False,55 Cancri e,22.0,False,256.0,0.0,0.0,0.0,373.0,False,F,P,629.0
Earth,False,TRAPPIST-1e,52.0,False,935.0,779.0,0.0,0.0,0.0,True,G,S,1714.0
Mars,True,TRAPPIST-1e,0.0,False,0.0,0.0,0.0,0.0,0.0,True,F,P,0.0
Mars,True,TRAPPIST-1e,1.0,False,0.0,0.0,0.0,0.0,0.0,True,F,P,0.0
Mars,False,TRAPPIST-1e,34.0,False,2130.0,0.0,1.0,1.0,0.0,False,F,P,2132.0
Mars,True,TRAPPIST-1e,6.0,False,0.0,0.0,0.0,0.0,0.0,True,F,P,0.0
Earth,False,TRAPPIST-1e,22.0,False,123.0,1.0,660.0,0.0,0.0,True,G,S,784.0
Earth,True,TRAPPIST-1e,31.0,False,0.0,0.0,0.0,0.0,0.0,True,G,S,0.0
Europa,False,TRAPPIST-1e,31.0,False,588.0,1261.0,0.0,228.0,6.0,False,A,S,2083.0
Mars,False,TRAPPIST-1e,20.0,False,845.0,0.0,46.0,123.0,0.0,False,E,S,1014.0
Mars,True,TRAPPIST-1e,25.0,False,0.0,0.0,0.0,0.0,0.0,True,E,S,0.0
Europa,True,55 Cancri e,23.0,False,0.0,0.0,0.0,0.0,0.0,True,F,S,0.0
Europa,False,TRAPPIST-1e,53.0,False,50.0,11552.0,0.0,2998.0,4334.0,False,C,S,18934.0
Europa,False,55 Cancri e,32.0,False,0.0,225.0,0.0,3873.0,240.0,False,C,S,4338.0
Europa,True,55 Cancri e,27.0,False,0.0,0.0,0.0,0.0,0.0,True,C,S,0.0
Europa,False,55 Cancri e,48.0,False,0.0,342.0,929.0,10887.0,0.0,False,C,S,12158.0
Europa,False,TRAPPIST-1e,37.0,False,223.0,9495.0,0.0,1318.0,1866.0,True,A,P,12902.0
Mars,True,TRAPPIST-1e,21.0,False,0.0,0.0,0.0,0.0,0.0,True,F,S,0.0
Europa,True,55 Cancri e,29.0,False,0.0,0.0,0.0,0.0,0.0,True,B,P,0.0
Europa,True,TRAPPIST-1e,46.0,True,0.0,0.0,0.0,0.0,0.0,True,B,P,0.0
Earth,False,TRAPPIST-1e,19.0,False,2.0,0.0,270.12864211105006,9.0,754.0,False,G,S,1035.12864211105
Earth,False,TRAPPIST-1e,22.0,False,0.0,0.0,0.0,778.0,0.0,False,F,S,778.0
Europa,False,TRAPPIST-1e,54.0,True,0.0,2853.0,0.0,0.0,1666.0,False,B,S,4519.0
Earth,False,TRAPPIST-1e,43.0,False,63.0,1339.0,9.0,253.0,42.0,True,G,S,1706.0
Earth,True,TRAPPIST-1e,18.0,False,0.0,0.0,0.0,0.0,0.0,True,G,S,0.0
Europa,False,55 Cancri e,36.0,False,13.0,1480.0,1.0,1439.0,1955.0,False,E,S,4888.0
Europa,False,TRAPPIST-1e,20.0,False,0.0,1131.0,3783.0,161.0,0.0,True,E,S,5075.0
Earth,False,TRAPPIST-1e,63.0,False,0.0,104.0,0.0,599.0,0.0,False,F,P,703.0
Earth,False,TRAPPIST-1e,50.0,False,138.0,706.0,0.0,18.0,40.0,True,F,S,902.0
Mars,False,TRAPPIST-1e,13.0,False,21.0,0.0,1564.0,0.0,1.0,True,F,S,1586.0
Mars,True,TRAPPIST-1e,43.0,False,0.0,0.0,0.0,0.0,0.0,True,E,S,0.0
Earth,True,PSO J318.5-22,16.0,False,0.0,0.0,0.0,0.0,0.0,True,G,S,0.0
Mars,True,TRAPPIST-1e,31.0,False,0.0,0.0,0.0,0.0,0.0,True,F,P,0.0
Mars,True,TRAPPIST-1e,0.0,False,0.0,0.0,0.0,0.0,0.0,True,F,P,0.0
Mars,True,TRAPPIST-1e,10.0,False,0.0,0.0,0.0,0.0,0.0,True,F,P,0.0
Earth,True,TRAPPIST-1e,10.0,False,0.0,0.0,0.0,0.0,0.0,False,G,P,0.0
Earth,False,TRAPPIST-1e,55.0,False,1028.0,18.0,0.0,0.0,0.0,False,F,P,1046.0
Earth,False,TRAPPIST-1e,18.0,False,211.0,594.0,2.0,493.0,62.0,True,F,S,1362.0
Earth,False,TRAPPIST-1e,7.0,False,0.0,0.0,270.12864211105006,0.0,0.0,True,G,S,270.12864211105006
Earth,True,TRAPPIST-1e,1.0,False,0.0,0.0,0.0,0.0,0.0,True,G,S,0.0
Earth,False,TRAPPIST-1e,44.0,False,22.0,1.0,0.0,864.0,0.0,False,G,P,887.0
Mars,False,TRAPPIST-1e,27.0,False,665.0,631.0,1.0,485.74408365437534,0.0,False,E,P,1782.7440836543753
Earth,False,PSO J318.5-22,20.0,False,30.0,4.0,0.0,321.0,451.0,False,F,S,806.0
Europa,False,55 Cancri e,49.0,False,0.0,7762.0,2.0,0.0,98.0,True,C,S,7862.0
Earth,True,55 Cancri e,22.0,False,0.0,0.0,0.0,0.0,0.0,True,G,S,0.0
Earth,False,55 Cancri e,21.0,False,564.0,9.0,0.0,0.0,30.0,True,F,S,603.0
Mars,False,TRAPPIST-1e,26.0,False,17.0,0.0,746.0,394.0,0.0,False,F,P,1157.0
Mars,False,TRAPPIST-1e,65.0,False,588.0,196.0,272.0,0.0,0.0,True,D,S,1056.0
Mars,True,TRAPPIST-1e,20.0,False,0.0,0.0,0.0,0.0,0.0,True,F,P,0.0
Mars,True,55 Cancri e,0.0,False,0.0,0.0,0.0,0.0,0.0,True,F,P,0.0
Mars,True,TRAPPIST-1e,16.0,False,0.0,0.0,0.0,0.0,0.0,True,F,P,0.0
Earth,True,TRAPPIST-1e,22.0,False,0.0,0.0,0.0,0.0,0.0,True,F,P,0.0
Mars,False,TRAPPIST-1e,0.0,False,0.0,0.0,0.0,0.0,0.0,True,F,P,0.0
Earth,False,TRAPPIST-1e,21.0,False,526.0,0.0,270.12864211105006,258.0,0.0,False,G,P,1054.12864211105
Earth,True,PSO J318.5-22,30.0,False,0.0,0.0,0.0,0.0,0.0,True,G,S,0.0
Earth,False,55 Cancri e,14.0,False,363.0,44.0,0.0,0.0,512.0,True,G,P,919.0
Mars,False,TRAPPIST-1e,45.0,False,944.0,292.0,2.0,485.74408365437534,0.0,False,F,P,1723.7440836543753
Earth,False,TRAPPIST-1e,22.0,False,0.0,0.0,0.0,19.0,785.0,False,F,P,804.0
Mars,True,TRAPPIST-1e,21.0,False,0.0,0.0,0.0,0.0,0.0,True,F,P,0.0
Earth,False,TRAPPIST-1e,37.0,False,542.0,440.0,1.0,0.0,0.0,False,E,P,983.0
Mars,True,TRAPPIST-1e,29.0,False,0.0,0.0,0.0,0.0,0.0,True,F,S,0.0
Mars,False,TRAPPIST-1e,29.0,True,20.0,714.4862536656891,1902.0,0.0,3.0,True,F,S,2639.486253665689
Earth,False,TRAPPIST-1e,21.0,False,0.0,198.0,559.0,19.0,44.0,True,F,S,820.0
Earth,False,TRAPPIST-1e,52.0,False,1.0,13.0,3.0,0.0,700.0,False,F,S,717.0
Earth,True,TRAPPIST-1e,36.0,False,0.0,0.0,0.0,0.0,0.0,True,F,S,0.0
Europa,True,55 Cancri e,59.0,False,0.0,0.0,0.0,0.0,0.0,True,B,S,0.0
Europa,False,TRAPPIST-1e,21.0,False,12.0,1855.0,0.0,1381.0,358.0,False,B,S,3606.0
Europa,False,TRAPPIST-1e,25.0,False,21.0,2148.0,0.0,1966.0,12708.0,False,B,S,16843.0
Mars,False,TRAPPIST-1e,23.0,False,2260.0,0.0,152.0,106.0,60.0,False,D,S,2578.0
Europa,True,55 Cancri e,36.0,False,0.0,0.0,0.0,0.0,0.0,True,E,P,0.0
Earth,False,TRAPPIST-1e,38.0,False,161.0,3.0,0.0,624.0,0.0,False,E,S,788.0
Earth,True,TRAPPIST-1e,0.0,False,0.0,0.0,0.0,0.0,0.0,True,G,S,0.0
Earth,False,TRAPPIST-1e,19.0,False,0.0,0.0,699.0,18.0,86.0,True,F,S,803.0
Earth,False,TRAPPIST-1e,30.0,False,148.0,0.0,0.0,619.0,34.0,True,F,P,801.0
Earth,False,TRAPPIST-1e,23.0,False,14.0,0.0,437.0,103.0,333.0,True,G,S,887.0
Earth,False,TRAPPIST-1e,55.0,False,330.0,114.0,0.0,2.0,0.0,True,G,S,446.0
Earth,False,PSO J318.5-22,44.0,False,0.0,463.0,1.0,172.0,0.0,True,F,S,636.0
Europa,False,TRAPPIST-1e,30.0,False,4531.0,212.0,10.0,157.0,12.0,False,C,P,4922.0
Earth,False,TRAPPIST-1e,39.0,False,12.0,8.0,0.0,4.0,753.0,True,F,S,777.0
Earth,False,55 Cancri e,19.0,False,423.0,714.4862536656891,0.0,0.0,0.0,False,G,P,1137.4862536656892
Earth,False,TRAPPIST-1e,24.0,False,0.0,871.0,17.0,0.0,0.0,False,G,P,888.0
Europa,False,TRAPPIST-1e,37.0,False,1721.0,667.0,270.12864211105006,28.0,1362.0,False,T,S,4048.12864211105
Earth,False,55 Cancri e,24.0,False,0.0,0.0,0.0,734.0,21.0,False,G,P,755.0
Earth,False,TRAPPIST-1e,17.0,False,0.0,0.0,1875.0,142.0,2.0,True,F,S,2019.0
Earth,False,TRAPPIST-1e,17.0,False,0.0,775.0,0.0,13.0,0.0,True,E,P,788.0
Earth,False,55 Cancri e,14.0,False,8.0,0.0,270.12864211105006,0.0,176.0,False,G,P,454.12864211105006
Earth,False,PSO J318.5-22,13.0,False,0.0,611.0,0.0,0.0,0.0,False,F,P,611.0
Europa,False,55 Cancri e,35.0,False,0.0,1135.0,0.0,0.0,3880.0,True,C,S,5015.0
Mars,False,TRAPPIST-1e,32.0,False,654.0,0.0,655.0,0.0,0.0,True,F,S,1309.0
Mars,True,TRAPPIST-1e,18.0,False,0.0,0.0,0.0,0.0,0.0,True,F,S,0.0
Earth,False,TRAPPIST-1e,21.0,False,529.0,8.0,89.0,21.0,0.0,True,F,S,647.0
Mars,False,TRAPPIST-1e,25.0,False,750.0,0.0,109.0,368.0,0.0,False,F,S,1227.0
Mars,False,TRAPPIST-1e,36.0,False,108.0,0.0,941.0,861.0,0.0,False,F,S,1910.0
Earth,False,TRAPPIST-1e,20.0,False,362.0,0.0,31.0,12.0,483.0,False,G,P,888.0
Earth,False,55 Cancri e,22.0,False,126.0,3.0,0.0,1305.0,0.0,False,G,P,1434.0
Mars,True,TRAPPIST-1e,27.0,False,0.0,0.0,0.0,0.0,0.0,True,E,S,0.0
Europa,False,TRAPPIST-1e,27.0,False,9.0,2031.0,0.0,20.0,1837.0,False,B,S,3897.0
Earth,True,TRAPPIST-1e,38.0,False,0.0,0.0,0.0,0.0,0.0,True,G,P,0.0
Mars,True,TRAPPIST-1e,23.0,False,0.0,0.0,0.0,0.0,0.0,False,E,S,0.0
Mars,False,TRAPPIST-1e,21.0,False,74.0,0.0,713.0,0.0,502.0,True,F,S,1289.0
Earth,False,TRAPPIST-1e,18.0,False,350.53903958944284,0.0,1770.0,1284.0,8.0,False,F,S,3412.539039589443
Earth,False,TRAPPIST-1e,20.0,False,0.0,254.0,868.0,405.0,0.0,True,F,P,1527.0
Europa,True,TRAPPIST-1e,28.0,False,0.0,0.0,0.0,0.0,0.0,True,C,S,0.0
Earth,False,PSO J318.5-22,57.0,False,274.0,8.0,0.0,19.0,466.0,False,G,S,767.0
Earth,False,55 Cancri e,10.0,False,0.0,0.0,0.0,0.0,0.0,True,G,S,0.0
Earth,False,TRAPPIST-1e,23.0,False,0.0,0.0,874.0,485.74408365437534,0.0,True,F,S,1359.7440836543753
Europa,True,TRAPPIST-1e,22.0,False,0.0,0.0,0.0,0.0,0.0,True,B,S,0.0
Europa,True,55 Cancri e,24.0,False,0.0,0.0,0.0,0.0,0.0,True,B,S,0.0
Earth,False,TRAPPIST-1e,52.0,False,44.0,714.4862536656891,0.0,42.0,1731.0,False,G,S,2531.486253665689
Earth,True,55 Cancri e,31.0,False,0.0,0.0,0.0,0.0,0.0,True,G,S,0.0
Earth,True,55 Cancri e,15.0,False,0.0,0.0,0.0,0.0,0.0,True,G,P,0.0
Earth,False,TRAPPIST-1e,40.0,False,176.0,932.0,0.0,0.0,476.35311409149364,False,F,P,1584.3531140914936
Earth,False,TRAPPIST-1e,18.0,False,0.0,0.0,31.0,2121.0,0.0,False,F,P,2152.0
Earth,False,TRAPPIST-1e,28.0,False,647.0,1.0,32.0,71.0,140.0,True,F,S,891.0
Earth,True,TRAPPIST-1e,40.0,False,0.0,0.0,0.0,0.0,0.0,True,G,S,0.0
Earth,False,PSO J318.5-22,32.0,False,8.0,690.0,3.0,5.0,0.0,True,G,S,706.0
Earth,False,PSO J318.5-22,35.0,False,0.0,0.0,2.0,672.0,10.0,False,F,P,684.0
Earth,False,TRAPPIST-1e,52.0,False,0.0,837.0,1.0,2.0,8.0,False,G,P,848.0
Earth,False,TRAPPIST-1e,34.0,False,695.0,25.0,276.0,0.0,0.0,False,E,P,996.0
Earth,True,TRAPPIST-1e,46.0,False,0.0,0.0,0.0,0.0,0.0,False,G,P,0.0
Earth,False,55 Cancri e,23.0,False,62.0,0.0,0.0,1.0,2203.0,False,F,P,2266.0
Earth,False,TRAPPIST-1e,44.0,False,2.0,0.0,0.0,788.0,0.0,False,E,S,790.0
Earth,False,55 Cancri e,59.0,False,460.0,139.0,0.0,1.0,0.0,False,F,P,600.0
Europa,False,TRAPPIST-1e,42.0,False,0.0,1330.0,0.0,2711.0,691.0,False,E,P,4732.0
Earth,False,TRAPPIST-1e,18.0,False,0.0,0.0,0.0,702.0,0.0,False,F,P,702.0
Mars,False,TRAPPIST-1e,29.0,False,3284.0,84.0,0.0,0.0,2.0,False,D,P,3370.0
Mars,True,TRAPPIST-1e,15.0,False,0.0,0.0,0.0,0.0,0.0,True,F,P,0.0
Mars,False,TRAPPIST-1e,19.0,False,1301.0,0.0,31.0,1.0,0.0,True,F,P,1333.0
Earth,True,PSO J318.5-22,49.0,False,0.0,0.0,0.0,0.0,0.0,False,G,P,0.0
Mars,True,TRAPPIST-1e,19.0,False,0.0,0.0,0.0,0.0,0.0,True,F,P,0.0
Europa,False,55 Cancri e,36.0,True,1.0,10029.0,1.0,1679.0,27.0,True,B,S,11737.0
Earth,True,55 Cancri e,59.0,False,0.0,0.0,0.0,0.0,0.0,True,G,P,0.0
Earth,True,55 Cancri e,24.0,False,0.0,0.0,0.0,0.0,0.0,True,G,S,0.0
Mars,True,TRAPPIST-1e,4.0,False,0.0,0.0,0.0,0.0,0.0,True,F,S,0.0
Mars,True,TRAPPIST-1e,20.0,False,0.0,0.0,0.0,0.0,0.0,True,F,S,0.0
Mars,False,TRAPPIST-1e,24.0,False,261.0,0.0,780.0,0.0,0.0,True,F,S,1041.0
Mars,False,55 Cancri e,31.0,False,725.0,0.0,747.0,0.0,0.0,False,F,P,1472.0
Mars,False,TRAPPIST-1e,23.0,False,197.0,76.0,5635.0,7.0,0.0,True,F,S,5915.0
Mars,False,TRAPPIST-1e,3.0,False,0.0,0.0,0.0,0.0,0.0,True,F,S,0.0
Mars,True,TRAPPIST-1e,22.0,False,0.0,0.0,0.0,0.0,0.0,True,F,S,0.0
Mars,False,TRAPPIST-1e,20.0,False,0.0,0.0,0.0,0.0,0.0,True,F,S,0.0
Mars,False,TRAPPIST-1e,0.0,False,0.0,0.0,0.0,0.0,0.0,True,F,S,0.0
Mars,True,55 Cancri e,13.0,False,0.0,0.0,0.0,0.0,0.0,True,F,P,0.0
Europa,True,TRAPPIST-1e,47.0,False,0.0,0.0,0.0,0.0,0.0,True,B,P,0.0
Europa,False,TRAPPIST-1e,51.0,False,0.0,3571.0,106.0,0.0,0.0,True,B,P,3677.0
Mars,False,TRAPPIST-1e,22.0,False,223.0,0.0,630.0,14.0,0.0,True,D,P,867.0
Mars,True,55 Cancri e,3.0,False,0.0,0.0,0.0,0.0,0.0,True,F,P,0.0
Mars,False,TRAPPIST-1e,4.0,False,0.0,0.0,0.0,0.0,0.0,True,F,S,0.0
Earth,False,TRAPPIST-1e,16.0,False,2083.0,0.0,10.0,0.0,0.0,False,F,S,2093.0
Mars,False,TRAPPIST-1e,24.0,False,623.0,0.0,501.0,304.0,776.0,False,F,S,2204.0
Mars,True,TRAPPIST-1e,1.0,False,0.0,0.0,0.0,0.0,0.0,True,F,S,0.0
Earth,False,TRAPPIST-1e,31.0,False,210.0,20.0,0.0,1027.0,199.0,False,F,P,1456.0
Earth,False,TRAPPIST-1e,34.0,False,1242.0,444.0,0.0,22.0,0.0,False,G,S,1708.0
Earth,False,55 Cancri e,20.0,False,0.0,0.0,847.0,0.0,0.0,True,G,S,847.0
Earth,False,TRAPPIST-1e,19.0,False,0.0,2077.0,0.0,0.0,0.0,True,F,P,2077.0
Earth,True,TRAPPIST-1e,19.0,False,0.0,0.0,0.0,0.0,0.0,True,G,S,0.0
Mars,False,TRAPPIST-1e,35.0,False,988.0,0.0,830.0,2.0,0.0,False,F,P,1820.0
Earth,True,TRAPPIST-1e,3.0,False,0.0,0.0,0.0,0.0,0.0,True,G,S,0.0
Earth,True,TRAPPIST-1e,36.0,False,0.0,0.0,0.0,0.0,0.0,True,G,S,0.0
Mars,True,TRAPPIST-1e,20.0,False,0.0,0.0,0.0,0.0,0.0,True,F,P,0.0
Europa,False,55 Cancri e,27.0,False,269.0,2171.0,2.0,2.0,0.0,True,A,S,2444.0
Europa,False,55 Cancri e,58.0,False,0.0,3448.0,0.0,737.0,2193.0,False,A,S,6378.0
Europa,False,TRAPPIST-1e,56.0,False,153.0,1750.0,0.0,334.0,1539.0,False,A,S,3776.0
Earth,True,PSO J318.5-22,27.0,False,0.0,0.0,0.0,0.0,0.0,True,G,P,0.0
Earth,True,TRAPPIST-1e,25.0,False,0.0,0.0,0.0,0.0,0.0,False,G,P,0.0
Earth,True,PSO J318.5-22,39.0,False,0.0,0.0,0.0,0.0,0.0,False,G,P,0.0
Mars,False,TRAPPIST-1e,43.0,False,11.0,0.0,1297.0,38.0,0.0,True,F,P,1346.0
Mars,True,TRAPPIST-1e,42.0,False,0.0,0.0,0.0,0.0,0.0,True,F,S,0.0
Earth,False,TRAPPIST-1e,24.0,False,3.0,1018.0,687.0,50.0,476.35311409149364,True,G,S,2234.353114091494
Earth,True,TRAPPIST-1e,19.0,False,0.0,0.0,0.0,0.0,0.0,True,G,S,0.0
Earth,False,TRAPPIST-1e,32.0,False,0.0,235.0,0.0,474.0,0.0,False,G,S,709.0
Mars,False,TRAPPIST-1e,32.0,False,1016.0,0.0,307.0,5.0,476.35311409149364,True,F,S,1804.3531140914936
Earth,True,TRAPPIST-1e,61.0,False,0.0,0.0,0.0,0.0,0.0,True,G,S,0.0
Mars,False,TRAPPIST-1e,64.0,False,2147.0,0.0,191.0,59.0,0.0,False,D,S,2397.0
Earth,False,TRAPPIST-1e,21.0,False,457.0,79.0,1134.0,0.0,0.0,False,E,P,1670.0
Earth,False,PSO J318.5-22,26.0,False,0.0,9.0,0.0,0.0,1376.0,False,F,S,1385.0
Europa,False,55 Cancri e,35.0,False,87.0,1719.0,2750.0,0.0,79.0,True,B,P,4635.0
Earth,False,TRAPPIST-1e,43.0,False,957.0,0.0,1.0,0.0,39.0,False,E,P,997.0
Earth,True,55 Cancri e,3.0,False,0.0,0.0,0.0,0.0,0.0,True,G,P,0.0
Europa,False,TRAPPIST-1e,56.0,False,0.0,10.0,0.0,9319.0,1225.0,False,A,P,10554.0
Europa,True,55 Cancri e,45.0,False,0.0,0.0,0.0,0.0,0.0,True,F,S,0.0
Earth,True,PSO J318.5-22,25.0,False,0.0,0.0,0.0,0.0,0.0,True,G,S,0.0
Earth,False,TRAPPIST-1e,12.0,False,0.0,0.0,0.0,0.0,0.0,True,G,S,0.0
Earth,True,PSO J318.5-22,2.0,False,0.0,0.0,0.0,0.0,0.0,True,G,S,0.0
Earth,False,TRAPPIST-1e,46.0,False,0.0,4.0,834.0,0.0,32.0,True,F,S,870.0
Earth,False,TRAPPIST-1e,32.0,False,2756.0,125.0,9.0,0.0,103.0,False,F,S,2993.0
Earth,False,TRAPPIST-1e,20.0,False,0.0,358.0,287.0,0.0,476.35311409149364,False,F,P,1121.3531140914936
Earth,True,PSO J318.5-22,24.0,False,0.0,0.0,0.0,0.0,0.0,False,G,P,0.0
Earth,False,TRAPPIST-1e,28.0,False,0.0,0.0,0.0,882.0,0.0,False,G,P,882.0
Earth,False,TRAPPIST-1e,12.0,False,0.0,0.0,0.0,0.0,0.0,False,G,P,0.0
Earth,False,TRAPPIST-1e,11.0,False,0.0,0.0,0.0,0.0,0.0,False,G,P,0.0
Earth,False,TRAPPIST-1e,16.0,False,0.0,769.0,0.0,0.0,7.0,True,F,S,776.0
Earth,True,PSO J318.5-22,29.0,False,0.0,0.0,0.0,0.0,0.0,True,G,S,0.0
Earth,False,TRAPPIST-1e,24.0,False,530.0,0.0,0.0,0.0,179.0,False,G,S,709.0
Earth,False,TRAPPIST-1e,22.0,False,61.0,0.0,214.0,445.0,476.35311409149364,True,F,P,1196.3531140914936
Earth,False,TRAPPIST-1e,21.0,False,36.0,162.0,0.0,588.0,0.0,True,G,S,786.0
Earth,False,TRAPPIST-1e,38.0,False,0.0,1.0,0.0,786.0,0.0,False,E,P,787.0
Europa,True,TRAPPIST-1e,35.0,False,0.0,0.0,0.0,0.0,0.0,False,B,P,0.0
Earth,False,TRAPPIST-1e,79.0,False,610.0,714.4862536656891,0.0,200.0,5.0,False,G,P,1529.4862536656892
Earth,False,PSO J318.5-22,22.0,False,479.0,34.0,0.0,29.0,4.0,False,F,P,546.0
Earth,False,55 Cancri e,42.0,False,642.0,282.0,0.0,0.0,0.0,True,G,P,924.0
Mars,True,TRAPPIST-1e,34.0,False,0.0,0.0,0.0,0.0,0.0,True,F,S,0.0
Europa,True,TRAPPIST-1e,52.0,False,0.0,0.0,0.0,0.0,0.0,True,C,P,0.0
Earth,True,TRAPPIST-1e,43.0,False,0.0,0.0,0.0,0.0,0.0,True,G,S,0.0
Earth,False,TRAPPIST-1e,30.0,False,1120.0,0.0,0.0,0.0,794.0,False,F,S,1914.0
Earth,True,TRAPPIST-1e,35.0,False,0.0,0.0,0.0,0.0,0.0,True,G,P,0.0
Earth,True,TRAPPIST-1e,18.0,False,0.0,0.0,0.0,0.0,0.0,False,G,P,0.0
Europa,True,TRAPPIST-1e,27.0,False,0.0,0.0,0.0,0.0,0.0,True,B,P,0.0
Earth,False,TRAPPIST-1e,46.0,False,819.0,31.0,0.0,49.0,2.0,False,F,P,901.0
Europa,True,TRAPPIST-1e,15.0,False,0.0,0.0,0.0,0.0,0.0,True,B,P,0.0
Europa,True,55 Cancri e,44.0,False,0.0,0.0,0.0,0.0,0.0,True,B,P,0.0
Europa,False,TRAPPIST-1e,20.0,False,0.0,219.0,0.0,5.0,3283.0,False,B,P,3507.0
Mars,False,TRAPPIST-1e,35.0,False,1337.0,49.0,57.0,0.0,0.0,False,F,S,1443.0
Mars,True,TRAPPIST-1e,19.0,False,0.0,0.0,0.0,0.0,0.0,True,F,S,0.0
Mars,True,TRAPPIST-1e,47.0,False,0.0,0.0,0.0,0.0,0.0,True,F,P,0.0
Mars,False,TRAPPIST-1e,26.0,True,1033.0,172.0,26.0,0.0,518.0,False,F,P,1749.0
Earth,True,55 Cancri e,24.0,False,0.0,0.0,0.0,0.0,0.0,True,G,P,0.0
Earth,False,TRAPPIST-1e,23.0,False,0.0,0.0,2102.0,0.0,0.0,True,F,S,2102.0
Earth,False,TRAPPIST-1e,26.0,False,1331.0,0.0,973.0,484.0,0.0,False,D,P,2788.0
Mars,True,TRAPPIST-1e,5.0,False,0.0,0.0,0.0,0.0,0.0,True,F,P,0.0
Europa,False,55 Cancri e,35.0,False,54.0,493.0,12.0,6691.0,253.0,False,C,S,7503.0
Mars,False,TRAPPIST-1e,18.0,False,1092.0,31.0,309.0,0.0,0.0,False,F,P,1432.0
Mars,True,TRAPPIST-1e,32.0,False,0.0,0.0,0.0,0.0,0.0,True,F,S,0.0
Earth,True,TRAPPIST-1e,13.0,False,0.0,0.0,0.0,0.0,0.0,True,G,P,0.0
Earth,False,TRAPPIST-1e,15.0,False,0.0,0.0,19.0,352.0,326.0,False,F,S,697.0
Earth,False,PSO J318.5-22,18.0,False,648.0,19.0,0.0,0.0,4.0,True,F,S,671.0
Europa,False,TRAPPIST-1e,41.0,False,4.0,4619.0,0.0,251.0,213.0,True,B,P,5087.0
Earth,False,55 Cancri e,36.0,False,0.0,0.0,0.0,474.0,12.0,False,G,P,486.0
Earth,False,TRAPPIST-1e,33.0,False,1042.0,50.0,0.0,9.0,0.0,False,F,P,1101.0
Earth,False,55 Cancri e,41.0,False,4.0,737.0,0.0,51.0,0.0,False,E,S,792.0
Europa,False,55 Cancri e,47.0,False,1904.0,18.0,0.0,89.0,4411.0,False,A,S,6422.0
Europa,True,TRAPPIST-1e,32.0,False,0.0,0.0,0.0,0.0,0.0,True,E,S,0.0
Earth,False,TRAPPIST-1e,36.0,False,0.0,52.0,8.0,0.0,4160.0,False,G,S,4220.0
Earth,True,TRAPPIST-1e,13.0,False,0.0,0.0,0.0,0.0,0.0,True,G,S,0.0
Earth,True,PSO J318.5-22,34.0,False,0.0,0.0,0.0,0.0,0.0,False,G,P,0.0
Earth,False,TRAPPIST-1e,24.0,False,5.0,1.0,7.0,0.0,895.0,False,G,P,908.0
Mars,False,TRAPPIST-1e,16.0,False,1285.0,714.4862536656891,14.0,1386.0,0.0,False,F,S,3399.486253665689
Mars,True,TRAPPIST-1e,12.0,False,0.0,0.0,0.0,0.0,0.0,True,F,S,0.0
Mars,False,TRAPPIST-1e,24.0,False,1157.0,0.0,0.0,131.0,0.0,True,F,S,1288.0
Mars,False,TRAPPIST-1e,35.0,False,1307.0,0.0,0.0,2.0,0.0,False,F,S,1309.0
Europa,False,TRAPPIST-1e,26.0,False,0.0,21.0,10424.0,1373.0,7218.0,False,C,S,19036.0
Europa,False,55 Cancri e,39.0,False,10.0,199.0,0.0,6216.0,101.0,False,C,S,6526.0
Earth,False,TRAPPIST-1e,18.0,False,8.0,1.0,4.0,419.0,304.0,True,F,P,736.0
Earth,False,TRAPPIST-1e,23.0,False,0.0,381.0,142.0,0.0,261.0,False,G,S,784.0
Earth,True,PSO J318.5-22,29.0,False,0.0,0.0,0.0,0.0,0.0,True,G,S,0.0
Earth,False,TRAPPIST-1e,38.0,False,0.0,0.0,0.0,0.0,0.0,True,F,S,0.0
Earth,False,TRAPPIST-1e,31.0,False,433.0,111.0,238.0,86.0,0.0,False,F,P,868.0
Mars,False,TRAPPIST-1e,49.0,False,1176.0,0.0,20.0,103.0,0.0,False,E,S,1299.0
Mars,True,TRAPPIST-1e,17.0,False,0.0,0.0,0.0,0.0,0.0,True,F,S,0.0
Mars,False,55 Cancri e,23.0,False,228.0,1451.0,912.0,3.0,0.0,True,F,S,2594.0
Earth,True,55 Cancri e,15.0,False,0.0,0.0,0.0,0.0,0.0,True,G,P,0.0
Mars,True,TRAPPIST-1e,11.0,False,0.0,0.0,0.0,0.0,0.0,True,F,S,0.0
Mars,False,PSO J318.5-22,30.0,True,600.0,31.0,1.0,659.0,191.0,False,F,S,1482.0
Mars,True,TRAPPIST-1e,42.0,False,0.0,0.0,0.0,0.0,0.0,True,F,S,0.0
Earth,False,55 Cancri e,21.0,False,639.0,0.0,0.0,0.0,0.0,False,F,P,639.0
Europa,True,55 Cancri e,41.0,False,0.0,0.0,0.0,0.0,0.0,True,C,P,0.0
Europa,True,TRAPPIST-1e,14.0,False,0.0,0.0,0.0,0.0,0.0,True,C,P,0.0
Europa,False,55 Cancri e,27.0,False,0.0,867.0,0.0,20.0,1371.0,False,C,P,2258.0
Europa,False,55 Cancri e,29.0,True,530.0,418.0,0.0,485.74408365437534,9129.0,False,C,P,10562.744083654376
Europa,True,TRAPPIST-1e,25.0,False,0.0,0.0,0.0,0.0,0.0,True,C,S,0.0
Europa,False,TRAPPIST-1e,54.0,False,0.0,8246.0,0.0,56.0,118.0,True,C,S,8420.0
Earth,False,TRAPPIST-1e,46.0,False,971.0,0.0,20.0,0.0,5.0,False,E,S,996.0
Earth,False,TRAPPIST-1e,18.0,False,350.53903958944284,794.0,16.0,0.0,0.0,True,G,S,1160.5390395894428
Europa,False,55 Cancri e,22.0,False,1961.0,82.0,0.0,3025.0,2406.0,False,A,S,7474.0
Europa,True,55 Cancri e,29.0,False,0.0,0.0,0.0,0.0,0.0,True,E,S,0.0
Europa,False,55 Cancri e,26.0,False,606.0,1080.0,0.0,2011.0,0.0,False,E,S,3697.0
Earth,False,55 Cancri e,36.0,False,0.0,1808.0,0.0,344.0,0.0,True,F,S,2152.0
Earth,True,TRAPPIST-1e,19.0,False,0.0,0.0,0.0,0.0,0.0,True,E,P,0.0
Earth,False,PSO J318.5-22,56.0,False,1309.0,0.0,69.0,1.0,0.0,False,F,S,1379.0
Earth,False,TRAPPIST-1e,20.0,False,542.0,175.0,0.0,5.0,0.0,True,F,S,722.0
Earth,False,TRAPPIST-1e,10.0,False,0.0,0.0,0.0,0.0,0.0,False,G,P,0.0
Earth,True,PSO J318.5-22,14.0,False,0.0,0.0,0.0,0.0,0.0,False,G,P,0.0
Mars,True,55 Cancri e,27.0,False,0.0,0.0,0.0,0.0,0.0,True,F,P,0.0
Mars,False,TRAPPIST-1e,35.0,False,4608.0,0.0,926.0,382.0,0.0,False,F,S,5916.0
Earth,False,TRAPPIST-1e,13.0,False,0.0,0.0,60.0,1.0,5147.0,False,G,P,5208.0
Earth,False,TRAPPIST-1e,21.0,False,1.0,0.0,143.0,558.0,1.0,False,F,S,703.0
Earth,True,TRAPPIST-1e,22.0,False,0.0,0.0,0.0,0.0,0.0,False,G,P,0.0
Europa,True,TRAPPIST-1e,29.0,False,0.0,0.0,0.0,0.0,0.0,False,E,P,0.0
Europa,False,TRAPPIST-1e,32.0,False,8151.0,2052.0,1919.0,7352.0,754.0,False,E,P,20228.0
Earth,False,TRAPPIST-1e,20.0,False,0.0,15.0,455.0,95.0,0.0,True,F,S,565.0
Mars,False,TRAPPIST-1e,44.0,False,2575.0,3.0,20.0,0.0,476.35311409149364,False,F,P,3074.353114091494
Earth,False,55 Cancri e,22.0,False,0.0,0.0,0.0,1600.0,168.0,True,F,S,1768.0
Europa,False,TRAPPIST-1e,39.0,False,3926.0,2030.0,0.0,1483.0,611.0,False,B,P,8050.0
Europa,False,TRAPPIST-1e,19.0,False,0.0,3750.0,0.0,0.0,41.0,True,B,P,3791.0
Earth,True,TRAPPIST-1e,0.0,False,0.0,0.0,0.0,0.0,0.0,False,G,P,0.0
Earth,True,TRAPPIST-1e,0.0,False,0.0,0.0,0.0,0.0,0.0,False,G,P,0.0
Earth,False,PSO J318.5-22,12.0,False,0.0,0.0,0.0,0.0,0.0,True,G,P,0.0
Earth,True,TRAPPIST-1e,7.0,False,0.0,0.0,0.0,0.0,0.0,False,G,P,0.0
Earth,False,PSO J318.5-22,32.0,False,793.0,0.0,0.0,0.0,0.0,False,E,P,793.0
Earth,False,TRAPPIST-1e,11.0,False,0.0,0.0,0.0,0.0,0.0,True,G,P,0.0
Earth,False,55 Cancri e,18.0,False,1471.0,59.0,95.0,1109.0,330.0,False,F,S,3064.0
Europa,False,55 Cancri e,49.0,True,9.0,179.0,0.0,3.0,7865.0,False,C,P,8056.0
Mars,True,TRAPPIST-1e,61.0,False,0.0,0.0,0.0,0.0,0.0,True,F,P,0.0
Earth,True,55 Cancri e,7.0,False,0.0,0.0,0.0,0.0,0.0,True,G,P,0.0
Earth,False,TRAPPIST-1e,25.0,False,0.0,181.0,671.0,0.0,0.0,True,G,P,852.0
Earth,False,55 Cancri e,51.0,False,6.0,0.0,706.0,0.0,0.0,True,F,P,712.0
Europa,True,TRAPPIST-1e,56.0,False,0.0,0.0,0.0,0.0,0.0,True,E,P,0.0
Earth,False,TRAPPIST-1e,31.0,False,25.0,712.0,0.0,16.0,0.0,True,G,S,753.0
Earth,True,PSO J318.5-22,16.0,False,0.0,0.0,0.0,0.0,0.0,True,F,S,0.0
Earth,True,TRAPPIST-1e,29.0,False,0.0,0.0,0.0,0.0,0.0,True,G,S,0.0
Earth,True,PSO J318.5-22,17.0,False,0.0,0.0,0.0,0.0,0.0,True,G,P,0.0
Earth,False,PSO J318.5-22,47.0,False,83.0,1.0,0.0,654.0,3.0,True,G,S,741.0
Europa,False,TRAPPIST-1e,25.0,False,0.0,3.0,0.0,763.0,3541.0,False,B,P,4307.0
Europa,False,TRAPPIST-1e,28.0,False,29.0,394.0,0.0,712.0,4360.0,False,B,P,5495.0
Europa,False,TRAPPIST-1e,32.0,False,0.0,419.0,0.0,1984.0,521.0,False,B,P,2924.0
Europa,True,55 Cancri e,56.0,False,0.0,0.0,0.0,0.0,0.0,True,C,S,0.0
Europa,True,55 Cancri e,25.0,False,0.0,0.0,0.0,0.0,0.0,True,C,S,0.0
Europa,True,TRAPPIST-1e,13.0,False,0.0,0.0,0.0,0.0,0.0,True,C,S,0.0
Europa,True,TRAPPIST-1e,41.0,False,0.0,0.0,0.0,0.0,0.0,True,C,S,0.0
Europa,True,55 Cancri e,28.0,False,0.0,0.0,0.0,0.0,0.0,True,C,S,0.0
Mars,True,TRAPPIST-1e,25.0,False,0.0,0.0,0.0,0.0,0.0,True,F,S,0.0
Mars,True,TRAPPIST-1e,11.0,False,0.0,0.0,0.0,0.0,0.0,True,F,S,0.0
Mars,False,TRAPPIST-1e,20.0,False,0.0,0.0,0.0,0.0,0.0,False,E,P,0.0
Earth,False,TRAPPIST-1e,24.0,False,0.0,464.0,321.0,0.0,90.0,True,F,S,875.0
Earth,False,TRAPPIST-1e,41.0,False,256.0,109.0,0.0,340.0,0.0,False,F,P,705.0
Earth,False,55 Cancri e,29.0,False,0.0,0.0,22.0,738.0,0.0,False,F,S,760.0
Europa,True,55 Cancri e,59.0,False,0.0,0.0,0.0,0.0,0.0,True,C,S,0.0
Earth,False,TRAPPIST-1e,31.0,False,0.0,679.0,0.0,0.0,213.0,True,G,S,892.0
Earth,False,TRAPPIST-1e,16.0,False,43.0,0.0,0.0,1893.0,119.0,False,F,S,2055.0
Mars,False,TRAPPIST-1e,65.0,False,56.0,0.0,1081.0,21.0,0.0,False,F,P,1158.0
Mars,False,TRAPPIST-1e,21.0,False,0.0,1.0,2832.0,0.0,0.0,True,F,P,2833.0
Earth,True,TRAPPIST-1e,27.0,False,0.0,0.0,0.0,0.0,0.0,True,G,P,0.0
Earth,True,TRAPPIST-1e,37.0,False,0.0,0.0,0.0,0.0,0.0,True,G,S,0.0
Earth,False,TRAPPIST-1e,42.0,False,5049.0,477.0,0.0,0.0,0.0,False,G,P,5526.0
Earth,False,55 Cancri e,36.0,False,0.0,0.0,846.0,0.0,0.0,True,G,P,846.0
Earth,True,PSO J318.5-22,24.0,False,0.0,0.0,0.0,0.0,0.0,False,G,P,0.0
Earth,True,PSO J318.5-22,27.0,False,0.0,0.0,0.0,0.0,0.0,True,G,P,0.0
Earth,False,55 Cancri e,19.0,False,107.0,0.0,505.0,48.0,0.0,False,F,P,660.0
Earth,False,TRAPPIST-1e,26.0,False,0.0,910.0,13.0,10.0,15.0,False,F,P,948.0
Earth,True,55 Cancri e,19.0,False,0.0,0.0,0.0,0.0,0.0,True,G,P,0.0
Earth,False,TRAPPIST-1e,26.0,False,1528.0,1.0,0.0,0.0,0.0,False,F,P,1529.0
Earth,False,TRAPPIST-1e,35.0,False,0.0,116.0,51.0,0.0,701.0,False,F,P,868.0
Earth,False,55 Cancri e,24.0,False,0.0,0.0,0.0,704.0,0.0,False,F,S,704.0
Earth,False,TRAPPIST-1e,9.0,False,0.0,0.0,0.0,0.0,0.0,True,G,S,0.0
Europa,False,55 Cancri e,40.0,False,0.0,3815.0,0.0,322.0,0.0,True,A,P,4137.0
Earth,True,PSO J318.5-22,23.0,False,0.0,0.0,0.0,0.0,0.0,True,G,S,0.0
Mars,False,TRAPPIST-1e,4.0,False,0.0,0.0,0.0,0.0,0.0,True,F,P,0.0
Mars,False,TRAPPIST-1e,20.0,False,859.0,3.0,0.0,939.0,0.0,False,F,P,1801.0
Mars,True,TRAPPIST-1e,21.0,False,0.0,0.0,0.0,0.0,0.0,True,F,P,0.0
Mars,False,TRAPPIST-1e,4.0,False,0.0,0.0,0.0,0.0,0.0,True,F,P,0.0
Earth,True,TRAPPIST-1e,19.0,False,0.0,0.0,0.0,0.0,0.0,True,G,P,0.0
Earth,True,TRAPPIST-1e,18.0,False,0.0,0.0,0.0,0.0,0.0,True,G,S,0.0
Earth,False,55 Cancri e,26.0,False,7.0,751.0,0.0,38.0,0.0,True,F,S,796.0
Earth,False,TRAPPIST-1e,13.0,False,0.0,63.0,54.0,20.0,916.0,False,F,P,1053.0
Earth,True,TRAPPIST-1e,16.0,False,0.0,0.0,0.0,0.0,0.0,True,G,P,0.0
Mars,True,TRAPPIST-1e,14.0,False,0.0,0.0,0.0,0.0,0.0,True,F,P,0.0
Europa,False,TRAPPIST-1e,40.0,False,0.0,553.0,10.0,2787.0,52.0,False,B,S,3402.0
Mars,False,TRAPPIST-1e,34.0,True,38.0,0.0,606.0,0.0,404.0,False,E,P,1048.0
Europa,True,55 Cancri e,21.0,False,0.0,0.0,0.0,0.0,0.0,True,B,S,0.0
Europa,False,TRAPPIST-1e,29.0,False,0.0,4198.0,227.0,1.0,1415.0,True,B,S,5841.0
Earth,False,TRAPPIST-1e,40.0,False,814.0,12.0,2.0,485.74408365437534,79.0,True,G,S,1392.7440836543753
Earth,False,TRAPPIST-1e,16.0,False,0.0,1.0,0.0,485.74408365437534,61.0,False,F,P,547.7440836543753
Earth,False,TRAPPIST-1e,37.0,False,732.0,714.4862536656891,270.12864211105006,156.0,0.0,False,G,P,1872.6148957767393
Mars,True,55 Cancri e,41.0,False,0.0,0.0,0.0,0.0,0.0,True,D,S,0.0
Mars,True,55 Cancri e,16.0,False,0.0,0.0,0.0,0.0,0.0,True,F,S,0.0
Mars,False,55 Cancri e,39.0,False,98.0,0.0,125.0,0.0,1082.0,False,F,S,1305.0
Earth,True,TRAPPIST-1e,30.0,False,0.0,0.0,0.0,0.0,0.0,True,E,P,0.0
Earth,False,TRAPPIST-1e,40.0,False,151.0,0.0,713.0,0.0,0.0,True,E,P,864.0
Earth,False,TRAPPIST-1e,63.0,False,0.0,281.0,94.0,0.0,270.0,True,F,S,645.0
Mars,False,TRAPPIST-1e,32.0,False,382.0,0.0,477.0,22.0,2.0,True,D,P,883.0
Earth,False,TRAPPIST-1e,47.0,False,1.0,17.0,0.0,1069.0,0.0,False,F,S,1087.0
Earth,False,55 Cancri e,23.0,False,0.0,306.0,392.0,9.0,13.0,False,F,P,720.0
Earth,False,TRAPPIST-1e,23.0,False,0.0,7.0,0.0,190.0,501.0,False,F,S,698.0
Mars,True,TRAPPIST-1e,19.0,False,0.0,0.0,0.0,0.0,0.0,True,F,P,0.0
Europa,True,55 Cancri e,44.0,False,0.0,0.0,0.0,0.0,0.0,True,C,P,0.0
Europa,False,TRAPPIST-1e,29.0,False,6.0,5.0,0.0,6235.0,434.0,False,C,P,6680.0
Earth,False,TRAPPIST-1e,21.0,False,582.0,0.0,0.0,148.0,53.0,False,G,P,783.0
Earth,False,TRAPPIST-1e,23.0,False,576.0,207.0,0.0,0.0,9.0,False,E,P,792.0
Europa,False,TRAPPIST-1e,26.0,True,0.0,0.0,0.0,0.0,0.0,True,B,S,0.0
Europa,True,55 Cancri e,47.0,False,0.0,0.0,0.0,0.0,0.0,True,C,P,0.0
Earth,True,PSO J318.5-22,20.0,False,0.0,0.0,0.0,0.0,0.0,True,G,P,0.0
Europa,True,TRAPPIST-1e,48.0,False,0.0,0.0,0.0,0.0,0.0,True,B,P,0.0
Earth,True,TRAPPIST-1e,4.0,False,0.0,0.0,0.0,0.0,0.0,True,G,P,0.0
Earth,False,TRAPPIST-1e,25.0,False,322.0,0.0,81.0,3.0,298.0,True,G,P,704.0
Earth,False,TRAPPIST-1e,0.0,False,0.0,0.0,0.0,0.0,0.0,True,G,P,0.0
Mars,False,TRAPPIST-1e,29.0,False,523.0,0.0,21.0,4.0,811.0,False,E,S,1359.0
Earth,False,TRAPPIST-1e,21.0,False,41.0,651.0,2.0,29.0,0.0,False,F,P,723.0
Earth,False,TRAPPIST-1e,20.0,False,949.0,0.0,0.0,5.0,0.0,False,E,P,954.0
Earth,False,TRAPPIST-1e,34.0,False,0.0,160.0,0.0,611.0,44.0,False,G,P,815.0
Earth,True,TRAPPIST-1e,9.0,False,0.0,0.0,0.0,0.0,0.0,True,G,P,0.0
Earth,True,TRAPPIST-1e,12.0,False,0.0,0.0,0.0,0.0,0.0,False,G,P,0.0
Earth,False,TRAPPIST-1e,13.0,False,0.0,0.0,0.0,0.0,1513.0,False,F,S,1513.0
Mars,True,TRAPPIST-1e,27.0,False,0.0,0.0,0.0,0.0,0.0,True,F,S,0.0
Europa,False,TRAPPIST-1e,34.0,False,0.0,914.0,0.0,2433.0,647.0,True,C,S,3994.0
Europa,True,TRAPPIST-1e,18.0,False,0.0,0.0,0.0,0.0,0.0,True,B,P,0.0
Europa,True,55 Cancri e,16.0,False,0.0,0.0,0.0,0.0,0.0,True,B,P,0.0
Earth,True,TRAPPIST-1e,43.0,False,0.0,0.0,0.0,0.0,0.0,True,G,P,0.0
Earth,True,TRAPPIST-1e,0.0,False,0.0,0.0,0.0,0.0,0.0,False,G,P,0.0
Earth,False,TRAPPIST-1e,20.0,False,0.0,4.0,761.0,22.0,1.0,True,E,P,788.0
Mars,False,TRAPPIST-1e,45.0,False,878.0,0.0,430.0,0.0,0.0,False,F,P,1308.0
Europa,False,TRAPPIST-1e,35.0,False,0.0,725.0,3415.0,485.74408365437534,1.0,False,D,S,4626.744083654376
Earth,False,TRAPPIST-1e,21.0,False,1961.0,96.0,0.0,54.0,40.0,False,F,P,2151.0
Earth,True,TRAPPIST-1e,14.0,False,0.0,0.0,0.0,0.0,0.0,True,G,P,0.0
Earth,False,PSO J318.5-22,46.0,False,0.0,153.0,270.12864211105006,0.0,397.0,False,F,P,820.1286421110501
Earth,False,TRAPPIST-1e,22.0,False,261.0,0.0,0.0,107.0,1132.0,False,F,S,1500.0
Earth,False,TRAPPIST-1e,2.0,False,0.0,0.0,0.0,0.0,0.0,True,G,S,0.0
Earth,True,TRAPPIST-1e,3.0,False,0.0,0.0,0.0,0.0,0.0,True,G,S,0.0
Earth,True,55 Cancri e,28.0,False,0.0,0.0,0.0,0.0,0.0,True,G,P,0.0
Earth,False,PSO J318.5-22,60.0,False,0.0,0.0,789.0,283.0,3.0,False,F,P,1075.0
Earth,False,PSO J318.5-22,48.0,False,0.0,2.0,72.0,554.0,143.0,False,G,P,771.0
Earth,False,55 Cancri e,18.0,False,51.0,339.0,1.0,0.0,436.0,True,E,S,827.0
Earth,False,TRAPPIST-1e,31.0,False,1364.0,0.0,0.0,0.0,21.0,False,F,S,1385.0
Europa,True,55 Cancri e,26.0,False,0.0,0.0,0.0,0.0,0.0,True,C,P,0.0
Europa,False,55 Cancri e,41.0,False,717.0,641.0,2.0,1559.0,4828.0,False,C,P,7747.0
Earth,False,TRAPPIST-1e,26.0,False,168.0,714.4862536656891,382.0,166.0,0.0,True,F,S,1430.4862536656892
Earth,False,TRAPPIST-1e,29.0,False,0.0,43.0,693.0,0.0,0.0,True,F,P,736.0
Earth,False,TRAPPIST-1e,24.0,False,666.0,938.0,1.0,0.0,476.35311409149364,False,E,S,2081.353114091494
Earth,False,TRAPPIST-1e,25.0,False,10.0,0.0,908.0,5.0,0.0,True,F,P,923.0
Earth,False,55 Cancri e,0.0,False,0.0,0.0,0.0,0.0,0.0,False,G,P,0.0
Earth,True,TRAPPIST-1e,30.0,False,0.0,0.0,0.0,0.0,0.0,False,G,P,0.0
Europa,True,55 Cancri e,18.0,False,0.0,0.0,0.0,0.0,0.0,True,B,P,0.0
Europa,True,55 Cancri e,32.0,False,0.0,0.0,0.0,0.0,0.0,True,B,P,0.0
Earth,False,TRAPPIST-1e,28.0,False,0.0,0.0,0.0,525.0,1889.0,False,F,S,2414.0
Mars,False,TRAPPIST-1e,21.0,False,2206.0,0.0,353.0,0.0,19.0,False,D,P,2578.0
Earth,False,TRAPPIST-1e,25.0,False,0.0,528.0,8.0,153.0,0.0,False,F,P,689.0
Mars,False,55 Cancri e,47.0,False,275.0,0.0,270.12864211105006,24.0,0.0,True,F,S,569.1286421110501
Mars,True,PSO J318.5-22,27.0,False,0.0,0.0,0.0,0.0,0.0,True,F,S,0.0
Mars,True,TRAPPIST-1e,8.0,False,0.0,0.0,0.0,0.0,0.0,True,F,S,0.0
Earth,False,TRAPPIST-1e,24.0,False,0.0,0.0,56.0,564.0,880.0,False,F,S,1500.0
Mars,True,TRAPPIST-1e,30.0,False,0.0,0.0,0.0,0.0,0.0,True,E,S,0.0
Earth,True,PSO J318.5-22,24.0,False,0.0,0.0,0.0,0.0,0.0,True,G,S,0.0
Earth,True,TRAPPIST-1e,13.0,False,0.0,0.0,0.0,0.0,0.0,True,G,S,0.0
Earth,False,TRAPPIST-1e,16.0,False,0.0,0.0,19.0,971.0,0.0,False,E,S,990.0
Mars,False,TRAPPIST-1e,23.0,False,263.0,0.0,1548.0,44.0,0.0,True,F,S,1855.0
Mars,False,TRAPPIST-1e,16.0,False,271.0,0.0,2251.0,117.0,0.0,True,F,P,2639.0
Earth,False,TRAPPIST-1e,29.0,False,30.0,0.0,605.0,267.0,6.0,False,G,P,908.0
Earth,False,TRAPPIST-1e,46.0,False,1.0,0.0,898.0,0.0,96.0,True,E,P,995.0
Earth,True,PSO J318.5-22,13.0,False,0.0,0.0,0.0,0.0,0.0,False,G,P,0.0
Earth,True,TRAPPIST-1e,22.0,False,0.0,0.0,0.0,0.0,0.0,True,G,S,0.0
Earth,True,TRAPPIST-1e,29.0,False,0.0,0.0,0.0,0.0,0.0,True,G,S,0.0
Earth,True,TRAPPIST-1e,46.0,False,0.0,0.0,0.0,0.0,0.0,True,G,S,0.0
Earth,False,TRAPPIST-1e,24.0,False,1231.0,0.0,0.0,1.0,3.0,True,F,S,1235.0
Earth,True,TRAPPIST-1e,33.0,False,0.0,0.0,0.0,0.0,0.0,True,G,S,0.0
Mars,False,TRAPPIST-1e,38.0,False,218.0,0.0,586.0,770.0,0.0,False,F,S,1574.0
Earth,True,TRAPPIST-1e,57.0,False,0.0,0.0,0.0,0.0,0.0,True,G,P,0.0
Earth,False,TRAPPIST-1e,27.0,False,0.0,13.0,643.0,47.0,0.0,True,F,P,703.0
Earth,False,TRAPPIST-1e,38.0,False,6.0,2324.0,0.0,0.0,0.0,True,G,P,2330.0
Earth,False,TRAPPIST-1e,28.0,False,607.0,0.0,0.0,227.0,0.0,True,G,S,834.0
Mars,False,TRAPPIST-1e,25.0,False,922.0,0.0,1.0,91.0,0.0,False,E,P,1014.0
Mars,True,TRAPPIST-1e,22.0,False,0.0,0.0,0.0,0.0,0.0,True,F,S,0.0
Mars,False,TRAPPIST-1e,33.0,False,705.0,0.0,1905.0,13.0,0.0,True,F,P,2623.0
Earth,False,TRAPPIST-1e,35.0,False,202.0,1309.0,60.0,0.0,0.0,True,F,S,1571.0
Earth,False,TRAPPIST-1e,24.0,False,290.0,64.0,413.0,35.0,0.0,True,F,S,802.0
Europa,True,TRAPPIST-1e,31.0,False,0.0,0.0,0.0,0.0,0.0,True,B,S,0.0
Europa,True,TRAPPIST-1e,16.0,False,0.0,0.0,0.0,0.0,0.0,True,B,S,0.0
Europa,True,TRAPPIST-1e,28.0,False,0.0,0.0,0.0,0.0,0.0,True,F,S,0.0
Europa,False,55 Cancri e,8.0,False,0.0,0.0,0.0,0.0,0.0,True,B,S,0.0
Mars,True,TRAPPIST-1e,20.0,False,0.0,0.0,0.0,0.0,0.0,True,F,S,0.0
Mars,False,TRAPPIST-1e,26.0,False,41.0,0.0,444.0,572.0,0.0,False,D,S,1057.0
Europa,False,55 Cancri e,43.0,False,0.0,1001.0,0.0,2393.0,0.0,False,B,P,3394.0
Europa,False,TRAPPIST-1e,70.0,False,241.0,1065.0,0.0,2290.0,2.0,True,C,S,3598.0
Earth,True,55 Cancri e,17.0,False,0.0,0.0,0.0,0.0,0.0,True,G,P,0.0
Earth,True,TRAPPIST-1e,14.0,False,0.0,0.0,0.0,0.0,0.0,True,G,P,0.0
Earth,True,TRAPPIST-1e,21.0,False,0.0,0.0,0.0,0.0,0.0,True,G,S,0.0
Earth,False,55 Cancri e,37.0,False,0.0,0.0,163.0,0.0,486.0,True,F,S,649.0
Earth,False,TRAPPIST-1e,15.0,False,0.0,400.0,0.0,0.0,702.0,False,F,P,1102.0
Europa,False,55 Cancri e,20.0,False,0.0,290.0,0.0,1866.0,217.0,False,A,S,2373.0
Europa,False,55 Cancri e,36.0,True,13.0,196.0,3.0,0.0,12323.0,False,C,S,12535.0
Earth,False,TRAPPIST-1e,14.0,False,0.0,56.0,270.12864211105006,0.0,2.0,True,F,S,328.12864211105006
Earth,False,TRAPPIST-1e,21.0,False,38.0,1.0,591.0,1.0,31.0,True,E,S,662.0
Earth,False,TRAPPIST-1e,28.0,False,89.0,3.0,571.0,258.0,0.0,False,F,P,921.0
Mars,True,TRAPPIST-1e,20.0,False,0.0,0.0,0.0,0.0,0.0,True,F,P,0.0
Earth,False,TRAPPIST-1e,26.0,False,0.0,0.0,827.0,1.0,0.0,False,F,P,828.0
Earth,False,TRAPPIST-1e,25.0,False,662.0,34.0,0.0,79.0,148.0,False,F,P,923.0
Earth,False,TRAPPIST-1e,29.0,False,0.0,10.0,0.0,594.0,120.0,False,F,S,724.0
Europa,False,55 Cancri e,39.0,True,0.0,2868.0,0.0,5.0,1968.0,True,B,P,4841.0
Earth,False,TRAPPIST-1e,18.0,False,0.0,0.0,0.0,87.0,1232.0,True,F,P,1319.0
Europa,True,55 Cancri e,37.0,False,0.0,0.0,0.0,0.0,0.0,True,B,S,0.0
Earth,False,TRAPPIST-1e,28.0,False,467.0,714.4862536656891,0.0,0.0,307.0,False,G,P,1488.4862536656892
Earth,False,TRAPPIST-1e,18.0,False,0.0,0.0,2728.0,0.0,476.35311409149364,True,F,S,3204.353114091494
Earth,False,TRAPPIST-1e,30.0,False,0.0,6.0,621.0,485.74408365437534,433.0,False,F,P,1545.7440836543753
Earth,False,TRAPPIST-1e,35.0,False,35.0,0.0,14.0,0.0,816.0,True,E,S,865.0
Earth,False,TRAPPIST-1e,26.0,False,0.0,196.0,0.0,0.0,487.0,True,F,S,683.0
Earth,True,55 Cancri e,0.0,False,0.0,0.0,0.0,0.0,0.0,True,G,S,0.0
Earth,False,PSO J318.5-22,42.0,False,0.0,714.4862536656891,0.0,214.0,50.0,True,G,S,978.4862536656891
Earth,False,TRAPPIST-1e,36.0,False,1.0,716.0,3.0,0.0,57.0,True,F,P,777.0
Earth,False,TRAPPIST-1e,31.0,False,1177.0,2.0,0.0,485.74408365437534,1.0,False,F,P,1665.7440836543753
Earth,False,55 Cancri e,27.0,False,3905.0,7.0,0.0,4.0,53.0,False,G,P,3969.0
Europa,False,TRAPPIST-1e,25.0,False,0.0,4313.0,0.0,175.0,60.0,True,C,S,4548.0
Earth,True,TRAPPIST-1e,32.0,False,0.0,0.0,0.0,0.0,0.0,True,G,P,0.0
Earth,True,TRAPPIST-1e,14.0,False,0.0,0.0,0.0,0.0,0.0,True,G,S,0.0
Earth,True,TRAPPIST-1e,16.0,False,0.0,0.0,0.0,0.0,0.0,True,G,S,0.0
Earth,True,55 Cancri e,51.0,False,0.0,0.0,0.0,0.0,0.0,True,G,S,0.0
Europa,True,TRAPPIST-1e,21.0,False,0.0,0.0,0.0,0.0,0.0,True,B,P,0.0
Europa,True,55 Cancri e,31.0,False,0.0,0.0,0.0,0.0,0.0,True,B,P,0.0
Earth,False,TRAPPIST-1e,9.0,False,0.0,0.0,0.0,0.0,0.0,False,F,S,0.0
Earth,False,TRAPPIST-1e,7.0,False,0.0,0.0,0.0,0.0,0.0,True,G,P,0.0
Earth,False,TRAPPIST-1e,3.0,False,0.0,0.0,0.0,0.0,0.0,True,G,P,0.0
Earth,True,TRAPPIST-1e,2.0,False,0.0,0.0,0.0,0.0,0.0,True,G,P,0.0
Earth,False,55 Cancri e,7.0,False,0.0,0.0,0.0,0.0,0.0,False,G,P,0.0
Mars,False,TRAPPIST-1e,18.0,False,1744.0,0.0,8.0,8.0,0.0,False,F,S,1760.0
Mars,True,TRAPPIST-1e,33.0,False,0.0,0.0,0.0,0.0,0.0,True,F,S,0.0
Earth,False,TRAPPIST-1e,23.0,False,0.0,2891.0,0.0,6.0,0.0,True,F,P,2897.0
Europa,True,TRAPPIST-1e,13.0,False,0.0,0.0,0.0,0.0,0.0,True,B,S,0.0
Mars,False,TRAPPIST-1e,32.0,False,4702.0,0.0,449.0,190.0,0.0,False,F,S,5341.0
Europa,True,TRAPPIST-1e,27.0,False,0.0,0.0,0.0,0.0,0.0,True,B,P,0.0
Earth,False,TRAPPIST-1e,23.0,False,0.0,491.0,0.0,61.0,0.0,True,F,P,552.0
Europa,False,TRAPPIST-1e,25.0,False,0.0,3625.0,0.0,0.0,168.0,True,C,S,3793.0
Earth,False,TRAPPIST-1e,18.0,False,454.0,0.0,0.0,324.0,0.0,False,F,P,778.0
Mars,True,55 Cancri e,23.0,False,0.0,0.0,0.0,0.0,0.0,True,F,P,0.0
Europa,True,55 Cancri e,31.0,False,0.0,0.0,0.0,0.0,0.0,True,E,P,0.0
Europa,False,TRAPPIST-1e,32.0,False,0.0,1301.0,0.0,94.0,356.0,False,E,P,1751.0
Mars,True,TRAPPIST-1e,22.0,False,0.0,0.0,0.0,0.0,0.0,True,F,P,0.0
Mars,True,TRAPPIST-1e,38.0,False,0.0,0.0,0.0,0.0,0.0,True,F,P,0.0
Earth,False,PSO J318.5-22,21.0,False,751.0,5.0,0.0,1.0,0.0,True,F,S,757.0
Mars,True,TRAPPIST-1e,28.0,False,0.0,0.0,0.0,0.0,0.0,True,F,P,0.0
Europa,False,TRAPPIST-1e,38.0,False,0.0,0.0,0.0,0.0,0.0,False,B,P,0.0
Earth,False,TRAPPIST-1e,20.0,False,0.0,0.0,708.0,101.0,0.0,True,F,P,809.0
Earth,False,TRAPPIST-1e,23.0,False,0.0,1.0,292.0,0.0,340.0,False,F,P,633.0
Earth,False,TRAPPIST-1e,48.0,False,456.0,0.0,39.0,0.0,5.0,True,G,P,500.0
Earth,True,55 Cancri e,15.0,False,0.0,0.0,0.0,0.0,0.0,True,G,S,0.0
Earth,False,TRAPPIST-1e,30.0,False,0.0,674.0,39.0,0.0,10.0,True,G,S,723.0
Mars,False,TRAPPIST-1e,40.0,False,286.0,0.0,2299.0,12.0,476.35311409149364,True,F,S,3073.353114091494
Earth,False,TRAPPIST-1e,36.0,False,0.0,0.0,33.0,677.0,0.0,False,G,S,710.0
Earth,True,TRAPPIST-1e,20.0,False,0.0,0.0,0.0,0.0,0.0,True,G,S,0.0
Mars,False,TRAPPIST-1e,17.0,False,13.0,0.0,565.0,367.0,1.0,False,E,P,946.0
Europa,False,55 Cancri e,38.0,False,0.0,439.0,0.0,434.0,10074.0,False,C,P,10947.0
Europa,True,55 Cancri e,38.0,False,0.0,0.0,0.0,0.0,0.0,True,C,P,0.0
Mars,False,TRAPPIST-1e,14.0,False,809.0,0.0,59.0,0.0,0.0,False,D,P,868.0
Mars,False,TRAPPIST-1e,27.0,False,134.0,0.0,6.0,1450.0,0.0,False,E,P,1590.0
Earth,False,TRAPPIST-1e,21.0,False,37.0,0.0,31.0,696.0,63.0,True,E,P,827.0
Europa,False,TRAPPIST-1e,18.0,False,0.0,3770.0,0.0,287.0,3491.0,False,C,P,7548.0
Mars,False,TRAPPIST-1e,26.0,False,164.0,0.0,853.0,0.0,39.0,True,D,P,1056.0
Europa,False,TRAPPIST-1e,35.0,False,25.0,866.0,0.0,3198.0,459.0,False,C,P,4548.0
Mars,False,55 Cancri e,46.0,False,1082.0,80.0,1177.0,0.0,323.0,False,F,S,2662.0
Europa,True,55 Cancri e,13.0,False,0.0,0.0,0.0,0.0,0.0,True,B,S,0.0
Europa,False,TRAPPIST-1e,39.0,False,43.0,9365.0,144.0,0.0,118.0,True,B,S,9670.0
Mars,False,PSO J318.5-22,49.0,False,1690.0,0.0,85.0,0.0,0.0,False,D,S,1775.0
Mars,False,TRAPPIST-1e,28.0,False,0.0,0.0,0.0,0.0,0.0,False,E,S,0.0
Earth,False,TRAPPIST-1e,27.0,False,0.0,686.0,0.0,101.0,9.0,True,F,P,796.0
Earth,True,TRAPPIST-1e,21.0,False,0.0,0.0,0.0,0.0,0.0,True,G,P,0.0
Earth,False,TRAPPIST-1e,29.0,False,0.0,32.0,0.0,4517.0,0.0,False,E,S,4549.0
Earth,False,TRAPPIST-1e,27.0,False,0.0,45.0,225.0,14.0,519.0,False,F,P,803.0
Mars,True,TRAPPIST-1e,38.0,False,0.0,0.0,0.0,0.0,0.0,True,F,P,0.0
Earth,False,PSO J318.5-22,18.0,False,0.0,714.4862536656891,0.0,150.0,0.0,True,F,P,864.4862536656891
Europa,True,55 Cancri e,35.0,False,0.0,0.0,0.0,0.0,0.0,True,E,P,0.0
Mars,True,TRAPPIST-1e,37.0,False,0.0,0.0,0.0,0.0,0.0,True,F,P,0.0
Earth,False,TRAPPIST-1e,60.0,False,943.0,53.0,0.0,0.0,0.0,False,E,P,996.0
Europa,True,TRAPPIST-1e,31.0,False,0.0,0.0,0.0,0.0,0.0,True,E,P,0.0
Europa,True,TRAPPIST-1e,4.0,False,0.0,0.0,0.0,0.0,0.0,True,C,S,0.0
Earth,False,TRAPPIST-1e,34.0,False,0.0,3195.0,0.0,102.0,1469.0,True,C,S,4766.0
Europa,False,55 Cancri e,46.0,False,0.0,8221.0,0.0,1010.0,160.0,True,C,S,9391.0
Earth,False,TRAPPIST-1e,18.0,False,0.0,0.0,55.0,2288.0,1.0,False,G,S,2344.0
Mars,False,TRAPPIST-1e,38.0,False,350.53903958944284,0.0,363.0,7.0,3.0,False,E,S,723.5390395894428
Earth,False,TRAPPIST-1e,29.0,False,0.0,61.0,942.0,2.0,0.0,True,F,S,1005.0
Europa,True,TRAPPIST-1e,13.0,False,0.0,0.0,0.0,0.0,0.0,True,C,S,0.0
Europa,True,TRAPPIST-1e,26.0,False,0.0,0.0,0.0,0.0,0.0,True,C,S,0.0
Europa,False,TRAPPIST-1e,30.0,False,0.0,95.0,0.0,1202.0,5558.0,False,C,P,6855.0
Earth,False,TRAPPIST-1e,42.0,False,0.0,0.0,8.0,3409.0,0.0,False,F,S,3417.0
Mars,False,TRAPPIST-1e,36.0,False,386.0,0.0,756.0,6.0,0.0,False,F,P,1148.0
Earth,False,55 Cancri e,23.0,False,253.0,0.0,1175.0,3.0,476.35311409149364,False,F,P,1907.3531140914936
Europa,False,TRAPPIST-1e,34.0,True,0.0,5210.0,0.0,1332.0,2.0,True,A,S,6544.0
Europa,False,TRAPPIST-1e,26.0,False,0.0,4894.0,0.0,62.0,85.0,True,A,S,5041.0
Mars,False,TRAPPIST-1e,31.0,False,2048.0,0.0,1040.0,136.0,0.0,False,D,P,3224.0
Mars,False,TRAPPIST-1e,48.0,False,581.0,6.0,1.0,158.0,0.0,False,D,P,746.0
Earth,True,TRAPPIST-1e,10.0,False,0.0,0.0,0.0,0.0,0.0,True,G,S,0.0
Mars,False,TRAPPIST-1e,27.0,False,2.0,0.0,1320.0,0.0,26.0,True,F,P,1348.0
Mars,False,TRAPPIST-1e,32.0,False,2497.0,0.0,101.0,0.0,0.0,False,F,P,2598.0
Earth,True,TRAPPIST-1e,24.0,False,0.0,0.0,0.0,0.0,0.0,True,G,S,0.0
Earth,True,PSO J318.5-22,20.0,False,0.0,0.0,0.0,0.0,0.0,True,G,S,0.0
Earth,False,TRAPPIST-1e,48.0,False,83.0,110.0,0.0,690.0,8.0,True,F,S,891.0
Mars,False,TRAPPIST-1e,35.0,True,628.0,6.0,528.0,136.0,0.0,False,E,S,1298.0
Mars,False,TRAPPIST-1e,14.0,False,246.0,0.0,2153.0,0.0,0.0,True,D,P,2399.0
Mars,False,TRAPPIST-1e,28.0,False,4.0,0.0,2574.0,0.0,0.0,True,D,P,2578.0
Mars,False,TRAPPIST-1e,27.0,False,743.0,378.0,8.0,0.0,0.0,False,F,P,1129.0
Mars,True,TRAPPIST-1e,42.0,False,0.0,0.0,0.0,0.0,0.0,True,D,S,0.0
Mars,True,TRAPPIST-1e,8.0,False,0.0,0.0,0.0,0.0,0.0,True,D,S,0.0
Mars,True,55 Cancri e,30.0,False,0.0,0.0,0.0,0.0,0.0,True,D,S,0.0
Earth,False,TRAPPIST-1e,44.0,False,0.0,0.0,5.0,30.0,777.0,False,G,P,812.0
Mars,False,TRAPPIST-1e,40.0,False,1269.0,0.0,75.0,0.0,4.0,False,F,S,1348.0
Earth,False,TRAPPIST-1e,38.0,False,766.0,38.0,0.0,0.0,0.0,False,F,P,804.0
Earth,False,PSO J318.5-22,22.0,False,2.0,46.0,0.0,483.0,67.0,False,F,S,598.0
Mars,False,TRAPPIST-1e,32.0,False,1781.0,0.0,654.0,580.0,0.0,False,D,P,3015.0
Mars,False,TRAPPIST-1e,16.0,False,2116.0,0.0,350.0,0.0,901.0,False,D,P,3367.0
Mars,False,TRAPPIST-1e,33.0,False,748.0,130.0,1047.0,458.0,0.0,False,D,S,2383.0
Europa,False,TRAPPIST-1e,38.0,False,20.0,3960.0,153.0,280.0,1674.0,False,B,S,6087.0
Earth,False,TRAPPIST-1e,23.0,False,0.0,806.0,0.0,2.0,0.0,True,G,P,808.0
Earth,False,TRAPPIST-1e,16.0,False,3.0,595.0,0.0,9.0,321.0,True,G,P,928.0
Earth,False,PSO J318.5-22,16.0,False,481.0,0.0,166.0,0.0,122.0,False,G,P,769.0
Earth,False,TRAPPIST-1e,11.0,False,0.0,0.0,0.0,0.0,0.0,False,G,P,0.0
Earth,False,TRAPPIST-1e,22.0,False,0.0,824.0,0.0,0.0,411.0,False,F,P,1235.0
Earth,False,TRAPPIST-1e,43.0,False,0.0,0.0,0.0,0.0,1544.0,False,F,P,1544.0
Earth,True,PSO J318.5-22,20.0,False,0.0,0.0,0.0,0.0,0.0,True,G,P,0.0
Earth,False,TRAPPIST-1e,22.0,False,0.0,747.0,8.0,0.0,314.0,False,F,P,1069.0
Mars,False,TRAPPIST-1e,0.0,False,0.0,714.4862536656891,0.0,0.0,0.0,True,F,P,714.4862536656891
Mars,False,TRAPPIST-1e,30.0,False,138.0,0.0,208.0,952.0,0.0,False,E,P,1298.0
Mars,True,TRAPPIST-1e,18.0,False,0.0,0.0,0.0,0.0,0.0,True,F,P,0.0
Mars,False,55 Cancri e,0.0,False,0.0,0.0,270.12864211105006,0.0,0.0,True,F,P,270.12864211105006
Mars,False,TRAPPIST-1e,41.0,False,164.0,0.0,1115.0,1.0,18.0,False,E,S,1298.0
Earth,False,TRAPPIST-1e,39.0,False,0.0,829.0,0.0,1.0,0.0,True,F,S,830.0
Earth,False,TRAPPIST-1e,37.0,False,389.0,0.0,1.0,3369.0,3.0,False,G,S,3762.0
Europa,True,55 Cancri e,26.0,False,0.0,0.0,0.0,0.0,0.0,True,D,S,0.0
Mars,False,TRAPPIST-1e,49.0,False,552.0,0.0,7.0,0.0,183.0,False,F,P,742.0
Mars,False,TRAPPIST-1e,28.0,False,142.0,0.0,1878.0,62.0,0.0,True,E,P,2082.0
Mars,False,PSO J318.5-22,13.0,False,358.0,65.0,599.0,676.0,0.0,False,F,P,1698.0
Earth,False,TRAPPIST-1e,64.0,False,469.0,700.0,2.0,1.0,0.0,False,E,P,1172.0
Earth,False,PSO J318.5-22,24.0,False,1.0,0.0,11.0,0.0,734.0,False,F,S,746.0
Earth,True,TRAPPIST-1e,18.0,False,0.0,0.0,0.0,0.0,0.0,True,F,P,0.0
Mars,False,TRAPPIST-1e,18.0,False,3458.0,0.0,216.0,0.0,0.0,False,F,P,3674.0
Mars,False,TRAPPIST-1e,25.0,False,948.0,0.0,1.0,170.0,0.0,False,F,P,1119.0
Earth,True,TRAPPIST-1e,19.0,False,0.0,0.0,0.0,0.0,0.0,False,G,P,0.0
Earth,False,55 Cancri e,33.0,False,2.0,0.0,0.0,485.74408365437534,720.0,True,E,S,1207.7440836543753
Earth,True,TRAPPIST-1e,27.0,False,0.0,0.0,0.0,0.0,0.0,True,G,P,0.0
Mars,False,TRAPPIST-1e,50.0,False,846.0,0.0,280.0,280.0,0.0,False,F,P,1406.0
Earth,False,TRAPPIST-1e,30.0,False,0.0,0.0,0.0,2.0,827.0,False,F,S,829.0
Mars,False,TRAPPIST-1e,44.0,False,1267.0,18.0,0.0,3.0,0.0,True,F,P,1288.0
Earth,True,PSO J318.5-22,52.0,False,0.0,0.0,0.0,0.0,0.0,False,G,P,0.0
Earth,True,TRAPPIST-1e,7.0,False,0.0,0.0,0.0,0.0,0.0,True,G,S,0.0
Earth,False,55 Cancri e,30.0,False,0.0,59.0,18.0,639.0,0.0,False,F,S,716.0
Earth,False,TRAPPIST-1e,27.0,False,1109.0,0.0,0.0,0.0,0.0,False,F,S,1109.0
Europa,True,55 Cancri e,24.0,False,0.0,0.0,0.0,0.0,0.0,True,B,S,0.0
Earth,False,55 Cancri e,13.0,False,4.0,99.0,1.0,0.0,595.0,False,F,P,699.0
Earth,False,TRAPPIST-1e,61.0,False,0.0,53.0,813.0,3.0,0.0,False,F,P,869.0
Earth,True,TRAPPIST-1e,32.0,False,0.0,0.0,0.0,0.0,0.0,True,G,P,0.0
Mars,True,55 Cancri e,17.0,False,0.0,0.0,0.0,0.0,0.0,True,F,P,0.0
Mars,True,TRAPPIST-1e,36.0,False,0.0,0.0,0.0,0.0,0.0,True,F,P,0.0
Earth,True,PSO J318.5-22,16.0,False,0.0,0.0,0.0,0.0,0.0,True,G,P,0.0
Earth,False,PSO J318.5-22,21.0,False,0.0,697.0,0.0,0.0,0.0,True,F,P,697.0
Europa,True,TRAPPIST-1e,24.0,False,0.0,0.0,0.0,0.0,0.0,True,C,S,0.0
Earth,False,55 Cancri e,28.0,False,0.0,9.0,0.0,1114.0,5.0,False,F,S,1128.0
Mars,False,TRAPPIST-1e,27.0,False,848.0,1497.0,2.0,0.0,0.0,False,E,P,2347.0
Mars,False,55 Cancri e,13.0,False,9920.0,0.0,180.0,130.0,571.0,False,E,P,10801.0
Earth,False,TRAPPIST-1e,39.0,False,0.0,1.0,0.0,739.0,0.0,False,F,P,740.0
Earth,False,TRAPPIST-1e,24.0,False,0.0,0.0,980.0,7.0,0.0,False,E,S,987.0
Europa,False,TRAPPIST-1e,38.0,False,0.0,347.0,0.0,1545.0,2187.0,False,C,S,4079.0
Mars,False,TRAPPIST-1e,20.0,False,489.0,126.0,663.0,214.0,0.0,False,F,P,1492.0
Earth,False,TRAPPIST-1e,21.0,False,724.0,0.0,0.0,0.0,0.0,True,F,S,724.0
Mars,False,TRAPPIST-1e,27.0,False,1.0,1.0,2196.0,372.0,0.0,False,F,P,2570.0
Earth,False,TRAPPIST-1e,49.0,False,226.0,11.0,2.0,1580.0,0.0,False,F,P,1819.0
Mars,True,TRAPPIST-1e,6.0,False,0.0,0.0,0.0,0.0,0.0,True,F,P,0.0
Europa,True,55 Cancri e,41.0,False,0.0,0.0,0.0,0.0,0.0,True,B,P,0.0
Europa,False,55 Cancri e,33.0,True,0.0,1473.0,1089.0,5700.0,1466.0,False,B,P,9728.0
Europa,False,TRAPPIST-1e,6.0,False,0.0,0.0,0.0,0.0,0.0,True,B,P,0.0
Europa,False,55 Cancri e,35.0,False,0.0,4618.0,0.0,324.0,12061.0,False,B,P,17003.0
Europa,False,TRAPPIST-1e,46.0,False,0.0,4524.0,270.12864211105006,243.0,7730.0,False,B,P,12767.128642111049
Earth,False,TRAPPIST-1e,31.0,False,2703.0,21.0,0.0,0.0,1.0,False,F,S,2725.0
Europa,True,TRAPPIST-1e,32.0,False,0.0,0.0,0.0,0.0,0.0,True,B,S,0.0
Europa,True,55 Cancri e,31.0,False,0.0,0.0,0.0,0.0,0.0,True,A,P,0.0
Earth,True,TRAPPIST-1e,20.0,False,0.0,0.0,0.0,0.0,0.0,False,G,P,0.0
Earth,False,TRAPPIST-1e,57.0,False,685.0,714.4862536656891,0.0,0.0,476.35311409149364,False,G,S,1875.8393677571828
Earth,False,PSO J318.5-22,37.0,False,0.0,0.0,559.0,11.0,0.0,True,F,S,570.0
Earth,True,TRAPPIST-1e,21.0,False,0.0,0.0,0.0,0.0,0.0,True,F,S,0.0
Earth,False,TRAPPIST-1e,43.0,False,0.0,0.0,1.0,485.74408365437534,0.0,False,F,P,486.74408365437534
Earth,False,TRAPPIST-1e,49.0,False,1020.0,0.0,2.0,2.0,0.0,True,G,S,1024.0
Earth,False,TRAPPIST-1e,17.0,False,0.0,150.0,166.0,570.0,0.0,True,G,S,886.0
Mars,False,TRAPPIST-1e,29.0,False,518.0,0.0,10.0,1245.0,0.0,False,F,S,1773.0
Earth,True,55 Cancri e,36.0,False,0.0,0.0,0.0,0.0,0.0,True,G,S,0.0
Europa,False,TRAPPIST-1e,37.0,False,31.0,9307.0,0.0,904.0,11213.0,False,F,S,21455.0
Earth,False,PSO J318.5-22,17.0,False,2.0,0.0,0.0,0.0,681.0,False,F,P,683.0
Mars,True,55 Cancri e,45.0,False,0.0,0.0,0.0,0.0,0.0,True,F,S,0.0
Earth,False,TRAPPIST-1e,20.0,False,0.0,9.0,82.0,14.0,704.0,False,G,P,809.0
Mars,True,TRAPPIST-1e,24.0,False,0.0,0.0,0.0,0.0,0.0,True,F,P,0.0
Europa,True,TRAPPIST-1e,28.0,False,0.0,0.0,0.0,0.0,0.0,True,B,P,0.0
Europa,False,TRAPPIST-1e,15.0,False,0.0,22.0,6805.0,0.0,531.0,True,B,P,7358.0
Europa,False,TRAPPIST-1e,53.0,False,0.0,6634.0,0.0,5047.0,108.0,False,B,P,11789.0
Europa,True,TRAPPIST-1e,51.0,False,0.0,0.0,0.0,0.0,0.0,True,B,P,0.0
Earth,True,TRAPPIST-1e,14.0,False,0.0,0.0,0.0,0.0,0.0,True,G,P,0.0
Earth,True,TRAPPIST-1e,1.0,False,0.0,0.0,0.0,0.0,0.0,False,G,P,0.0
Mars,False,TRAPPIST-1e,26.0,False,665.0,76.0,270.12864211105006,1478.0,0.0,False,F,P,2489.12864211105
Earth,False,TRAPPIST-1e,20.0,False,0.0,0.0,499.0,285.0,103.0,False,G,S,887.0
Earth,False,TRAPPIST-1e,23.0,False,0.0,551.0,59.0,720.0,14.0,False,F,S,1344.0
Earth,False,TRAPPIST-1e,22.0,False,658.0,0.0,0.0,161.0,3.0,True,F,S,822.0
Earth,True,55 Cancri e,22.0,False,0.0,0.0,0.0,0.0,0.0,True,G,P,0.0
Europa,True,TRAPPIST-1e,13.0,False,0.0,0.0,0.0,0.0,0.0,True,B,S,0.0
Europa,False,TRAPPIST-1e,28.0,False,0.0,0.0,0.0,0.0,0.0,True,B,S,0.0
Earth,True,TRAPPIST-1e,40.0,False,0.0,0.0,0.0,0.0,0.0,True,G,S,0.0
Mars,False,55 Cancri e,21.0,False,4027.0,0.0,47.0,83.0,0.0,False,D,P,4157.0
Earth,False,TRAPPIST-1e,35.0,False,702.0,104.0,5.0,76.0,0.0,True,G,S,887.0
Earth,False,TRAPPIST-1e,22.0,False,142.0,1307.0,0.0,0.0,0.0,False,F,P,1449.0
Europa,True,TRAPPIST-1e,37.0,False,0.0,0.0,0.0,0.0,0.0,True,D,S,0.0
Mars,False,TRAPPIST-1e,21.0,False,0.0,0.0,0.0,0.0,0.0,False,E,S,0.0
Earth,False,TRAPPIST-1e,50.0,False,0.0,358.0,0.0,620.0,4.0,False,F,S,982.0
Earth,False,TRAPPIST-1e,27.0,False,0.0,0.0,800.0,0.0,0.0,True,F,S,800.0
Earth,True,TRAPPIST-1e,20.0,False,0.0,0.0,0.0,0.0,0.0,True,G,S,0.0
Earth,True,TRAPPIST-1e,15.0,False,0.0,0.0,0.0,0.0,0.0,True,G,P,0.0
Earth,False,PSO J318.5-22,25.0,False,39.0,714.4862536656891,169.0,20.0,1403.0,False,E,P,2345.486253665689
Europa,False,55 Cancri e,31.0,False,0.0,225.0,0.0,301.0,4090.0,False,A,S,4616.0
Europa,False,55 Cancri e,27.0,False,0.0,8162.0,1044.0,699.0,46.0,True,B,S,9951.0
Earth,True,TRAPPIST-1e,18.0,False,0.0,0.0,0.0,0.0,0.0,True,G,S,0.0
Earth,True,PSO J318.5-22,2.0,False,0.0,0.0,0.0,0.0,0.0,True,G,S,0.0
Earth,False,TRAPPIST-1e,27.0,False,0.0,6.0,0.0,814.0,107.0,True,G,S,927.0
Earth,False,TRAPPIST-1e,0.0,False,0.0,0.0,0.0,0.0,476.35311409149364,True,G,S,476.35311409149364
Earth,False,TRAPPIST-1e,22.0,False,758.0,0.0,46.0,0.0,0.0,False,F,P,804.0
Mars,False,TRAPPIST-1e,27.0,False,0.0,0.0,0.0,0.0,0.0,False,E,S,0.0
Earth,False,TRAPPIST-1e,56.0,False,0.0,4.0,778.0,0.0,0.0,True,G,S,782.0
Earth,False,TRAPPIST-1e,28.0,False,0.0,0.0,0.0,676.0,124.0,False,F,S,800.0
Earth,False,55 Cancri e,42.0,False,31.0,0.0,0.0,635.0,0.0,True,E,S,666.0
Earth,False,TRAPPIST-1e,20.0,False,0.0,0.0,0.0,703.0,0.0,True,F,S,703.0
Earth,False,TRAPPIST-1e,27.0,False,508.0,585.0,9.0,485.74408365437534,0.0,True,F,S,1587.7440836543753
Earth,False,PSO J318.5-22,29.0,False,0.0,0.0,20.0,0.0,402.0,False,G,P,422.0
Earth,False,55 Cancri e,36.0,False,85.0,0.0,545.0,15.0,0.0,True,F,S,645.0
Earth,False,TRAPPIST-1e,23.0,False,0.0,0.0,4.0,145.0,476.35311409149364,False,F,S,625.3531140914936
Earth,True,TRAPPIST-1e,64.0,False,0.0,0.0,0.0,0.0,0.0,True,G,S,0.0
Earth,False,TRAPPIST-1e,19.0,False,1.0,1.0,270.12864211105006,0.0,1755.0,False,G,P,2027.12864211105
Earth,True,55 Cancri e,1.0,False,0.0,0.0,0.0,0.0,0.0,False,G,P,0.0
Earth,True,TRAPPIST-1e,49.0,False,0.0,0.0,0.0,0.0,0.0,False,G,P,0.0
Earth,True,55 Cancri e,0.0,False,0.0,0.0,0.0,0.0,0.0,True,G,P,0.0
Earth,False,TRAPPIST-1e,18.0,False,0.0,288.0,35.0,0.0,435.0,False,F,P,758.0
Europa,False,55 Cancri e,39.0,False,5645.0,132.0,0.0,1.0,1814.0,False,C,P,7592.0
Mars,False,TRAPPIST-1e,37.0,False,10.0,20.0,868.0,115.0,0.0,False,E,P,1013.0
Mars,True,TRAPPIST-1e,44.0,False,0.0,0.0,0.0,0.0,0.0,True,F,P,0.0
Mars,False,PSO J318.5-22,43.0,False,817.0,0.0,617.0,0.0,0.0,False,F,P,1434.0
Mars,True,TRAPPIST-1e,33.0,False,0.0,0.0,0.0,0.0,0.0,True,F,P,0.0
Earth,False,TRAPPIST-1e,20.0,False,41.0,222.0,0.0,43.0,601.0,True,G,S,907.0
Earth,False,TRAPPIST-1e,0.0,False,0.0,0.0,0.0,0.0,0.0,True,G,S,0.0
Earth,False,55 Cancri e,4.0,False,0.0,0.0,0.0,0.0,0.0,True,G,S,0.0
Mars,True,TRAPPIST-1e,20.0,False,0.0,0.0,0.0,0.0,0.0,True,F,S,0.0
Mars,False,TRAPPIST-1e,50.0,False,690.0,0.0,30.0,762.0,428.0,False,F,S,1910.0
Mars,True,TRAPPIST-1e,47.0,False,0.0,0.0,0.0,0.0,0.0,True,F,P,0.0
Mars,True,TRAPPIST-1e,17.0,False,0.0,0.0,0.0,0.0,0.0,True,F,P,0.0
Europa,False,TRAPPIST-1e,26.0,False,0.0,1583.0,0.0,232.0,8040.0,False,B,P,9855.0
Earth,False,TRAPPIST-1e,21.0,False,39.0,360.0,0.0,485.74408365437534,0.0,True,E,S,884.7440836543753
Mars,True,TRAPPIST-1e,20.0,False,0.0,0.0,0.0,0.0,0.0,True,F,P,0.0
Europa,True,TRAPPIST-1e,26.0,False,0.0,0.0,0.0,0.0,0.0,True,C,P,0.0
Mars,False,TRAPPIST-1e,27.0,True,1565.0,0.0,0.0,0.0,145.0,False,F,P,1710.0
Earth,False,PSO J318.5-22,34.0,False,0.0,0.0,693.0,3.0,77.0,True,G,S,773.0
Earth,True,TRAPPIST-1e,11.0,False,0.0,0.0,0.0,0.0,0.0,True,G,S,0.0
Earth,True,TRAPPIST-1e,0.0,False,0.0,0.0,0.0,0.0,0.0,True,G,S,0.0
Europa,False,55 Cancri e,28.0,False,550.0,5203.0,0.0,2244.0,1624.0,False,D,P,9621.0
Earth,False,TRAPPIST-1e,33.0,False,127.0,745.0,9.0,0.0,0.0,True,G,S,881.0
Earth,True,TRAPPIST-1e,22.0,False,0.0,0.0,0.0,0.0,0.0,True,G,P,0.0
Mars,True,TRAPPIST-1e,28.0,False,0.0,0.0,0.0,0.0,0.0,False,F,P,0.0
Mars,True,TRAPPIST-1e,11.0,False,0.0,0.0,0.0,0.0,0.0,True,F,P,0.0
Mars,False,TRAPPIST-1e,60.0,False,51.0,10.0,754.0,1412.0,137.0,False,F,P,2364.0
Earth,False,TRAPPIST-1e,43.0,False,1.0,0.0,213.0,7.0,701.0,True,G,S,922.0
Earth,False,TRAPPIST-1e,27.0,False,0.0,1.0,667.0,897.0,43.0,False,E,S,1608.0
Earth,True,TRAPPIST-1e,37.0,False,0.0,0.0,0.0,0.0,0.0,True,G,P,0.0
Earth,True,55 Cancri e,23.0,False,0.0,0.0,0.0,0.0,0.0,True,G,S,0.0
Mars,False,TRAPPIST-1e,57.0,False,1696.0,0.0,1006.0,0.0,27.0,False,D,S,2729.0
Europa,True,TRAPPIST-1e,29.0,False,0.0,0.0,0.0,0.0,0.0,True,A,P,0.0
Europa,False,TRAPPIST-1e,28.0,False,0.0,175.0,0.0,214.0,7461.0,False,A,P,7850.0
Europa,False,TRAPPIST-1e,42.0,False,0.0,890.0,2929.0,352.0,4898.0,False,A,P,9069.0
Europa,False,TRAPPIST-1e,43.0,False,7.0,494.0,2473.0,443.0,71.0,False,A,P,3488.0
Europa,True,TRAPPIST-1e,26.0,False,0.0,0.0,0.0,0.0,0.0,True,C,P,0.0
Europa,False,55 Cancri e,72.0,False,2445.0,3023.0,0.0,704.0,20.0,False,E,P,6192.0
Europa,False,TRAPPIST-1e,49.0,False,0.0,3991.0,298.0,289.0,2740.0,False,B,P,7318.0
Europa,True,55 Cancri e,29.0,True,0.0,0.0,0.0,0.0,0.0,True,B,P,0.0
Earth,True,TRAPPIST-1e,18.0,False,0.0,0.0,0.0,0.0,0.0,False,G,P,0.0
Earth,False,55 Cancri e,26.0,False,0.0,406.0,0.0,0.0,503.0,True,G,S,909.0
Mars,True,55 Cancri e,19.0,False,0.0,0.0,0.0,0.0,0.0,True,F,P,0.0
Earth,False,55 Cancri e,18.0,False,749.0,0.0,74.0,0.0,0.0,False,F,P,823.0
Earth,False,55 Cancri e,14.0,False,714.0,237.0,0.0,587.0,1.0,False,F,P,1539.0
Mars,False,TRAPPIST-1e,44.0,False,583.0,0.0,222.0,0.0,1560.0,False,F,P,2365.0
Mars,True,TRAPPIST-1e,34.0,False,0.0,0.0,0.0,0.0,0.0,True,F,P,0.0
Earth,True,55 Cancri e,18.0,False,0.0,0.0,0.0,0.0,0.0,True,G,P,0.0
Earth,True,PSO J318.5-22,36.0,False,0.0,0.0,0.0,0.0,0.0,True,G,S,0.0
Europa,True,55 Cancri e,27.0,False,0.0,0.0,0.0,0.0,0.0,True,B,S,0.0
Earth,False,TRAPPIST-1e,35.0,False,753.0,335.0,1.0,348.0,0.0,False,G,P,1437.0
Europa,False,TRAPPIST-1e,52.0,False,5.0,3514.0,31.0,601.0,13.0,True,D,S,4164.0
Earth,False,PSO J318.5-22,22.0,False,688.0,5.0,80.0,0.0,0.0,False,G,P,773.0
Earth,False,TRAPPIST-1e,34.0,False,245.0,0.0,542.0,0.0,19.0,True,F,P,806.0
Earth,False,PSO J318.5-22,37.0,False,0.0,0.0,6.0,746.0,1.0,False,G,P,753.0
Earth,False,55 Cancri e,22.0,False,654.0,2.0,83.0,0.0,0.0,False,F,P,739.0
Earth,False,TRAPPIST-1e,26.0,False,0.0,786.0,0.0,11.0,83.0,True,F,P,880.0
Earth,False,55 Cancri e,14.0,False,590.0,9.0,0.0,0.0,192.0,False,E,S,791.0
Mars,True,55 Cancri e,53.0,False,0.0,0.0,0.0,0.0,0.0,True,F,P,0.0
Earth,False,TRAPPIST-1e,17.0,False,0.0,823.0,0.0,1168.0,14.0,False,F,P,2005.0
Earth,False,TRAPPIST-1e,30.0,False,0.0,1.0,0.0,870.0,0.0,False,F,S,871.0
Europa,False,TRAPPIST-1e,65.0,False,0.0,722.0,302.0,103.0,2659.0,False,D,P,3786.0
Earth,False,TRAPPIST-1e,19.0,False,0.0,0.0,500.0,2.0,208.0,True,G,S,710.0
Europa,False,55 Cancri e,36.0,False,380.0,686.0,0.0,295.0,1247.0,False,E,S,2608.0
Earth,True,TRAPPIST-1e,3.0,False,0.0,0.0,0.0,0.0,0.0,True,G,S,0.0
Earth,False,TRAPPIST-1e,6.0,False,0.0,0.0,0.0,0.0,0.0,True,G,S,0.0
Earth,False,55 Cancri e,4.0,False,0.0,0.0,0.0,0.0,0.0,True,F,S,0.0
Earth,False,TRAPPIST-1e,21.0,False,958.0,1668.0,82.0,0.0,78.0,True,F,S,2786.0
Earth,True,55 Cancri e,8.0,False,0.0,0.0,0.0,0.0,0.0,True,G,S,0.0
Europa,True,TRAPPIST-1e,35.0,False,0.0,0.0,0.0,0.0,0.0,True,B,P,0.0
Europa,False,55 Cancri e,18.0,False,0.0,3268.0,0.0,436.0,342.0,True,B,P,4046.0
Earth,False,TRAPPIST-1e,34.0,False,170.0,1256.0,0.0,3926.0,7121.0,False,E,S,12473.0
Europa,True,55 Cancri e,45.0,False,0.0,0.0,0.0,0.0,0.0,True,B,S,0.0
Europa,False,TRAPPIST-1e,31.0,False,0.0,1219.0,7.0,104.0,1082.0,True,B,S,2412.0
Earth,False,TRAPPIST-1e,14.0,False,30.0,757.0,115.0,0.0,0.0,True,F,P,902.0
Earth,False,TRAPPIST-1e,23.0,False,765.0,5.0,0.0,0.0,0.0,False,G,P,770.0
Europa,True,TRAPPIST-1e,61.0,False,0.0,0.0,0.0,0.0,0.0,True,B,S,0.0
Europa,False,55 Cancri e,54.0,True,0.0,7996.0,0.0,4549.0,10206.0,False,B,S,22751.0
Europa,True,TRAPPIST-1e,28.0,False,0.0,0.0,0.0,0.0,0.0,True,D,S,0.0
Europa,False,TRAPPIST-1e,46.0,False,0.0,3477.0,0.0,1.0,5543.0,False,D,S,9021.0
Earth,False,TRAPPIST-1e,32.0,False,125.0,874.0,0.0,180.0,1.0,True,F,S,1180.0
Earth,True,55 Cancri e,49.0,False,0.0,0.0,0.0,0.0,0.0,True,G,S,0.0
Earth,True,55 Cancri e,20.0,False,0.0,0.0,0.0,0.0,0.0,True,G,S,0.0
Earth,False,PSO J318.5-22,25.0,False,458.0,240.0,0.0,239.0,0.0,True,F,S,937.0
Earth,False,TRAPPIST-1e,19.0,False,0.0,785.0,0.0,0.0,19.0,True,F,S,804.0
Earth,True,55 Cancri e,28.0,False,0.0,0.0,0.0,0.0,0.0,True,G,S,0.0
Earth,False,TRAPPIST-1e,68.0,False,0.0,0.0,970.0,0.0,0.0,True,F,S,970.0
Earth,True,TRAPPIST-1e,16.0,False,0.0,0.0,0.0,0.0,0.0,True,G,P,0.0
Mars,True,TRAPPIST-1e,19.0,False,0.0,0.0,0.0,0.0,0.0,False,E,P,0.0
Mars,True,PSO J318.5-22,49.0,False,0.0,0.0,0.0,0.0,0.0,False,E,P,0.0
Mars,False,TRAPPIST-1e,15.0,False,890.0,9.0,0.0,1250.0,57.0,False,E,P,2206.0
Mars,True,TRAPPIST-1e,26.0,False,0.0,0.0,0.0,0.0,0.0,True,E,P,0.0
Mars,False,TRAPPIST-1e,22.0,False,804.0,0.0,378.0,0.0,0.0,False,E,P,1182.0
Earth,True,PSO J318.5-22,23.0,False,0.0,0.0,0.0,0.0,0.0,True,G,S,0.0
Earth,False,TRAPPIST-1e,31.0,False,0.0,0.0,0.0,0.0,0.0,False,G,P,0.0
Earth,True,TRAPPIST-1e,27.0,False,0.0,0.0,0.0,0.0,0.0,False,G,P,0.0
Earth,True,TRAPPIST-1e,28.0,False,0.0,0.0,0.0,0.0,0.0,True,G,P,0.0
Earth,False,TRAPPIST-1e,20.0,False,47.0,0.0,0.0,0.0,2711.0,False,F,P,2758.0
Earth,False,TRAPPIST-1e,43.0,False,1.0,8.0,0.0,0.0,715.0,False,F,P,724.0
Earth,False,TRAPPIST-1e,22.0,False,19.0,9.0,0.0,0.0,594.0,True,G,S,622.0
Europa,True,TRAPPIST-1e,27.0,False,0.0,0.0,0.0,0.0,0.0,True,E,S,0.0
Europa,True,TRAPPIST-1e,35.0,False,0.0,0.0,0.0,0.0,0.0,True,B,S,0.0
Europa,True,55 Cancri e,37.0,False,0.0,0.0,0.0,0.0,0.0,True,F,S,0.0
Mars,False,TRAPPIST-1e,24.0,False,158.0,0.0,1594.0,1.0,0.0,True,F,S,1753.0
Mars,False,55 Cancri e,18.0,False,2803.0,0.0,17.0,0.0,0.0,False,F,S,2820.0
Mars,False,TRAPPIST-1e,15.0,False,643.0,0.0,45.0,0.0,10.0,False,F,S,698.0
Mars,False,TRAPPIST-1e,28.0,False,1909.0,0.0,0.0,0.0,6.0,False,F,P,1915.0
Earth,False,TRAPPIST-1e,24.0,False,0.0,117.0,2134.0,0.0,0.0,True,F,S,2251.0
Mars,True,55 Cancri e,39.0,False,0.0,0.0,0.0,0.0,0.0,True,F,S,0.0
Europa,True,TRAPPIST-1e,35.0,False,0.0,0.0,0.0,0.0,0.0,True,C,P,0.0
Europa,False,55 Cancri e,52.0,False,0.0,1425.0,31.0,0.0,1320.0,True,C,P,2776.0
Europa,False,TRAPPIST-1e,48.0,False,0.0,714.4862536656891,0.0,2851.0,1478.0,False,C,P,5043.486253665689
Europa,False,55 Cancri e,27.0,False,332.0,918.0,0.0,5.0,4817.0,False,C,P,6072.0
Europa,False,55 Cancri e,50.0,False,0.0,103.0,0.0,240.0,8221.0,False,C,P,8564.0
Earth,False,TRAPPIST-1e,24.0,False,56.0,22.0,285.0,1453.0,0.0,False,G,P,1816.0
Earth,False,PSO J318.5-22,26.0,False,807.0,0.0,0.0,0.0,40.0,True,G,S,847.0
Earth,False,TRAPPIST-1e,24.0,False,215.0,0.0,0.0,0.0,350.0,False,F,P,565.0
Earth,True,TRAPPIST-1e,15.0,False,0.0,0.0,0.0,0.0,0.0,False,G,P,0.0
Earth,False,PSO J318.5-22,42.0,False,1188.0,39.0,3.0,3.0,0.0,False,F,P,1233.0
Earth,False,TRAPPIST-1e,51.0,False,0.0,0.0,0.0,0.0,880.0,False,F,P,880.0
Earth,False,PSO J318.5-22,43.0,False,635.0,53.0,0.0,3.0,0.0,True,E,P,691.0
Earth,True,55 Cancri e,31.0,False,0.0,0.0,0.0,0.0,0.0,False,G,P,0.0
Earth,True,TRAPPIST-1e,14.0,False,0.0,0.0,0.0,0.0,0.0,True,G,S,0.0
Earth,False,TRAPPIST-1e,31.0,False,13.0,0.0,0.0,679.0,0.0,False,F,S,692.0
Europa,False,TRAPPIST-1e,33.0,False,0.0,1513.0,5.0,63.0,144.0,True,A,S,1725.0
Earth,False,55 Cancri e,21.0,False,0.0,496.0,0.0,3867.0,30.0,False,G,P,4393.0
Earth,False,TRAPPIST-1e,13.0,False,56.0,1706.0,15.0,0.0,23.0,False,G,P,1800.0
Earth,False,TRAPPIST-1e,29.0,False,286.0,545.0,270.12864211105006,0.0,0.0,True,F,S,1101.12864211105
Europa,False,TRAPPIST-1e,22.0,False,0.0,11594.0,0.0,10247.0,1.0,False,B,S,21842.0
Mars,False,TRAPPIST-1e,22.0,False,1035.0,0.0,264.0,0.0,0.0,False,E,P,1299.0
Earth,True,PSO J318.5-22,18.0,False,0.0,0.0,0.0,0.0,0.0,True,G,S,0.0
Earth,True,55 Cancri e,35.0,False,0.0,0.0,0.0,0.0,0.0,True,G,S,0.0
Earth,True,TRAPPIST-1e,20.0,False,0.0,0.0,0.0,0.0,0.0,True,G,S,0.0
Earth,False,TRAPPIST-1e,18.0,False,0.0,0.0,1609.0,0.0,0.0,True,E,P,1609.0
Earth,True,TRAPPIST-1e,66.0,False,0.0,0.0,0.0,0.0,0.0,True,G,S,0.0
Earth,True,TRAPPIST-1e,33.0,False,0.0,0.0,0.0,0.0,0.0,True,B,S,0.0
Europa,True,55 Cancri e,48.0,False,0.0,0.0,0.0,0.0,0.0,True,B,S,0.0
Europa,False,55 Cancri e,38.0,False,0.0,1198.0,48.0,278.0,1244.0,False,B,S,2768.0
Europa,True,TRAPPIST-1e,62.0,False,0.0,0.0,0.0,0.0,0.0,True,B,S,0.0
Earth,True,TRAPPIST-1e,19.0,False,0.0,0.0,0.0,0.0,0.0,False,G,P,0.0
Mars,False,55 Cancri e,44.0,False,2267.0,0.0,107.0,0.0,0.0,False,F,S,2374.0
Mars,False,55 Cancri e,25.0,False,1410.0,123.0,26.0,9.0,812.0,False,D,P,2380.0
Earth,False,TRAPPIST-1e,15.0,False,348.0,1627.0,0.0,0.0,0.0,False,F,P,1975.0
Earth,False,TRAPPIST-1e,20.0,False,12.0,177.0,1110.0,0.0,0.0,True,F,S,1299.0
Earth,False,TRAPPIST-1e,34.0,False,233.0,0.0,0.0,1054.0,156.0,False,F,P,1443.0
Mars,False,TRAPPIST-1e,23.0,False,821.0,0.0,863.0,664.0,0.0,False,E,P,2348.0
Earth,False,TRAPPIST-1e,45.0,False,0.0,0.0,2332.0,84.0,0.0,True,F,S,2416.0
Earth,True,TRAPPIST-1e,39.0,False,0.0,0.0,0.0,0.0,0.0,True,G,S,0.0
Earth,True,PSO J318.5-22,33.0,False,0.0,0.0,0.0,0.0,0.0,True,G,P,0.0
Earth,False,TRAPPIST-1e,14.0,False,0.0,0.0,325.0,247.0,305.0,False,F,S,877.0
Earth,False,TRAPPIST-1e,26.0,False,178.0,0.0,3.0,0.0,704.0,True,G,S,885.0
Earth,True,TRAPPIST-1e,47.0,False,0.0,0.0,0.0,0.0,0.0,True,G,S,0.0
Mars,True,TRAPPIST-1e,27.0,False,0.0,0.0,0.0,0.0,0.0,True,D,S,0.0
Earth,True,55 Cancri e,28.0,False,0.0,0.0,0.0,0.0,0.0,True,G,P,0.0
Earth,True,TRAPPIST-1e,22.0,False,0.0,0.0,0.0,0.0,0.0,True,G,P,0.0
Earth,True,TRAPPIST-1e,17.0,False,0.0,0.0,0.0,0.0,0.0,True,G,S,0.0
Earth,False,TRAPPIST-1e,16.0,False,0.0,458.0,725.0,0.0,0.0,True,F,S,1183.0
Earth,False,TRAPPIST-1e,9.0,False,0.0,0.0,0.0,0.0,476.35311409149364,True,G,S,476.35311409149364
Earth,False,TRAPPIST-1e,15.0,False,0.0,0.0,973.0,29.0,0.0,True,F,S,1002.0
Europa,False,TRAPPIST-1e,33.0,False,0.0,4372.0,0.0,4103.0,0.0,True,C,S,8475.0
Earth,False,TRAPPIST-1e,61.0,False,0.0,166.0,1080.0,0.0,16.0,True,F,S,1262.0
Earth,False,TRAPPIST-1e,19.0,False,350.53903958944284,0.0,0.0,692.0,164.0,False,F,P,1206.5390395894428
Europa,True,TRAPPIST-1e,61.0,False,0.0,0.0,0.0,0.0,0.0,True,E,S,0.0
Earth,False,TRAPPIST-1e,42.0,False,0.0,29.0,317.0,434.0,45.0,True,G,P,825.0
Earth,False,TRAPPIST-1e,4.0,False,0.0,0.0,0.0,0.0,0.0,False,G,P,0.0
Earth,False,TRAPPIST-1e,12.0,False,0.0,0.0,0.0,0.0,0.0,True,G,P,0.0
Earth,False,TRAPPIST-1e,0.0,False,0.0,0.0,0.0,0.0,0.0,True,G,P,0.0
Earth,True,TRAPPIST-1e,19.0,False,0.0,0.0,0.0,0.0,0.0,True,G,P,0.0
Earth,True,TRAPPIST-1e,27.0,False,0.0,0.0,0.0,0.0,0.0,True,G,P,0.0
Earth,False,PSO J318.5-22,29.0,False,0.0,173.0,0.0,0.0,1155.0,True,F,S,1328.0
Earth,False,TRAPPIST-1e,59.0,False,0.0,664.0,0.0,144.0,141.0,True,G,P,949.0
Earth,True,TRAPPIST-1e,20.0,False,0.0,0.0,0.0,0.0,0.0,True,G,S,0.0
Earth,False,TRAPPIST-1e,70.0,False,390.0,0.0,0.0,0.0,518.0,True,G,P,908.0
Earth,True,TRAPPIST-1e,3.0,False,0.0,0.0,0.0,0.0,0.0,False,G,P,0.0
Europa,True,TRAPPIST-1e,37.0,False,0.0,0.0,0.0,0.0,0.0,True,B,S,0.0
Europa,False,TRAPPIST-1e,58.0,False,0.0,1975.0,598.0,7.0,3726.0,False,B,S,6306.0
Earth,False,TRAPPIST-1e,44.0,False,69.0,0.0,17.0,176.0,2105.0,False,G,S,2367.0
Mars,True,TRAPPIST-1e,24.0,False,0.0,0.0,0.0,0.0,0.0,False,E,S,0.0
Earth,True,PSO J318.5-22,20.0,False,0.0,0.0,0.0,0.0,0.0,True,G,P,0.0
Earth,False,TRAPPIST-1e,24.0,False,156.0,0.0,364.0,489.0,383.0,True,F,S,1392.0
Europa,True,55 Cancri e,27.0,False,0.0,0.0,0.0,0.0,0.0,True,B,P,0.0
Earth,False,55 Cancri e,28.0,False,0.0,0.0,0.0,711.0,0.0,False,G,P,711.0
Earth,False,TRAPPIST-1e,24.0,False,0.0,217.0,0.0,77.0,510.0,False,F,P,804.0
Mars,True,TRAPPIST-1e,29.0,False,0.0,0.0,0.0,0.0,0.0,True,F,P,0.0
Earth,False,TRAPPIST-1e,25.0,False,2029.0,1.0,0.0,0.0,121.0,False,F,P,2151.0
Earth,False,TRAPPIST-1e,20.0,False,0.0,0.0,53.0,2.0,754.0,False,G,P,809.0
Earth,False,55 Cancri e,34.0,False,0.0,1745.0,6.0,5.0,37.0,True,G,P,1793.0
Earth,False,TRAPPIST-1e,28.0,False,0.0,0.0,0.0,1191.0,109.0,False,F,P,1300.0
Earth,True,TRAPPIST-1e,27.0,False,0.0,0.0,0.0,0.0,0.0,True,E,P,0.0
Earth,False,TRAPPIST-1e,23.0,False,1.0,714.4862536656891,1.0,0.0,618.0,False,F,P,1334.4862536656892
Europa,False,TRAPPIST-1e,39.0,False,0.0,11856.0,13.0,39.0,3.0,True,C,S,11911.0
Europa,False,TRAPPIST-1e,35.0,False,0.0,7636.0,0.0,353.0,705.0,True,C,S,8694.0
Earth,True,TRAPPIST-1e,18.0,False,0.0,0.0,0.0,0.0,0.0,True,G,S,0.0
Earth,True,TRAPPIST-1e,20.0,False,0.0,0.0,0.0,0.0,0.0,True,G,S,0.0
Europa,False,TRAPPIST-1e,42.0,False,0.0,16.0,0.0,144.0,7492.0,False,A,P,7652.0
Europa,False,55 Cancri e,32.0,False,70.0,764.0,724.0,547.0,1297.0,False,A,P,3402.0
Earth,False,55 Cancri e,50.0,False,57.0,29.0,0.0,0.0,643.0,False,F,S,729.0
Earth,False,TRAPPIST-1e,23.0,False,0.0,37.0,859.0,9.0,1.0,True,G,S,906.0
Earth,False,TRAPPIST-1e,19.0,False,0.0,714.4862536656891,0.0,5381.0,139.0,False,G,S,6234.486253665689
Earth,False,TRAPPIST-1e,29.0,False,715.0,47.0,0.0,0.0,0.0,False,F,P,762.0
Europa,False,TRAPPIST-1e,35.0,True,247.0,436.0,459.0,1.0,1984.0,False,A,P,3127.0
Earth,False,TRAPPIST-1e,18.0,False,0.0,625.0,0.0,0.0,356.0,False,E,P,981.0
Earth,False,PSO J318.5-22,24.0,False,160.0,20.0,39.0,552.0,1.0,False,G,P,772.0
Earth,False,TRAPPIST-1e,23.0,False,88.0,0.0,586.0,0.0,0.0,True,G,S,674.0
Earth,False,TRAPPIST-1e,51.0,False,542.0,0.0,360.0,0.0,0.0,False,F,P,902.0
Earth,False,TRAPPIST-1e,42.0,False,439.0,0.0,0.0,0.0,254.0,False,F,P,693.0
Earth,False,PSO J318.5-22,19.0,False,5.0,0.0,0.0,716.0,0.0,False,F,P,721.0
Earth,True,TRAPPIST-1e,23.0,False,0.0,0.0,0.0,0.0,0.0,False,F,P,0.0
Earth,True,TRAPPIST-1e,19.0,False,0.0,0.0,0.0,0.0,0.0,True,F,P,0.0
Earth,False,PSO J318.5-22,22.0,False,158.0,0.0,476.0,0.0,26.0,False,F,P,660.0
Earth,False,TRAPPIST-1e,25.0,False,12.0,6.0,2817.0,342.0,0.0,False,F,S,3177.0
Earth,False,PSO J318.5-22,31.0,False,11.0,0.0,0.0,1912.0,1120.0,False,F,P,3043.0
Earth,False,TRAPPIST-1e,23.0,False,0.0,0.0,0.0,558.0,1.0,False,F,P,559.0
Earth,True,TRAPPIST-1e,22.0,False,0.0,0.0,0.0,0.0,0.0,True,G,S,0.0
Europa,True,TRAPPIST-1e,55.0,False,0.0,0.0,0.0,0.0,0.0,True,B,S,0.0
Earth,False,TRAPPIST-1e,40.0,False,0.0,0.0,56.0,1.0,642.0,False,F,S,699.0
Earth,False,TRAPPIST-1e,24.0,False,350.53903958944284,0.0,0.0,838.0,193.0,False,F,S,1381.5390395894428
Earth,False,TRAPPIST-1e,25.0,False,0.0,0.0,1037.0,8.0,1.0,True,F,S,1046.0
Europa,False,TRAPPIST-1e,42.0,False,0.0,1871.0,0.0,570.0,199.0,False,C,P,2640.0
Earth,True,PSO J318.5-22,33.0,False,0.0,0.0,0.0,0.0,0.0,True,G,S,0.0
Europa,True,TRAPPIST-1e,54.0,False,0.0,0.0,0.0,0.0,0.0,True,B,P,0.0
Europa,True,55 Cancri e,22.0,False,0.0,0.0,0.0,0.0,0.0,True,B,P,0.0
Europa,True,TRAPPIST-1e,22.0,False,0.0,0.0,0.0,0.0,0.0,True,B,P,0.0
Europa,True,55 Cancri e,19.0,False,0.0,0.0,0.0,0.0,0.0,True,B,P,0.0
Earth,False,TRAPPIST-1e,47.0,False,0.0,868.0,0.0,4.0,476.35311409149364,True,G,S,1348.3531140914936
Mars,False,55 Cancri e,23.0,False,610.0,858.0,75.0,1358.0,0.0,False,F,P,2901.0
Europa,True,55 Cancri e,61.0,False,0.0,0.0,0.0,0.0,0.0,True,C,S,0.0
Earth,False,TRAPPIST-1e,21.0,False,0.0,128.0,209.0,4.0,383.0,False,F,S,724.0
Earth,False,PSO J318.5-22,46.0,False,559.0,25.0,270.12864211105006,22.0,765.0,False,F,P,1641.12864211105
Earth,False,TRAPPIST-1e,36.0,False,0.0,0.0,0.0,0.0,907.0,False,G,P,907.0
Earth,False,TRAPPIST-1e,15.0,False,0.0,706.0,0.0,485.74408365437534,0.0,True,G,S,1191.7440836543753
Europa,False,TRAPPIST-1e,33.0,False,2233.0,6408.0,270.12864211105006,23.0,273.0,True,B,P,9207.12864211105
Europa,True,TRAPPIST-1e,35.0,False,0.0,0.0,0.0,0.0,0.0,True,B,P,0.0
Europa,True,55 Cancri e,21.0,False,0.0,0.0,0.0,0.0,0.0,True,B,P,0.0
Earth,False,55 Cancri e,21.0,False,0.0,0.0,0.0,1.0,594.0,False,F,P,595.0
Earth,False,55 Cancri e,43.0,False,0.0,1197.0,0.0,223.0,1.0,True,F,P,1421.0
Earth,False,PSO J318.5-22,34.0,False,571.0,0.0,0.0,0.0,0.0,False,F,S,571.0
Earth,False,PSO J318.5-22,47.0,False,14.0,3.0,0.0,1720.0,0.0,False,G,P,1737.0
Mars,False,TRAPPIST-1e,27.0,False,850.0,0.0,681.0,1.0,0.0,True,F,S,1532.0
Europa,False,TRAPPIST-1e,46.0,False,0.0,1068.0,945.0,2587.0,811.0,False,C,S,5411.0
Earth,False,TRAPPIST-1e,46.0,False,183.0,7.0,637.0,182.0,5.0,True,G,S,1014.0
Europa,False,55 Cancri e,40.0,False,0.0,3338.0,0.0,6344.0,199.0,False,B,P,9881.0
Europa,True,55 Cancri e,59.0,False,0.0,0.0,0.0,0.0,0.0,True,E,S,0.0
Europa,False,TRAPPIST-1e,45.0,False,0.0,1202.0,149.0,1472.0,3379.0,False,D,P,6202.0
Earth,False,PSO J318.5-22,19.0,False,0.0,95.0,595.0,0.0,0.0,True,F,S,690.0
Mars,False,TRAPPIST-1e,32.0,False,6769.0,0.0,270.12864211105006,113.0,1.0,False,F,S,7153.12864211105
Earth,True,55 Cancri e,39.0,False,0.0,0.0,0.0,0.0,0.0,True,F,S,0.0
Earth,False,TRAPPIST-1e,40.0,False,661.0,0.0,830.0,0.0,6.0,False,F,P,1497.0
Mars,False,TRAPPIST-1e,44.0,False,815.0,219.0,22.0,0.0,0.0,True,D,S,1056.0
Earth,True,TRAPPIST-1e,26.0,False,0.0,0.0,0.0,0.0,0.0,False,G,P,0.0
Earth,False,TRAPPIST-1e,22.0,False,514.0,0.0,2.0,129.0,583.0,False,F,S,1228.0
Earth,False,TRAPPIST-1e,2.0,False,0.0,0.0,0.0,0.0,0.0,False,G,P,0.0
Earth,False,TRAPPIST-1e,18.0,False,0.0,3.0,41.0,359.0,393.0,False,F,P,796.0
Earth,False,TRAPPIST-1e,53.0,False,751.0,0.0,270.12864211105006,7.0,0.0,False,F,P,1028.12864211105
Earth,False,TRAPPIST-1e,22.0,False,104.0,511.0,254.0,425.0,4.0,False,F,P,1298.0
Earth,False,TRAPPIST-1e,46.0,False,0.0,98.0,2077.0,0.0,0.0,True,F,P,2175.0
Earth,True,TRAPPIST-1e,28.0,False,0.0,0.0,0.0,0.0,0.0,True,G,P,0.0
Earth,False,TRAPPIST-1e,31.0,False,0.0,1489.0,68.0,6.0,0.0,True,E,P,1563.0
Europa,False,55 Cancri e,36.0,False,1.0,4058.0,95.0,0.0,2109.0,False,A,P,6263.0
Europa,False,55 Cancri e,46.0,False,35.0,3953.0,0.0,2108.0,0.0,True,A,P,6096.0
Earth,True,TRAPPIST-1e,0.0,False,0.0,0.0,0.0,0.0,0.0,True,G,S,0.0
Earth,False,TRAPPIST-1e,3.0,False,0.0,0.0,0.0,0.0,0.0,True,G,S,0.0
Earth,True,TRAPPIST-1e,12.0,False,0.0,0.0,0.0,0.0,0.0,True,G,S,0.0
Earth,True,TRAPPIST-1e,2.0,False,0.0,0.0,0.0,0.0,0.0,True,G,S,0.0
Earth,True,TRAPPIST-1e,41.0,False,0.0,0.0,0.0,0.0,0.0,True,G,S,0.0
Earth,True,55 Cancri e,11.0,False,0.0,0.0,0.0,0.0,0.0,True,G,S,0.0
Earth,True,TRAPPIST-1e,41.0,False,0.0,0.0,0.0,0.0,0.0,True,G,P,0.0
Mars,False,TRAPPIST-1e,17.0,False,513.0,0.0,669.0,0.0,0.0,False,D,S,1182.0
Mars,True,55 Cancri e,21.0,False,0.0,0.0,0.0,0.0,0.0,True,D,S,0.0
Mars,True,55 Cancri e,21.0,False,0.0,0.0,0.0,0.0,0.0,True,D,S,0.0
Mars,False,TRAPPIST-1e,27.0,False,89.0,888.0,51.0,5.0,0.0,True,D,S,1033.0
Mars,True,TRAPPIST-1e,54.0,False,0.0,0.0,0.0,0.0,0.0,True,D,S,0.0
Mars,False,TRAPPIST-1e,15.0,False,2309.0,0.0,1142.0,1.0,10.0,False,D,S,3462.0
Mars,True,TRAPPIST-1e,39.0,False,0.0,0.0,0.0,0.0,0.0,True,D,S,0.0
Earth,False,TRAPPIST-1e,31.0,False,1.0,0.0,7.0,0.0,387.0,True,G,P,395.0
Mars,True,TRAPPIST-1e,28.0,False,0.0,0.0,0.0,0.0,0.0,True,F,S,0.0
Earth,False,TRAPPIST-1e,21.0,False,3553.0,5.0,0.0,0.0,2.0,False,G,P,3560.0
Europa,True,TRAPPIST-1e,29.0,False,0.0,0.0,0.0,0.0,0.0,True,B,S,0.0
Earth,False,TRAPPIST-1e,45.0,False,112.0,406.0,198.0,0.0,0.0,True,F,S,716.0
Europa,False,55 Cancri e,44.0,False,0.0,496.0,99.0,317.0,5615.0,False,C,P,6527.0
Earth,True,TRAPPIST-1e,12.0,False,0.0,0.0,0.0,0.0,0.0,True,G,P,0.0
Earth,True,55 Cancri e,18.0,False,0.0,0.0,0.0,0.0,0.0,True,G,S,0.0
Earth,True,55 Cancri e,20.0,False,0.0,0.0,0.0,0.0,0.0,True,G,P,0.0
Europa,False,TRAPPIST-1e,43.0,False,0.0,8808.0,0.0,580.0,0.0,True,B,P,9388.0
Earth,True,55 Cancri e,46.0,False,0.0,0.0,0.0,0.0,0.0,True,E,P,0.0
Earth,False,TRAPPIST-1e,53.0,False,0.0,68.0,0.0,920.0,4.0,True,G,S,992.0
Earth,False,TRAPPIST-1e,21.0,False,621.0,0.0,0.0,0.0,0.0,False,G,P,621.0
Earth,False,TRAPPIST-1e,23.0,False,0.0,21.0,0.0,0.0,716.0,False,F,S,737.0
Earth,False,55 Cancri e,9.0,False,0.0,0.0,0.0,0.0,0.0,False,F,S,0.0
Earth,False,TRAPPIST-1e,19.0,False,546.0,11.0,0.0,325.0,218.0,False,F,P,1100.0
Earth,True,PSO J318.5-22,52.0,False,0.0,0.0,0.0,0.0,0.0,True,G,S,0.0
Europa,True,55 Cancri e,31.0,False,0.0,0.0,0.0,0.0,0.0,True,B,S,0.0
Earth,False,TRAPPIST-1e,62.0,False,761.0,15.0,0.0,0.0,476.35311409149364,False,F,S,1252.3531140914936
Europa,True,TRAPPIST-1e,27.0,False,0.0,0.0,0.0,0.0,0.0,True,C,S,0.0
Earth,True,TRAPPIST-1e,23.0,False,0.0,0.0,0.0,0.0,0.0,False,G,P,0.0
Europa,True,55 Cancri e,28.0,False,0.0,0.0,0.0,0.0,0.0,True,C,S,0.0
Europa,True,55 Cancri e,27.0,False,0.0,0.0,0.0,0.0,0.0,True,C,S,0.0
Earth,True,TRAPPIST-1e,58.0,False,0.0,0.0,0.0,0.0,0.0,True,G,S,0.0
Earth,False,55 Cancri e,24.0,False,0.0,30.0,835.0,0.0,0.0,True,E,P,865.0
Mars,False,TRAPPIST-1e,27.0,True,149.0,0.0,890.0,9.0,0.0,False,E,S,1048.0
Earth,False,TRAPPIST-1e,33.0,False,36.0,0.0,0.0,1415.0,0.0,False,F,S,1451.0
Earth,False,TRAPPIST-1e,28.0,False,229.0,761.0,0.0,0.0,6.0,True,E,S,996.0
Earth,False,TRAPPIST-1e,39.0,False,0.0,0.0,0.0,0.0,1104.0,False,F,P,1104.0
Earth,False,TRAPPIST-1e,27.0,False,0.0,0.0,0.0,727.0,260.0,False,E,P,987.0
Earth,False,TRAPPIST-1e,36.0,False,0.0,75.0,106.0,0.0,1903.0,True,F,S,2084.0
Earth,False,TRAPPIST-1e,64.0,False,0.0,623.0,1827.0,0.0,0.0,True,F,P,2450.0
Earth,False,PSO J318.5-22,41.0,False,0.0,0.0,687.0,0.0,65.0,True,G,P,752.0
Europa,True,55 Cancri e,27.0,False,0.0,0.0,0.0,0.0,0.0,True,B,P,0.0
Europa,True,TRAPPIST-1e,27.0,False,0.0,0.0,0.0,0.0,0.0,True,B,P,0.0
Europa,False,TRAPPIST-1e,27.0,False,0.0,2.0,64.0,139.0,3831.0,False,E,S,4036.0
Earth,False,55 Cancri e,22.0,False,483.0,0.0,0.0,304.0,21.0,True,G,S,808.0
Earth,False,TRAPPIST-1e,23.0,False,0.0,456.0,2624.0,912.0,8.0,True,E,P,4000.0
Mars,False,TRAPPIST-1e,40.0,False,7.0,0.0,6.0,1206.0,88.0,False,F,S,1307.0
Mars,True,TRAPPIST-1e,2.0,False,0.0,0.0,0.0,0.0,0.0,True,F,S,0.0
Mars,False,TRAPPIST-1e,0.0,False,0.0,0.0,0.0,0.0,0.0,True,F,S,0.0
Earth,False,TRAPPIST-1e,27.0,False,0.0,1774.0,0.0,17.0,13.0,True,G,S,1804.0
Earth,False,55 Cancri e,0.0,False,0.0,0.0,0.0,0.0,0.0,True,G,P,0.0
Earth,False,TRAPPIST-1e,17.0,False,0.0,566.0,18.0,318.0,0.0,False,F,P,902.0
Earth,False,TRAPPIST-1e,45.0,False,350.53903958944284,0.0,0.0,1501.0,24.0,False,F,P,1875.5390395894428
Earth,False,TRAPPIST-1e,62.0,False,104.0,53.0,194.0,436.0,0.0,False,E,S,787.0
Earth,True,55 Cancri e,14.0,False,0.0,0.0,0.0,0.0,0.0,True,G,S,0.0
Earth,False,55 Cancri e,24.0,False,0.0,1369.0,848.0,0.0,0.0,True,F,S,2217.0
Earth,True,PSO J318.5-22,51.0,False,0.0,0.0,0.0,0.0,0.0,True,G,S,0.0
Earth,False,TRAPPIST-1e,49.0,False,20.0,0.0,0.0,769.0,0.0,False,E,S,789.0
Mars,False,TRAPPIST-1e,52.0,False,1364.0,131.0,444.0,0.0,0.0,True,D,P,1939.0
Mars,True,55 Cancri e,35.0,False,0.0,0.0,0.0,0.0,0.0,True,F,P,0.0
Mars,True,TRAPPIST-1e,22.0,False,0.0,0.0,0.0,0.0,0.0,True,F,P,0.0
Earth,False,TRAPPIST-1e,17.0,False,0.0,0.0,1552.0,0.0,476.35311409149364,False,F,S,2028.3531140914936
Europa,True,55 Cancri e,47.0,False,0.0,0.0,0.0,0.0,0.0,True,B,S,0.0
Mars,True,TRAPPIST-1e,25.0,False,0.0,0.0,0.0,0.0,0.0,True,F,S,0.0
Earth,True,TRAPPIST-1e,11.0,False,0.0,0.0,0.0,0.0,0.0,True,G,P,0.0
Earth,False,TRAPPIST-1e,17.0,False,18.0,10.0,73.0,0.0,1049.0,False,F,P,1150.0
Earth,False,TRAPPIST-1e,41.0,False,8.0,532.0,0.0,0.0,100.0,True,F,S,640.0
Earth,False,TRAPPIST-1e,55.0,False,0.0,0.0,0.0,507.0,909.0,True,F,S,1416.0
Earth,False,TRAPPIST-1e,29.0,False,0.0,2395.0,7.0,20.0,6.0,True,F,S,2428.0
Earth,False,TRAPPIST-1e,19.0,False,0.0,0.0,0.0,888.0,0.0,False,G,S,888.0
Earth,True,55 Cancri e,23.0,False,0.0,0.0,0.0,0.0,0.0,True,G,S,0.0
Earth,False,TRAPPIST-1e,32.0,False,4518.0,914.0,0.0,93.0,0.0,False,G,S,5525.0
Earth,False,TRAPPIST-1e,27.0,False,0.0,0.0,0.0,0.0,1818.0,False,G,S,1818.0
Earth,False,TRAPPIST-1e,25.0,False,0.0,0.0,892.0,0.0,0.0,True,G,S,892.0
Mars,False,TRAPPIST-1e,24.0,False,10.0,49.0,270.12864211105006,1497.0,10.0,False,F,P,1836.12864211105
Mars,True,TRAPPIST-1e,30.0,False,0.0,0.0,0.0,0.0,0.0,False,E,P,0.0
Earth,False,PSO J318.5-22,50.0,False,781.0,2.0,0.0,61.0,0.0,True,E,P,844.0
Earth,False,TRAPPIST-1e,51.0,False,201.0,574.0,40.0,0.0,11.0,False,F,P,826.0
Mars,False,55 Cancri e,27.0,False,1331.0,0.0,0.0,0.0,0.0,False,F,P,1331.0
Mars,False,TRAPPIST-1e,35.0,False,750.0,0.0,0.0,0.0,1065.0,False,F,P,1815.0
Earth,False,TRAPPIST-1e,48.0,False,0.0,0.0,790.0,2368.0,1292.0,False,G,P,4450.0
Earth,True,TRAPPIST-1e,27.0,False,0.0,0.0,0.0,0.0,0.0,True,G,S,0.0
Earth,True,PSO J318.5-22,19.0,False,0.0,0.0,0.0,0.0,0.0,True,G,P,0.0
Earth,True,PSO J318.5-22,18.0,False,0.0,0.0,0.0,0.0,0.0,True,G,S,0.0
Europa,True,55 Cancri e,25.0,False,0.0,0.0,0.0,0.0,0.0,True,C,S,0.0
Earth,True,55 Cancri e,41.0,False,0.0,0.0,0.0,0.0,0.0,True,G,S,0.0
Mars,True,TRAPPIST-1e,62.0,False,0.0,0.0,0.0,0.0,0.0,True,F,P,0.0
Mars,True,TRAPPIST-1e,30.0,False,0.0,0.0,0.0,0.0,0.0,True,F,P,0.0
Mars,True,TRAPPIST-1e,6.0,False,0.0,0.0,0.0,0.0,0.0,True,F,P,0.0
Earth,False,55 Cancri e,15.0,False,0.0,40.0,0.0,0.0,839.0,False,F,P,879.0
Mars,False,PSO J318.5-22,34.0,False,162.0,0.0,690.0,28.0,0.0,False,D,S,880.0
Earth,False,TRAPPIST-1e,34.0,False,223.0,0.0,13.0,514.0,41.0,False,E,P,791.0
Earth,False,TRAPPIST-1e,23.0,False,16.0,687.0,1.0,1.0,0.0,True,G,S,705.0
Earth,False,TRAPPIST-1e,51.0,False,0.0,0.0,207.0,347.0,262.0,False,G,P,816.0
Earth,True,PSO J318.5-22,63.0,False,0.0,0.0,0.0,0.0,0.0,True,G,S,0.0
Earth,False,TRAPPIST-1e,42.0,False,84.0,392.0,300.0,0.0,0.0,True,F,S,776.0
Earth,False,55 Cancri e,19.0,False,0.0,716.0,0.0,0.0,0.0,True,F,S,716.0
Earth,True,TRAPPIST-1e,5.0,False,0.0,0.0,0.0,0.0,0.0,True,G,S,0.0
Earth,True,55 Cancri e,2.0,False,0.0,0.0,0.0,0.0,0.0,True,G,S,0.0
Earth,True,TRAPPIST-1e,15.0,False,0.0,0.0,0.0,0.0,0.0,True,G,S,0.0
Europa,False,TRAPPIST-1e,36.0,False,0.0,6.0,0.0,1.0,1407.0,False,D,P,1414.0
Earth,False,TRAPPIST-1e,32.0,False,0.0,0.0,39.0,0.0,749.0,False,E,S,788.0
Earth,False,TRAPPIST-1e,19.0,False,2.0,3.0,450.0,204.0,0.0,True,E,S,659.0
Europa,False,55 Cancri e,26.0,False,0.0,2427.0,15.0,5.0,0.0,True,A,P,2447.0
Earth,False,TRAPPIST-1e,33.0,False,48.0,94.0,756.0,308.0,0.0,False,F,P,1206.0
Earth,True,TRAPPIST-1e,38.0,False,0.0,0.0,0.0,0.0,0.0,True,G,P,0.0
Earth,False,TRAPPIST-1e,22.0,False,0.0,0.0,859.0,62.0,0.0,False,F,P,921.0
Earth,False,TRAPPIST-1e,32.0,False,0.0,0.0,0.0,0.0,0.0,False,G,P,0.0
Mars,True,55 Cancri e,30.0,False,0.0,0.0,0.0,0.0,0.0,True,F,S,0.0
Earth,False,TRAPPIST-1e,51.0,False,152.0,55.0,25.0,74.0,289.0,False,F,P,595.0
Europa,False,TRAPPIST-1e,29.0,False,0.0,1644.0,0.0,0.0,3780.0,False,B,S,5424.0
Europa,False,TRAPPIST-1e,16.0,False,0.0,2002.0,0.0,96.0,69.0,True,B,S,2167.0
Europa,False,TRAPPIST-1e,32.0,False,0.0,0.0,0.0,241.0,4757.0,False,B,S,4998.0
Europa,False,55 Cancri e,24.0,False,0.0,2421.0,0.0,725.0,2300.0,False,B,P,5446.0
Europa,False,TRAPPIST-1e,23.0,False,0.0,109.0,0.0,4810.0,25.0,False,B,P,4944.0
Europa,True,55 Cancri e,46.0,False,0.0,0.0,0.0,0.0,0.0,True,B,P,0.0
Europa,False,55 Cancri e,49.0,False,0.0,1264.0,0.0,5474.0,104.0,False,B,P,6842.0
Europa,True,TRAPPIST-1e,17.0,False,0.0,0.0,0.0,0.0,0.0,True,B,P,0.0
Europa,False,55 Cancri e,35.0,False,4.0,3857.0,324.0,899.0,375.0,False,B,P,5459.0
Europa,False,55 Cancri e,43.0,False,0.0,1706.0,0.0,274.0,2056.0,False,B,P,4036.0
Earth,False,TRAPPIST-1e,20.0,False,149.0,25.0,559.0,21.0,33.0,True,E,P,787.0
Europa,True,55 Cancri e,24.0,False,0.0,0.0,0.0,0.0,0.0,True,B,S,0.0
Europa,False,TRAPPIST-1e,28.0,False,0.0,1014.0,0.0,2463.0,517.0,False,B,S,3994.0
Europa,True,55 Cancri e,19.0,False,0.0,0.0,0.0,0.0,0.0,True,B,S,0.0
Europa,False,55 Cancri e,39.0,False,0.0,0.0,0.0,1854.0,171.0,False,A,P,2025.0
Mars,False,TRAPPIST-1e,34.0,False,1547.0,485.0,97.0,59.0,0.0,False,F,S,2188.0
Earth,False,TRAPPIST-1e,29.0,False,89.0,1725.0,270.12864211105006,0.0,3.0,True,G,P,2087.12864211105
Earth,False,55 Cancri e,14.0,False,0.0,0.0,52.0,0.0,476.35311409149364,True,E,S,528.3531140914936
Earth,True,TRAPPIST-1e,27.0,False,0.0,0.0,0.0,0.0,0.0,True,G,S,0.0
Earth,False,TRAPPIST-1e,30.0,False,628.0,0.0,544.0,0.0,126.0,False,E,S,1298.0
Earth,False,TRAPPIST-1e,27.0,False,72.0,914.0,0.0,0.0,7.0,True,E,S,993.0
Earth,True,PSO J318.5-22,32.0,False,0.0,0.0,0.0,0.0,0.0,True,G,S,0.0
Earth,True,TRAPPIST-1e,7.0,False,0.0,0.0,0.0,0.0,0.0,True,G,S,0.0
Earth,True,55 Cancri e,34.0,False,0.0,0.0,0.0,0.0,0.0,True,G,S,0.0
Earth,False,PSO J318.5-22,47.0,False,163.0,2.0,11.0,593.0,0.0,True,G,S,769.0
Mars,False,TRAPPIST-1e,19.0,False,300.0,5.0,642.0,0.0,0.0,False,E,S,947.0
Europa,True,TRAPPIST-1e,52.0,False,0.0,0.0,0.0,0.0,0.0,True,E,S,0.0
Mars,False,TRAPPIST-1e,19.0,False,758.0,425.0,0.0,0.0,0.0,False,D,S,1183.0
Mars,True,TRAPPIST-1e,18.0,False,0.0,0.0,0.0,0.0,0.0,True,F,S,0.0
Earth,False,TRAPPIST-1e,32.0,False,350.53903958944284,5.0,0.0,64.0,0.0,False,E,P,419.53903958944284
Earth,False,55 Cancri e,21.0,False,423.0,0.0,172.0,0.0,476.35311409149364,False,F,S,1071.3531140914936
Mars,True,55 Cancri e,22.0,False,0.0,0.0,0.0,0.0,0.0,True,F,S,0.0
Mars,False,TRAPPIST-1e,13.0,False,157.0,0.0,1199.0,0.0,14.0,False,E,S,1370.0
Mars,False,TRAPPIST-1e,25.0,False,2093.0,0.0,6.0,0.0,0.0,False,E,S,2099.0
Mars,False,TRAPPIST-1e,33.0,False,836.0,0.0,155.0,31.0,0.0,False,E,S,1022.0
Mars,False,TRAPPIST-1e,27.0,False,1379.0,0.0,414.0,0.0,805.0,False,F,S,2598.0
Earth,False,TRAPPIST-1e,21.0,False,12.0,0.0,0.0,1658.0,0.0,False,E,P,1670.0
Europa,True,55 Cancri e,17.0,False,0.0,0.0,0.0,0.0,0.0,True,B,P,0.0
Europa,True,55 Cancri e,15.0,False,0.0,0.0,0.0,0.0,0.0,True,B,P,0.0
Europa,False,55 Cancri e,58.0,True,2.0,3862.0,0.0,1482.0,73.0,False,B,P,5419.0
Europa,False,TRAPPIST-1e,29.0,False,1.0,2809.0,97.0,61.0,1227.0,False,D,S,4195.0
Europa,True,TRAPPIST-1e,34.0,False,0.0,0.0,0.0,0.0,0.0,True,D,S,0.0
Europa,False,TRAPPIST-1e,28.0,False,0.0,4780.0,1761.0,1.0,247.0,True,C,S,6789.0
Europa,False,TRAPPIST-1e,29.0,False,3215.0,1211.0,4.0,7.0,417.0,True,C,S,4854.0
Europa,True,55 Cancri e,25.0,False,0.0,0.0,0.0,0.0,0.0,True,C,S,0.0
Mars,False,55 Cancri e,23.0,False,112.0,1184.0,143.0,2.0,585.0,False,F,P,2026.0
Earth,False,TRAPPIST-1e,22.0,False,0.0,40.0,689.0,0.0,79.0,True,G,P,808.0
Earth,True,55 Cancri e,38.0,False,0.0,0.0,0.0,0.0,0.0,True,G,P,0.0
Earth,False,TRAPPIST-1e,38.0,False,0.0,784.0,0.0,0.0,0.0,True,G,P,784.0
Earth,False,TRAPPIST-1e,0.0,False,0.0,0.0,0.0,0.0,0.0,False,G,P,0.0
Earth,False,TRAPPIST-1e,27.0,False,17.0,0.0,0.0,49.0,867.0,False,F,P,933.0
Earth,True,TRAPPIST-1e,0.0,False,0.0,0.0,0.0,0.0,0.0,True,G,S,0.0
Earth,False,55 Cancri e,37.0,False,0.0,698.0,0.0,485.74408365437534,6.0,False,F,S,1189.7440836543753
Earth,False,TRAPPIST-1e,2.0,False,0.0,0.0,0.0,0.0,0.0,True,G,S,0.0
Europa,True,55 Cancri e,40.0,False,0.0,0.0,0.0,0.0,0.0,True,B,S,0.0
Mars,False,TRAPPIST-1e,47.0,False,448.0,0.0,891.0,0.0,235.0,False,F,P,1574.0
Earth,False,TRAPPIST-1e,34.0,False,0.0,11.0,610.0,591.0,769.0,True,F,S,1981.0
Mars,False,TRAPPIST-1e,43.0,False,1086.0,4.0,202.0,401.0,0.0,False,F,S,1693.0
Mars,True,55 Cancri e,21.0,False,0.0,0.0,0.0,0.0,0.0,True,D,P,0.0
Europa,True,55 Cancri e,43.0,False,0.0,0.0,0.0,0.0,0.0,True,E,P,0.0
Mars,False,TRAPPIST-1e,33.0,False,3090.0,0.0,808.0,0.0,0.0,False,D,S,3898.0
Europa,False,TRAPPIST-1e,28.0,False,0.0,0.0,0.0,0.0,0.0,True,B,S,0.0
Europa,False,55 Cancri e,57.0,False,200.0,9.0,0.0,485.74408365437534,24133.0,False,B,S,24827.744083654376
Europa,False,TRAPPIST-1e,27.0,False,0.0,0.0,0.0,0.0,0.0,True,B,S,0.0
Europa,False,TRAPPIST-1e,46.0,False,0.0,3259.0,761.0,4423.0,0.0,False,B,S,8443.0
Europa,False,55 Cancri e,19.0,False,0.0,714.4862536656891,0.0,2.0,9.0,True,C,S,725.4862536656891
Mars,False,TRAPPIST-1e,27.0,False,441.0,0.0,397.0,471.0,0.0,False,F,S,1309.0
Earth,False,TRAPPIST-1e,2.0,False,0.0,0.0,0.0,0.0,0.0,True,F,S,0.0
Mars,False,TRAPPIST-1e,0.0,False,0.0,0.0,0.0,0.0,0.0,True,F,S,0.0
Mars,False,TRAPPIST-1e,25.0,True,1442.0,0.0,0.0,0.0,13.0,False,F,P,1455.0
Mars,True,TRAPPIST-1e,47.0,False,0.0,0.0,0.0,0.0,0.0,True,F,P,0.0
Mars,False,PSO J318.5-22,38.0,False,1208.0,0.0,13.0,38.0,0.0,True,D,P,1259.0
Mars,False,TRAPPIST-1e,24.0,False,555.0,0.0,618.0,0.0,0.0,False,E,P,1173.0
Earth,False,TRAPPIST-1e,24.0,False,276.0,0.0,0.0,0.0,489.0,True,F,P,765.0
Europa,True,TRAPPIST-1e,25.0,False,0.0,0.0,0.0,0.0,0.0,True,D,P,0.0
Earth,False,TRAPPIST-1e,29.0,False,0.0,5.0,6.0,0.0,476.35311409149364,True,G,S,487.35311409149364
Mars,False,55 Cancri e,44.0,False,2956.0,0.0,10.0,12.0,692.0,False,F,P,3670.0
Earth,False,TRAPPIST-1e,20.0,False,0.0,0.0,270.12864211105006,703.0,0.0,False,F,S,973.1286421110501
Earth,True,TRAPPIST-1e,23.0,False,0.0,0.0,0.0,0.0,0.0,True,G,S,0.0
Europa,False,55 Cancri e,26.0,False,0.0,9641.0,51.0,224.0,2428.0,True,C,S,12344.0
Earth,True,PSO J318.5-22,20.0,False,0.0,0.0,0.0,0.0,0.0,True,G,S,0.0
Mars,True,TRAPPIST-1e,27.0,False,0.0,0.0,0.0,0.0,0.0,True,E,S,0.0
Earth,False,55 Cancri e,23.0,False,94.0,132.0,0.0,967.0,5.0,False,F,P,1198.0
Earth,True,PSO J318.5-22,33.0,False,0.0,0.0,0.0,0.0,0.0,True,G,P,0.0
Earth,False,TRAPPIST-1e,30.0,False,477.0,0.0,8.0,0.0,323.0,True,G,S,808.0
Earth,False,TRAPPIST-1e,32.0,False,0.0,104.0,2.0,0.0,801.0,True,G,P,907.0
Mars,False,TRAPPIST-1e,19.0,False,781.0,0.0,295.0,613.0,0.0,False,F,S,1689.0
Mars,False,TRAPPIST-1e,41.0,False,1.0,0.0,808.0,0.0,0.0,False,D,P,809.0
Earth,True,TRAPPIST-1e,50.0,False,0.0,0.0,0.0,0.0,0.0,False,G,P,0.0
Earth,False,TRAPPIST-1e,36.0,False,9.0,247.0,0.0,482.0,16.0,False,G,P,754.0
Mars,True,TRAPPIST-1e,21.0,False,0.0,0.0,0.0,0.0,0.0,True,F,S,0.0
Europa,False,55 Cancri e,45.0,True,1017.0,3863.0,0.0,601.0,3999.0,False,D,P,9480.0
Europa,True,55 Cancri e,26.0,False,0.0,0.0,0.0,0.0,0.0,True,D,P,0.0
Earth,True,TRAPPIST-1e,44.0,False,0.0,0.0,0.0,0.0,0.0,True,G,P,0.0
Earth,False,PSO J318.5-22,24.0,False,0.0,73.0,617.0,0.0,0.0,True,F,P,690.0
Earth,True,55 Cancri e,15.0,False,0.0,0.0,0.0,0.0,0.0,True,G,S,0.0
Earth,False,TRAPPIST-1e,58.0,False,0.0,0.0,0.0,1989.0,18.0,False,F,P,2007.0
Earth,False,TRAPPIST-1e,13.0,False,28.0,396.0,367.0,0.0,0.0,False,E,S,791.0
Europa,True,TRAPPIST-1e,19.0,False,0.0,0.0,0.0,0.0,0.0,True,B,S,0.0
Europa,False,55 Cancri e,25.0,False,140.0,4451.0,0.0,0.0,2050.0,True,B,S,6641.0
Earth,False,TRAPPIST-1e,24.0,False,718.0,0.0,265.0,302.0,384.0,False,E,P,1669.0
Earth,False,TRAPPIST-1e,20.0,False,3.0,0.0,0.0,806.0,0.0,False,G,P,809.0
Mars,True,TRAPPIST-1e,34.0,False,0.0,0.0,0.0,0.0,0.0,True,F,S,0.0
Mars,True,TRAPPIST-1e,13.0,False,0.0,0.0,0.0,0.0,0.0,True,F,S,0.0
Earth,False,TRAPPIST-1e,27.0,False,0.0,839.0,0.0,36.0,5.0,True,F,S,880.0
Earth,True,55 Cancri e,39.0,False,0.0,0.0,0.0,0.0,0.0,False,G,P,0.0
Earth,True,TRAPPIST-1e,0.0,False,0.0,0.0,0.0,0.0,0.0,False,G,P,0.0
Earth,False,TRAPPIST-1e,10.0,False,0.0,0.0,0.0,0.0,0.0,False,G,P,0.0
Earth,True,TRAPPIST-1e,9.0,False,0.0,0.0,0.0,0.0,0.0,False,G,P,0.0
Earth,False,55 Cancri e,34.0,False,0.0,968.0,273.0,485.74408365437534,283.0,False,F,P,2009.7440836543753
Earth,False,TRAPPIST-1e,11.0,False,0.0,0.0,0.0,0.0,0.0,False,G,P,0.0
Earth,True,TRAPPIST-1e,0.0,False,0.0,0.0,0.0,0.0,0.0,False,G,P,0.0
Earth,False,TRAPPIST-1e,24.0,False,0.0,0.0,0.0,14.0,631.0,False,F,P,645.0
Earth,True,PSO J318.5-22,16.0,False,0.0,0.0,0.0,0.0,0.0,True,G,P,0.0
Earth,False,TRAPPIST-1e,42.0,False,0.0,420.0,0.0,1.0,175.0,False,F,P,596.0
Mars,False,TRAPPIST-1e,41.0,False,982.0,64.0,380.0,0.0,0.0,True,F,P,1426.0
Europa,False,TRAPPIST-1e,36.0,False,0.0,1828.0,9058.0,1.0,2.0,True,B,S,10889.0
Europa,False,55 Cancri e,27.0,False,0.0,1801.0,0.0,304.0,1393.0,False,A,P,3498.0
Europa,False,TRAPPIST-1e,32.0,True,0.0,792.0,0.0,1.0,1335.0,False,A,P,2128.0
Europa,False,55 Cancri e,11.0,False,0.0,0.0,0.0,0.0,0.0,True,A,P,0.0
Europa,False,TRAPPIST-1e,26.0,True,0.0,3638.0,0.0,1043.0,0.0,True,F,S,4681.0
Europa,False,TRAPPIST-1e,28.0,False,0.0,6921.0,0.0,29.0,45.0,True,A,P,6995.0
Earth,False,TRAPPIST-1e,25.0,False,0.0,30.0,20.0,0.0,941.0,False,E,S,991.0
Earth,False,TRAPPIST-1e,5.0,False,0.0,0.0,0.0,0.0,0.0,True,G,S,0.0
Earth,True,TRAPPIST-1e,27.0,False,0.0,0.0,0.0,0.0,0.0,True,G,S,0.0
Earth,False,TRAPPIST-1e,13.0,False,852.0,147.0,7.0,0.0,1.0,True,G,S,1007.0
Earth,False,TRAPPIST-1e,30.0,False,0.0,0.0,47.0,703.0,4.0,True,G,S,754.0
Earth,True,TRAPPIST-1e,15.0,False,0.0,0.0,0.0,0.0,0.0,True,G,S,0.0
Earth,True,TRAPPIST-1e,0.0,False,0.0,0.0,0.0,0.0,0.0,True,G,S,0.0
Earth,False,TRAPPIST-1e,49.0,False,0.0,714.4862536656891,0.0,0.0,0.0,True,G,S,714.4862536656891
Earth,False,TRAPPIST-1e,52.0,False,0.0,645.0,0.0,0.0,395.0,True,F,S,1040.0
Earth,True,TRAPPIST-1e,15.0,False,0.0,0.0,0.0,0.0,0.0,True,G,S,0.0
Earth,False,TRAPPIST-1e,40.0,False,521.0,4.0,53.0,70.0,141.0,False,E,S,789.0
Earth,True,55 Cancri e,0.0,False,0.0,0.0,0.0,0.0,0.0,True,G,S,0.0
Mars,False,TRAPPIST-1e,32.0,False,158.0,0.0,139.0,752.0,0.0,False,E,P,1049.0
Mars,True,55 Cancri e,15.0,False,0.0,0.0,0.0,0.0,0.0,True,F,P,0.0
Mars,False,PSO J318.5-22,26.0,False,2042.0,0.0,2387.0,10.0,0.0,True,E,P,4439.0
Mars,True,PSO J318.5-22,31.0,False,0.0,0.0,0.0,0.0,0.0,False,E,P,0.0
Mars,False,TRAPPIST-1e,8.0,False,0.0,0.0,0.0,0.0,0.0,True,E,P,0.0
Earth,False,TRAPPIST-1e,18.0,False,0.0,0.0,0.0,1.0,827.0,True,E,P,828.0
Earth,True,TRAPPIST-1e,3.0,False,0.0,0.0,0.0,0.0,0.0,False,G,P,0.0
Europa,False,TRAPPIST-1e,44.0,False,0.0,1289.0,1224.0,514.0,1674.0,True,C,S,4701.0
Earth,False,TRAPPIST-1e,15.0,False,0.0,677.0,0.0,179.0,3186.0,True,C,S,4042.0
Europa,False,TRAPPIST-1e,27.0,False,0.0,1857.0,0.0,778.0,587.0,True,C,S,3222.0
Mars,False,TRAPPIST-1e,22.0,False,2413.0,0.0,53.0,1.0,0.0,False,F,S,2467.0
Earth,True,TRAPPIST-1e,2.0,False,0.0,0.0,0.0,0.0,0.0,True,G,S,0.0
Earth,False,TRAPPIST-1e,32.0,False,3.0,0.0,0.0,0.0,757.0,False,F,S,760.0
Earth,False,TRAPPIST-1e,16.0,False,805.0,4.0,0.0,0.0,0.0,True,G,S,809.0
Mars,False,TRAPPIST-1e,34.0,False,419.0,0.0,15.0,0.0,0.0,False,F,P,434.0
Mars,False,TRAPPIST-1e,32.0,False,1946.0,0.0,653.0,0.0,0.0,False,F,P,2599.0
Earth,False,TRAPPIST-1e,28.0,False,0.0,292.0,1039.0,1.0,489.0,False,G,P,1821.0
Europa,False,TRAPPIST-1e,27.0,False,0.0,21.0,0.0,8126.0,4.0,False,B,S,8151.0
Earth,False,PSO J318.5-22,35.0,False,508.0,0.0,0.0,57.0,243.0,True,G,S,808.0
Mars,True,TRAPPIST-1e,25.0,False,0.0,0.0,0.0,0.0,0.0,False,F,S,0.0
Earth,False,TRAPPIST-1e,24.0,False,178.0,0.0,235.0,0.0,396.0,True,G,S,809.0
Earth,True,TRAPPIST-1e,61.0,False,0.0,0.0,0.0,0.0,0.0,False,G,P,0.0
Mars,True,TRAPPIST-1e,28.0,False,0.0,0.0,0.0,0.0,0.0,True,F,S,0.0
Europa,False,PSO J318.5-22,29.0,True,3.0,1849.0,0.0,3104.0,1652.0,False,C,P,6608.0
Europa,True,TRAPPIST-1e,41.0,False,0.0,0.0,0.0,0.0,0.0,True,C,P,0.0
Europa,False,TRAPPIST-1e,20.0,False,1883.0,0.0,270.12864211105006,8810.0,0.0,False,C,P,10963.128642111049
Mars,False,55 Cancri e,18.0,False,2904.0,5.0,50.0,0.0,9.0,False,F,P,2968.0
Earth,False,TRAPPIST-1e,28.0,False,8.0,0.0,3949.0,0.0,9.0,True,G,P,3966.0
Earth,False,TRAPPIST-1e,18.0,False,33.0,0.0,455.0,167.0,48.0,True,F,S,703.0
Mars,False,TRAPPIST-1e,33.0,False,301.0,0.0,501.0,0.0,1013.0,False,F,P,1815.0
Mars,False,TRAPPIST-1e,35.0,False,0.0,0.0,0.0,0.0,0.0,False,E,P,0.0
Europa,False,55 Cancri e,68.0,False,125.0,13437.0,0.0,22408.0,17.0,False,C,P,35987.0
Earth,False,TRAPPIST-1e,19.0,False,3.0,785.0,0.0,0.0,0.0,True,E,S,788.0
Europa,False,TRAPPIST-1e,33.0,False,0.0,357.0,2366.0,1612.0,2137.0,False,C,S,6472.0
Europa,False,55 Cancri e,55.0,False,8142.0,8.0,0.0,1481.0,0.0,False,C,S,9631.0
Europa,True,TRAPPIST-1e,15.0,False,0.0,0.0,0.0,0.0,0.0,True,C,S,0.0
Earth,False,TRAPPIST-1e,23.0,False,0.0,0.0,0.0,44.0,1721.0,False,G,P,1765.0
Earth,False,TRAPPIST-1e,23.0,False,0.0,723.0,1.0,0.0,0.0,True,F,S,724.0
Mars,False,55 Cancri e,15.0,False,3811.0,0.0,109.0,236.0,0.0,False,D,S,4156.0
Mars,False,TRAPPIST-1e,49.0,False,2209.0,42.0,109.0,23.0,0.0,False,D,S,2383.0
Earth,False,TRAPPIST-1e,33.0,False,41.0,417.0,0.0,42.0,308.0,True,G,S,808.0
Mars,True,55 Cancri e,26.0,False,0.0,0.0,0.0,0.0,0.0,True,F,S,0.0
Europa,True,TRAPPIST-1e,26.0,False,0.0,0.0,0.0,0.0,0.0,True,B,P,0.0
Earth,False,TRAPPIST-1e,18.0,False,14.0,2.0,144.0,610.0,0.0,True,G,S,770.0
Earth,True,TRAPPIST-1e,17.0,False,0.0,0.0,0.0,0.0,0.0,True,G,P,0.0
Earth,False,TRAPPIST-1e,39.0,False,657.0,225.0,0.0,485.74408365437534,0.0,True,G,S,1367.7440836543753
Earth,False,TRAPPIST-1e,8.0,False,0.0,0.0,0.0,0.0,0.0,False,G,P,0.0
Earth,False,TRAPPIST-1e,46.0,False,0.0,0.0,868.0,0.0,3.0,True,F,P,871.0
Europa,False,55 Cancri e,32.0,False,0.0,4176.0,0.0,183.0,6.0,True,A,S,4365.0
Earth,False,TRAPPIST-1e,19.0,False,605.0,0.0,24.0,1.0,86.0,False,F,S,716.0
Mars,True,TRAPPIST-1e,36.0,False,0.0,0.0,0.0,0.0,0.0,True,F,P,0.0
Earth,True,TRAPPIST-1e,28.0,False,0.0,0.0,0.0,0.0,0.0,True,G,P,0.0
Earth,False,TRAPPIST-1e,39.0,False,0.0,29.0,291.0,13.0,527.0,False,F,P,860.0
Earth,False,TRAPPIST-1e,16.0,False,0.0,0.0,641.0,33.0,29.0,True,F,S,703.0
Earth,True,PSO J318.5-22,7.0,False,0.0,0.0,0.0,0.0,0.0,True,G,S,0.0
Earth,False,TRAPPIST-1e,1.0,False,0.0,0.0,0.0,0.0,0.0,True,G,S,0.0
Europa,True,55 Cancri e,30.0,False,0.0,0.0,0.0,0.0,0.0,True,C,S,0.0
Europa,True,55 Cancri e,44.0,False,0.0,0.0,0.0,0.0,0.0,True,C,S,0.0
Europa,True,55 Cancri e,28.0,False,0.0,0.0,0.0,0.0,0.0,True,C,S,0.0
Mars,False,TRAPPIST-1e,29.0,False,3564.0,0.0,802.0,0.0,0.0,False,D,P,4366.0
Mars,False,TRAPPIST-1e,41.0,False,239.0,1.0,1048.0,0.0,0.0,True,F,S,1288.0
Mars,False,TRAPPIST-1e,13.0,False,1119.0,11.0,1326.0,0.0,0.0,True,F,S,2456.0
Mars,False,TRAPPIST-1e,18.0,False,4397.0,610.0,1437.0,4.0,0.0,False,F,S,6448.0
Earth,False,55 Cancri e,27.0,False,0.0,0.0,0.0,2725.0,73.0,False,F,S,2798.0
Earth,True,TRAPPIST-1e,26.0,False,0.0,0.0,0.0,0.0,0.0,True,G,S,0.0
Earth,False,55 Cancri e,24.0,False,13.0,0.0,2.0,673.0,3.0,False,F,P,691.0
Earth,False,PSO J318.5-22,26.0,False,104.0,0.0,0.0,280.0,216.0,False,F,S,600.0
Earth,True,PSO J318.5-22,27.0,False,0.0,0.0,0.0,0.0,0.0,True,G,P,0.0
Europa,False,TRAPPIST-1e,58.0,False,0.0,1012.0,0.0,1120.0,20.0,False,E,S,2152.0
Europa,True,55 Cancri e,54.0,False,0.0,0.0,0.0,0.0,0.0,True,C,S,0.0
Earth,False,55 Cancri e,18.0,False,0.0,0.0,0.0,63.0,525.0,True,F,P,588.0
Earth,False,TRAPPIST-1e,13.0,False,206.0,28.0,0.0,1.0,629.0,False,F,S,864.0
Europa,False,TRAPPIST-1e,13.0,False,0.0,9.0,0.0,485.74408365437534,5648.0,False,C,P,6142.744083654376
Europa,True,TRAPPIST-1e,28.0,False,0.0,0.0,0.0,0.0,0.0,True,C,P,0.0
Earth,False,55 Cancri e,57.0,False,0.0,0.0,0.0,0.0,642.0,True,E,P,642.0
Europa,True,TRAPPIST-1e,32.0,False,0.0,0.0,0.0,0.0,0.0,True,A,P,0.0
Europa,False,TRAPPIST-1e,32.0,False,0.0,0.0,0.0,4588.0,0.0,False,A,P,4588.0
Europa,True,55 Cancri e,21.0,False,0.0,0.0,0.0,0.0,0.0,True,F,S,0.0
Europa,True,55 Cancri e,34.0,False,0.0,0.0,0.0,0.0,0.0,True,A,P,0.0
Europa,False,TRAPPIST-1e,33.0,False,0.0,2110.0,0.0,773.0,10.0,True,A,P,2893.0
Mars,True,TRAPPIST-1e,36.0,False,0.0,0.0,0.0,0.0,0.0,True,F,P,0.0
Mars,False,TRAPPIST-1e,50.0,False,513.0,0.0,0.0,764.0,21.0,False,E,P,1298.0
Mars,False,TRAPPIST-1e,28.0,False,828.0,0.0,72.0,6.0,0.0,False,F,S,906.0
Europa,False,TRAPPIST-1e,56.0,False,679.0,1126.0,0.0,33.0,3230.0,False,B,S,5068.0
Mars,False,55 Cancri e,42.0,False,1156.0,0.0,1.0,305.0,0.0,False,F,P,1462.0
Mars,True,TRAPPIST-1e,39.0,False,0.0,0.0,0.0,0.0,0.0,False,E,P,0.0
Earth,False,PSO J318.5-22,13.0,False,0.0,1180.0,0.0,485.74408365437534,0.0,True,F,S,1665.7440836543753
Europa,False,TRAPPIST-1e,28.0,False,0.0,4585.0,0.0,2.0,35.0,True,C,S,4622.0
Europa,False,TRAPPIST-1e,55.0,False,916.0,1056.0,0.0,1677.0,593.0,False,C,S,4242.0
Earth,False,55 Cancri e,36.0,False,0.0,0.0,700.0,0.0,0.0,True,F,P,700.0
Mars,True,TRAPPIST-1e,27.0,False,0.0,0.0,0.0,0.0,0.0,True,F,P,0.0
Earth,False,PSO J318.5-22,37.0,False,0.0,0.0,834.0,0.0,8.0,True,G,P,842.0
Europa,True,55 Cancri e,50.0,False,0.0,0.0,0.0,0.0,0.0,True,C,P,0.0
Europa,False,TRAPPIST-1e,27.0,False,551.0,1436.0,0.0,462.0,309.0,False,E,S,2758.0
Earth,True,TRAPPIST-1e,23.0,False,0.0,0.0,0.0,0.0,0.0,False,G,P,0.0
Earth,False,TRAPPIST-1e,16.0,False,7.0,0.0,311.0,0.0,683.0,False,F,P,1001.0
Europa,False,55 Cancri e,33.0,True,0.0,3095.0,0.0,197.0,40.0,True,C,P,3332.0
Mars,True,TRAPPIST-1e,46.0,False,0.0,0.0,0.0,0.0,0.0,True,F,S,0.0
Earth,True,PSO J318.5-22,26.0,False,0.0,0.0,0.0,0.0,0.0,True,G,S,0.0
Earth,False,TRAPPIST-1e,24.0,False,270.0,0.0,534.0,0.0,0.0,False,F,P,804.0
Earth,False,TRAPPIST-1e,26.0,False,0.0,0.0,0.0,213.0,1078.0,False,F,S,1291.0
Earth,False,TRAPPIST-1e,2.0,False,0.0,0.0,0.0,0.0,0.0,True,G,S,0.0
Earth,False,TRAPPIST-1e,33.0,False,457.0,0.0,0.0,0.0,445.0,False,F,S,902.0
Earth,True,TRAPPIST-1e,32.0,False,0.0,0.0,0.0,0.0,0.0,True,G,S,0.0
Earth,True,TRAPPIST-1e,3.0,False,0.0,0.0,0.0,0.0,0.0,True,G,S,0.0
Earth,True,TRAPPIST-1e,2.0,False,0.0,0.0,0.0,0.0,0.0,True,G,S,0.0
Earth,False,TRAPPIST-1e,6.0,False,0.0,0.0,0.0,0.0,0.0,True,G,S,0.0
Mars,False,TRAPPIST-1e,27.0,False,236.0,699.0,332.0,31.0,0.0,True,E,S,1298.0
Europa,False,TRAPPIST-1e,0.0,False,0.0,0.0,270.12864211105006,0.0,0.0,True,C,S,270.12864211105006
Europa,True,TRAPPIST-1e,4.0,False,0.0,0.0,0.0,0.0,0.0,True,C,S,0.0
Europa,False,TRAPPIST-1e,58.0,False,0.0,1073.0,270.12864211105006,803.0,988.0,True,C,S,3134.12864211105
Europa,True,TRAPPIST-1e,22.0,False,0.0,0.0,0.0,0.0,0.0,True,C,S,0.0
Europa,True,55 Cancri e,51.0,False,0.0,0.0,0.0,0.0,0.0,True,C,S,0.0
Europa,True,55 Cancri e,37.0,False,0.0,0.0,0.0,0.0,0.0,True,C,S,0.0
Earth,False,PSO J318.5-22,17.0,False,0.0,20.0,0.0,14.0,884.0,False,F,S,918.0
Earth,False,TRAPPIST-1e,21.0,False,28.0,0.0,0.0,662.0,0.0,False,F,S,690.0
Earth,False,TRAPPIST-1e,27.0,False,3.0,791.0,0.0,362.0,0.0,True,F,S,1156.0
Europa,False,55 Cancri e,27.0,False,3478.0,10.0,0.0,105.0,2383.0,False,C,S,5976.0
Europa,False,TRAPPIST-1e,31.0,False,0.0,0.0,0.0,0.0,0.0,False,B,P,0.0
Mars,True,TRAPPIST-1e,43.0,False,0.0,0.0,0.0,0.0,0.0,True,F,S,0.0
Mars,True,TRAPPIST-1e,27.0,False,0.0,0.0,0.0,0.0,0.0,True,F,S,0.0
Earth,False,TRAPPIST-1e,15.0,False,1682.0,103.0,0.0,0.0,3.0,True,G,S,1788.0
Earth,False,TRAPPIST-1e,18.0,False,0.0,784.0,8.0,11.0,0.0,True,F,S,803.0
Europa,True,TRAPPIST-1e,33.0,False,0.0,0.0,0.0,0.0,0.0,True,B,S,0.0
Europa,False,TRAPPIST-1e,31.0,False,0.0,53.0,0.0,2963.0,1017.0,False,B,S,4033.0
Europa,True,55 Cancri e,41.0,False,0.0,0.0,0.0,0.0,0.0,True,B,S,0.0
Earth,False,TRAPPIST-1e,22.0,False,1.0,0.0,10.0,625.0,0.0,False,F,S,636.0
Earth,False,TRAPPIST-1e,40.0,False,0.0,1.0,0.0,888.0,80.0,False,F,S,969.0
Mars,False,TRAPPIST-1e,49.0,False,460.0,86.0,92.0,659.0,0.0,False,E,S,1297.0
Earth,True,PSO J318.5-22,14.0,False,0.0,0.0,0.0,0.0,0.0,True,G,S,0.0
Earth,False,55 Cancri e,22.0,False,0.0,0.0,1.0,575.0,0.0,False,F,S,576.0
Earth,False,TRAPPIST-1e,22.0,False,0.0,32.0,33.0,429.0,1174.0,False,E,S,1668.0
Earth,False,TRAPPIST-1e,25.0,False,980.0,0.0,3.0,0.0,0.0,False,E,P,983.0
Earth,True,PSO J318.5-22,42.0,False,0.0,0.0,0.0,0.0,0.0,True,G,S,0.0
Earth,True,PSO J318.5-22,16.0,False,0.0,0.0,0.0,0.0,0.0,True,G,S,0.0
Earth,False,55 Cancri e,12.0,False,0.0,0.0,0.0,0.0,0.0,True,G,S,0.0
Earth,False,TRAPPIST-1e,18.0,False,382.0,10.0,291.0,90.0,9.0,True,G,S,782.0
Earth,False,TRAPPIST-1e,33.0,False,0.0,2.0,270.12864211105006,0.0,807.0,False,G,P,1079.12864211105
Earth,False,TRAPPIST-1e,14.0,False,5.0,0.0,479.0,297.0,9.0,False,E,S,790.0
Earth,True,TRAPPIST-1e,36.0,False,0.0,0.0,0.0,0.0,0.0,True,G,S,0.0
Europa,True,TRAPPIST-1e,23.0,False,0.0,0.0,0.0,0.0,0.0,True,B,P,0.0
Earth,False,55 Cancri e,24.0,False,0.0,479.0,116.0,1.0,37.0,False,F,P,633.0
Earth,True,PSO J318.5-22,4.0,False,0.0,0.0,0.0,0.0,0.0,True,G,P,0.0
Earth,True,TRAPPIST-1e,27.0,False,0.0,0.0,0.0,0.0,0.0,False,G,P,0.0
Earth,False,TRAPPIST-1e,18.0,False,628.0,0.0,0.0,31.0,150.0,False,G,P,809.0
Earth,True,TRAPPIST-1e,21.0,False,0.0,0.0,0.0,0.0,0.0,True,G,P,0.0
Earth,False,TRAPPIST-1e,27.0,False,12.0,0.0,0.0,873.0,0.0,False,G,P,885.0
Mars,True,TRAPPIST-1e,34.0,False,0.0,0.0,0.0,0.0,0.0,True,F,P,0.0
Earth,True,PSO J318.5-22,28.0,False,0.0,0.0,0.0,0.0,0.0,False,G,P,0.0
Europa,True,TRAPPIST-1e,35.0,False,0.0,0.0,0.0,0.0,0.0,True,B,P,0.0
Earth,True,PSO J318.5-22,16.0,False,0.0,0.0,0.0,0.0,0.0,True,G,S,0.0
Europa,False,TRAPPIST-1e,36.0,False,0.0,2624.0,1657.0,2799.0,1.0,False,C,P,7081.0
Earth,True,TRAPPIST-1e,30.0,False,0.0,0.0,0.0,0.0,0.0,False,G,P,0.0
Earth,True,PSO J318.5-22,4.0,False,0.0,0.0,0.0,0.0,0.0,True,G,S,0.0
Mars,False,TRAPPIST-1e,19.0,True,61.0,783.0,110.0,0.0,0.0,True,E,P,954.0
Earth,False,TRAPPIST-1e,3.0,False,0.0,0.0,0.0,0.0,0.0,True,G,P,0.0
Europa,True,TRAPPIST-1e,51.0,False,0.0,0.0,0.0,0.0,0.0,True,A,P,0.0
Europa,True,TRAPPIST-1e,27.0,False,0.0,0.0,0.0,0.0,0.0,True,A,P,0.0
Europa,True,TRAPPIST-1e,45.0,False,0.0,0.0,0.0,0.0,0.0,True,A,P,0.0
Europa,True,TRAPPIST-1e,18.0,False,0.0,0.0,0.0,0.0,0.0,True,A,P,0.0
Earth,False,PSO J318.5-22,23.0,False,0.0,126.0,403.0,0.0,21.0,True,F,S,550.0
Earth,False,TRAPPIST-1e,15.0,False,1042.0,0.0,36.0,0.0,0.0,False,F,S,1078.0
Mars,True,TRAPPIST-1e,34.0,False,0.0,0.0,0.0,0.0,0.0,True,E,S,0.0
Mars,False,TRAPPIST-1e,47.0,False,5.0,1027.0,0.0,24.0,0.0,True,D,S,1056.0
Europa,False,TRAPPIST-1e,27.0,False,3.0,4654.0,0.0,657.0,214.0,True,B,S,5528.0
Europa,False,TRAPPIST-1e,26.0,False,0.0,9.0,0.0,3.0,2047.0,False,B,S,2059.0
Europa,False,55 Cancri e,25.0,False,2026.0,4929.0,0.0,1179.0,10270.0,False,B,S,18404.0
Europa,False,55 Cancri e,34.0,True,0.0,1174.0,0.0,130.0,1141.0,False,A,P,2445.0
Mars,False,TRAPPIST-1e,27.0,True,55.0,0.0,50.0,1849.0,1.0,False,D,S,1955.0
Earth,False,TRAPPIST-1e,39.0,False,0.0,176.0,43.0,660.0,0.0,False,F,S,879.0
Mars,False,TRAPPIST-1e,31.0,False,915.0,0.0,1313.0,370.0,0.0,False,F,P,2598.0
Mars,False,TRAPPIST-1e,4.0,False,350.53903958944284,0.0,0.0,0.0,0.0,True,F,P,350.53903958944284
Mars,False,TRAPPIST-1e,19.0,False,0.0,0.0,0.0,0.0,0.0,False,E,P,0.0
Mars,True,55 Cancri e,59.0,False,0.0,0.0,0.0,0.0,0.0,True,F,P,0.0
Mars,False,TRAPPIST-1e,19.0,False,2006.0,0.0,270.12864211105006,0.0,0.0,True,D,P,2276.12864211105
Earth,False,55 Cancri e,25.0,False,258.0,0.0,306.0,311.0,24.0,True,F,P,899.0
Europa,False,55 Cancri e,28.0,False,0.0,809.0,0.0,2043.0,72.0,True,B,S,2924.0
Europa,False,55 Cancri e,37.0,False,0.0,90.0,0.0,3282.0,11.0,False,B,S,3383.0
Mars,False,TRAPPIST-1e,43.0,False,24.0,1.0,1167.0,0.0,0.0,True,F,P,1192.0
Earth,False,55 Cancri e,18.0,False,425.0,779.0,0.0,0.0,74.0,False,F,S,1278.0
Earth,False,TRAPPIST-1e,36.0,False,1603.0,0.0,2.0,87.0,0.0,False,E,S,1692.0
Earth,False,TRAPPIST-1e,14.0,False,71.0,0.0,0.0,0.0,476.35311409149364,False,F,P,547.3531140914936
Earth,False,PSO J318.5-22,42.0,False,0.0,168.0,0.0,113.0,461.0,False,F,P,742.0
Earth,False,PSO J318.5-22,29.0,False,25.0,0.0,2.0,0.0,657.0,False,F,S,684.0
Mars,False,TRAPPIST-1e,23.0,False,1696.0,46.0,82.0,235.0,17.0,False,E,P,2076.0
Earth,False,TRAPPIST-1e,16.0,False,0.0,0.0,60.0,0.0,1963.0,False,F,S,2023.0
Earth,False,55 Cancri e,8.0,False,0.0,0.0,0.0,0.0,0.0,True,G,S,0.0
Earth,False,TRAPPIST-1e,20.0,False,1.0,0.0,0.0,32.0,875.0,False,G,P,908.0
Earth,False,PSO J318.5-22,50.0,False,199.0,0.0,182.0,0.0,476.35311409149364,False,F,S,857.3531140914936
Earth,False,TRAPPIST-1e,38.0,False,0.0,709.0,39.0,62.0,0.0,True,G,S,810.0
Mars,True,TRAPPIST-1e,39.0,False,0.0,0.0,0.0,0.0,0.0,True,F,P,0.0
Mars,False,TRAPPIST-1e,33.0,False,559.0,0.0,145.0,594.0,0.0,False,E,S,1298.0
Europa,True,55 Cancri e,30.0,False,0.0,0.0,0.0,0.0,0.0,True,B,S,0.0
Mars,False,PSO J318.5-22,40.0,True,301.0,0.0,1310.0,4.0,476.35311409149364,True,F,P,2091.353114091494
Earth,False,TRAPPIST-1e,22.0,False,395.0,0.0,0.0,300.0,125.0,False,F,S,820.0
Mars,True,TRAPPIST-1e,52.0,False,0.0,0.0,0.0,0.0,0.0,True,F,S,0.0
Mars,True,TRAPPIST-1e,26.0,False,0.0,0.0,0.0,0.0,0.0,True,F,S,0.0
Earth,False,TRAPPIST-1e,19.0,False,2044.0,0.0,13.0,1.0,0.0,False,F,S,2058.0
Earth,False,TRAPPIST-1e,33.0,False,6.0,0.0,0.0,0.0,950.0,False,F,S,956.0
Earth,True,PSO J318.5-22,33.0,False,0.0,0.0,0.0,0.0,0.0,True,G,S,0.0
Earth,False,TRAPPIST-1e,20.0,False,0.0,0.0,841.0,5.0,0.0,True,G,S,846.0
Mars,False,TRAPPIST-1e,28.0,False,350.53903958944284,0.0,129.0,0.0,476.35311409149364,False,F,S,955.8921536809364
Earth,True,55 Cancri e,10.0,False,0.0,0.0,0.0,0.0,0.0,True,G,S,0.0
Earth,False,TRAPPIST-1e,23.0,False,0.0,1.0,908.0,0.0,0.0,True,G,P,909.0
Earth,False,TRAPPIST-1e,28.0,False,350.53903958944284,0.0,887.0,0.0,0.0,True,G,S,1237.5390395894428
Earth,False,TRAPPIST-1e,23.0,False,2189.0,0.0,0.0,0.0,0.0,True,F,S,2189.0
Mars,False,TRAPPIST-1e,54.0,False,630.0,298.0,418.0,312.0,0.0,False,F,S,1658.0
Mars,False,TRAPPIST-1e,57.0,False,368.0,0.0,636.0,1082.0,512.0,False,F,P,2598.0
Mars,False,55 Cancri e,24.0,False,737.0,293.0,301.0,0.0,0.0,False,F,P,1331.0
Europa,True,TRAPPIST-1e,37.0,False,0.0,0.0,0.0,0.0,0.0,True,B,S,0.0
Europa,True,TRAPPIST-1e,59.0,False,0.0,0.0,0.0,0.0,0.0,True,B,S,0.0
Earth,True,TRAPPIST-1e,53.0,False,0.0,0.0,0.0,0.0,0.0,True,G,P,0.0
Mars,True,TRAPPIST-1e,22.0,False,0.0,0.0,0.0,0.0,0.0,True,F,P,0.0
Earth,False,TRAPPIST-1e,18.0,False,102.0,3.0,186.0,2287.0,0.0,False,D,P,2578.0
Europa,True,55 Cancri e,17.0,False,0.0,0.0,0.0,0.0,0.0,True,B,P,0.0
Earth,False,55 Cancri e,25.0,False,0.0,1674.0,3.0,9.0,3554.0,False,B,P,5240.0
Earth,False,TRAPPIST-1e,18.0,False,108.0,2.0,11.0,0.0,680.0,False,F,P,801.0
Earth,False,TRAPPIST-1e,20.0,False,379.0,714.4862536656891,29.0,39.0,91.0,False,F,S,1252.4862536656892
Earth,False,TRAPPIST-1e,24.0,False,0.0,2680.0,0.0,2.0,45.0,True,F,P,2727.0
Mars,True,TRAPPIST-1e,33.0,False,0.0,0.0,0.0,0.0,0.0,True,F,S,0.0
Earth,False,TRAPPIST-1e,34.0,False,124.0,0.0,0.0,679.0,0.0,False,F,P,803.0
Earth,False,55 Cancri e,24.0,False,0.0,254.0,13.0,0.0,477.0,False,F,P,744.0
Europa,False,TRAPPIST-1e,37.0,False,0.0,0.0,0.0,0.0,0.0,True,A,P,0.0
Mars,False,TRAPPIST-1e,23.0,False,690.0,0.0,0.0,292.0,1596.0,False,D,P,2578.0
Mars,False,TRAPPIST-1e,32.0,False,2031.0,0.0,28.0,519.0,0.0,False,D,P,2578.0
Mars,True,TRAPPIST-1e,13.0,False,0.0,0.0,0.0,0.0,0.0,True,F,S,0.0
Earth,True,55 Cancri e,23.0,False,0.0,0.0,0.0,0.0,0.0,True,G,P,0.0
Earth,True,TRAPPIST-1e,23.0,False,0.0,0.0,0.0,0.0,0.0,True,G,S,0.0
Europa,False,TRAPPIST-1e,27.0,False,135.0,3103.0,9.0,424.0,629.0,False,A,S,4300.0
Earth,True,TRAPPIST-1e,47.0,False,0.0,0.0,0.0,0.0,0.0,True,G,P,0.0
Earth,False,TRAPPIST-1e,38.0,False,20.0,0.0,751.0,0.0,2.0,True,G,S,773.0
Mars,False,TRAPPIST-1e,28.0,False,158.0,0.0,0.0,465.0,0.0,False,F,S,623.0
Earth,False,TRAPPIST-1e,21.0,False,0.0,296.0,2.0,0.0,1543.0,False,F,S,1841.0
Earth,False,TRAPPIST-1e,27.0,False,2.0,3.0,93.0,6.0,540.0,False,F,S,644.0
Europa,True,55 Cancri e,64.0,False,0.0,0.0,0.0,0.0,0.0,True,B,S,0.0
Europa,False,TRAPPIST-1e,43.0,False,2.0,5329.0,0.0,7.0,0.0,True,B,S,5338.0
Earth,False,TRAPPIST-1e,21.0,False,0.0,0.0,28.0,508.0,272.0,True,G,S,808.0
Earth,False,TRAPPIST-1e,36.0,False,78.0,9.0,0.0,0.0,841.0,True,G,P,928.0
Earth,False,PSO J318.5-22,22.0,False,0.0,0.0,0.0,48.0,653.0,True,G,S,701.0
Earth,False,TRAPPIST-1e,24.0,False,0.0,1049.0,1.0,0.0,0.0,False,F,P,1050.0
Europa,True,TRAPPIST-1e,21.0,False,0.0,0.0,0.0,0.0,0.0,True,B,S,0.0
Earth,False,TRAPPIST-1e,57.0,False,0.0,1409.0,29.0,0.0,0.0,True,G,P,1438.0
Europa,False,55 Cancri e,46.0,False,0.0,8943.0,0.0,0.0,159.0,True,C,P,9102.0
Mars,True,TRAPPIST-1e,42.0,False,0.0,0.0,0.0,0.0,0.0,True,F,P,0.0
Earth,False,TRAPPIST-1e,16.0,False,17.0,714.4862536656891,0.0,537.0,173.0,False,F,P,1441.4862536656892
Earth,False,TRAPPIST-1e,40.0,False,0.0,175.0,0.0,11.0,537.0,False,F,P,723.0
Earth,False,TRAPPIST-1e,3.0,False,0.0,0.0,0.0,0.0,0.0,False,G,P,0.0
Earth,False,TRAPPIST-1e,8.0,False,0.0,0.0,270.12864211105006,0.0,0.0,True,G,P,270.12864211105006
Earth,True,PSO J318.5-22,3.0,False,0.0,0.0,0.0,0.0,0.0,True,F,S,0.0
Earth,False,55 Cancri e,35.0,False,1669.0,0.0,7.0,0.0,90.0,False,G,P,1766.0
Earth,False,55 Cancri e,12.0,False,0.0,0.0,0.0,0.0,476.35311409149364,True,G,P,476.35311409149364
Earth,True,TRAPPIST-1e,27.0,False,0.0,0.0,0.0,0.0,0.0,True,G,P,0.0
Europa,False,55 Cancri e,47.0,True,0.0,2225.0,1573.0,201.0,23.0,True,C,P,4022.0
Europa,True,55 Cancri e,19.0,False,0.0,0.0,0.0,0.0,0.0,True,B,S,0.0
Europa,False,TRAPPIST-1e,46.0,False,3616.0,564.0,0.0,15.0,3303.0,False,B,S,7498.0
Earth,False,TRAPPIST-1e,28.0,False,0.0,152.0,215.0,30.0,510.0,False,G,P,907.0
Earth,False,TRAPPIST-1e,5.0,False,0.0,0.0,0.0,0.0,0.0,True,G,S,0.0
Earth,True,TRAPPIST-1e,7.0,False,0.0,0.0,0.0,0.0,0.0,True,G,S,0.0
Earth,True,TRAPPIST-1e,3.0,False,0.0,0.0,0.0,0.0,0.0,True,G,S,0.0
Earth,False,TRAPPIST-1e,1.0,False,0.0,0.0,0.0,0.0,0.0,True,G,S,0.0
Earth,False,55 Cancri e,7.0,False,0.0,0.0,0.0,0.0,476.35311409149364,True,G,S,476.35311409149364
Europa,False,TRAPPIST-1e,60.0,False,0.0,190.0,3.0,1964.0,30.0,False,D,S,2187.0
Earth,False,TRAPPIST-1e,34.0,False,6.0,878.0,0.0,10.0,2203.0,False,D,S,3097.0
Europa,False,TRAPPIST-1e,28.0,False,0.0,714.4862536656891,0.0,6.0,9837.0,False,C,S,10557.48625366569
Earth,False,55 Cancri e,64.0,False,0.0,316.0,2.0,673.0,0.0,False,E,P,991.0
Earth,False,TRAPPIST-1e,13.0,False,898.0,0.0,0.0,485.74408365437534,24.0,False,F,S,1407.7440836543753
Earth,True,TRAPPIST-1e,15.0,False,0.0,0.0,0.0,0.0,0.0,True,G,P,0.0
Earth,False,TRAPPIST-1e,65.0,False,458.0,0.0,555.0,0.0,0.0,False,G,P,1013.0
Mars,False,TRAPPIST-1e,53.0,False,78.0,85.0,859.0,0.0,0.0,True,E,S,1022.0
Europa,True,55 Cancri e,58.0,False,0.0,0.0,0.0,0.0,0.0,True,C,P,0.0
Europa,False,TRAPPIST-1e,19.0,False,0.0,1234.0,0.0,1956.0,0.0,False,C,P,3190.0
Europa,True,55 Cancri e,27.0,False,0.0,0.0,0.0,0.0,0.0,True,C,P,0.0
Earth,False,TRAPPIST-1e,16.0,False,0.0,68.0,1541.0,0.0,0.0,True,E,S,1609.0
Europa,False,55 Cancri e,48.0,False,3.0,4089.0,0.0,4368.0,147.0,False,C,S,8607.0
Europa,False,TRAPPIST-1e,33.0,False,2.0,4742.0,0.0,34.0,0.0,True,C,S,4778.0
Earth,False,TRAPPIST-1e,31.0,False,19.0,509.0,0.0,0.0,177.0,False,E,S,705.0
Earth,True,55 Cancri e,44.0,False,0.0,0.0,0.0,0.0,0.0,True,G,S,0.0
Earth,False,TRAPPIST-1e,40.0,False,1.0,0.0,895.0,10.0,0.0,True,G,S,906.0
Earth,True,TRAPPIST-1e,34.0,False,0.0,0.0,0.0,0.0,0.0,True,G,S,0.0
Earth,False,TRAPPIST-1e,21.0,False,0.0,541.0,0.0,143.0,0.0,False,F,S,684.0
Earth,False,TRAPPIST-1e,20.0,False,0.0,20.0,1.0,696.0,0.0,False,F,P,717.0
Mars,True,TRAPPIST-1e,9.0,False,0.0,0.0,0.0,0.0,0.0,True,F,P,0.0
Earth,True,TRAPPIST-1e,33.0,False,0.0,0.0,0.0,0.0,0.0,False,G,P,0.0
Earth,True,PSO J318.5-22,2.0,False,0.0,0.0,0.0,0.0,0.0,False,G,P,0.0
Earth,False,TRAPPIST-1e,53.0,False,627.0,32.0,0.0,0.0,37.0,False,F,P,696.0
Earth,False,55 Cancri e,0.0,False,0.0,0.0,0.0,0.0,0.0,True,G,P,0.0
Earth,True,PSO J318.5-22,38.0,False,0.0,0.0,0.0,0.0,0.0,True,G,S,0.0
Europa,True,55 Cancri e,21.0,False,0.0,0.0,0.0,0.0,0.0,True,C,S,0.0
Earth,True,TRAPPIST-1e,31.0,False,0.0,0.0,0.0,0.0,0.0,True,G,S,0.0
Earth,True,PSO J318.5-22,7.0,False,0.0,0.0,0.0,0.0,0.0,True,G,S,0.0
Earth,False,55 Cancri e,12.0,False,0.0,0.0,0.0,0.0,0.0,True,G,S,0.0
Earth,True,PSO J318.5-22,0.0,False,0.0,0.0,0.0,0.0,0.0,True,G,S,0.0
Earth,False,TRAPPIST-1e,17.0,False,5.0,0.0,1317.0,287.0,0.0,True,E,S,1609.0
Earth,False,TRAPPIST-1e,55.0,False,0.0,242.0,0.0,479.0,3.0,False,F,S,724.0
Earth,False,55 Cancri e,2.0,False,0.0,0.0,0.0,0.0,0.0,True,G,S,0.0
Earth,False,TRAPPIST-1e,32.0,False,18.0,0.0,0.0,1382.0,0.0,False,F,P,1400.0
Earth,False,55 Cancri e,16.0,False,0.0,0.0,694.0,0.0,102.0,False,F,P,796.0
Earth,False,TRAPPIST-1e,0.0,False,0.0,0.0,0.0,0.0,0.0,False,G,P,0.0
Europa,False,TRAPPIST-1e,29.0,False,0.0,584.0,5468.0,7.0,661.0,True,C,P,6720.0
Europa,False,55 Cancri e,25.0,False,484.0,11441.0,0.0,4.0,5477.0,False,C,P,17406.0
Mars,False,55 Cancri e,39.0,False,1884.0,0.0,1435.0,5.0,469.0,False,D,S,3793.0
Mars,True,TRAPPIST-1e,42.0,False,0.0,0.0,0.0,0.0,0.0,True,E,S,0.0
Earth,False,55 Cancri e,0.0,False,0.0,0.0,0.0,0.0,0.0,True,G,P,0.0
Earth,True,TRAPPIST-1e,14.0,False,0.0,0.0,0.0,0.0,0.0,True,G,P,0.0
Mars,False,TRAPPIST-1e,29.0,False,2223.0,0.0,0.0,0.0,0.0,False,F,S,2223.0
Mars,False,TRAPPIST-1e,54.0,False,676.0,0.0,231.0,379.0,0.0,False,F,S,1286.0
Earth,True,TRAPPIST-1e,35.0,False,0.0,0.0,0.0,0.0,0.0,True,G,S,0.0
Europa,False,55 Cancri e,27.0,False,49.0,13342.0,270.12864211105006,1885.0,6985.0,False,C,S,22531.12864211105
Mars,False,TRAPPIST-1e,18.0,False,593.0,0.0,508.0,0.0,12.0,True,F,P,1113.0
Earth,False,55 Cancri e,14.0,False,0.0,973.0,0.0,1.0,0.0,True,E,P,974.0
Europa,True,TRAPPIST-1e,53.0,False,0.0,0.0,0.0,0.0,0.0,True,D,P,0.0
Earth,False,TRAPPIST-1e,48.0,False,410.0,2108.0,0.0,0.0,0.0,True,F,P,2518.0
Earth,False,55 Cancri e,21.0,False,0.0,641.0,0.0,0.0,0.0,True,F,S,641.0
Earth,False,TRAPPIST-1e,44.0,False,0.0,0.0,0.0,729.0,397.0,True,F,P,1126.0
Earth,False,TRAPPIST-1e,25.0,False,106.0,0.0,0.0,0.0,925.0,False,F,S,1031.0
Europa,False,TRAPPIST-1e,0.0,False,0.0,0.0,0.0,0.0,0.0,True,A,S,0.0
Europa,True,TRAPPIST-1e,27.0,False,0.0,0.0,0.0,0.0,0.0,True,A,S,0.0
Europa,True,TRAPPIST-1e,40.0,False,0.0,0.0,0.0,0.0,0.0,True,A,S,0.0
Earth,False,TRAPPIST-1e,44.0,False,0.0,509.0,129.0,246.0,0.0,True,G,S,884.0
Earth,True,TRAPPIST-1e,36.0,False,0.0,0.0,0.0,0.0,0.0,False,F,S,0.0
Earth,True,55 Cancri e,3.0,False,0.0,0.0,0.0,0.0,0.0,True,G,P,0.0
Earth,True,TRAPPIST-1e,9.0,False,0.0,0.0,0.0,0.0,0.0,False,G,P,0.0
Earth,True,TRAPPIST-1e,1.0,False,0.0,0.0,0.0,0.0,0.0,False,G,P,0.0
Earth,False,TRAPPIST-1e,17.0,False,0.0,714.4862536656891,977.0,0.0,5.0,True,E,P,1696.4862536656892
Earth,True,TRAPPIST-1e,47.0,False,0.0,0.0,0.0,0.0,0.0,False,G,P,0.0
Earth,True,TRAPPIST-1e,27.0,False,0.0,0.0,0.0,0.0,0.0,False,G,P,0.0
Europa,False,55 Cancri e,33.0,False,0.0,38.0,0.0,1.0,3167.0,False,A,P,3206.0
Earth,False,PSO J318.5-22,16.0,False,0.0,0.0,99.0,485.74408365437534,774.0,True,E,S,1358.7440836543753
Mars,False,TRAPPIST-1e,30.0,True,1960.0,0.0,638.0,0.0,0.0,False,F,S,2598.0
Mars,False,55 Cancri e,18.0,False,114.0,131.0,927.0,0.0,0.0,True,F,S,1172.0
Earth,False,TRAPPIST-1e,26.0,False,360.0,8.0,1.0,329.0,185.0,False,G,S,883.0
Earth,False,PSO J318.5-22,19.0,False,577.0,169.0,0.0,7.0,0.0,True,F,P,753.0
Mars,True,TRAPPIST-1e,28.0,False,0.0,0.0,0.0,0.0,0.0,True,F,S,0.0
Earth,False,TRAPPIST-1e,35.0,False,858.0,10.0,16.0,0.0,0.0,False,G,P,884.0
Europa,False,TRAPPIST-1e,40.0,False,773.0,3729.0,43.0,10.0,0.0,True,B,P,4555.0
Europa,False,TRAPPIST-1e,26.0,True,0.0,2199.0,0.0,328.0,329.0,False,B,P,2856.0
Europa,False,55 Cancri e,45.0,False,0.0,3200.0,0.0,415.0,161.0,True,B,P,3776.0
Europa,True,55 Cancri e,18.0,False,0.0,0.0,0.0,0.0,0.0,True,B,P,0.0
Earth,False,55 Cancri e,54.0,False,801.0,5.0,0.0,0.0,0.0,True,F,P,806.0
Earth,False,TRAPPIST-1e,13.0,False,1144.0,0.0,6.0,0.0,0.0,False,F,P,1150.0
Mars,True,55 Cancri e,26.0,False,0.0,0.0,0.0,0.0,0.0,True,F,S,0.0
Earth,True,PSO J318.5-22,16.0,False,0.0,0.0,0.0,0.0,0.0,True,G,S,0.0
Earth,False,TRAPPIST-1e,37.0,False,0.0,959.0,8.0,20.0,169.0,False,F,P,1156.0
Earth,True,TRAPPIST-1e,17.0,False,0.0,0.0,0.0,0.0,0.0,True,G,P,0.0
Earth,False,55 Cancri e,16.0,False,2.0,511.0,0.0,0.0,1578.0,False,F,P,2091.0
Earth,False,TRAPPIST-1e,18.0,False,358.0,336.0,0.0,0.0,0.0,False,F,P,694.0
Mars,False,PSO J318.5-22,21.0,False,435.0,0.0,422.0,16.0,0.0,False,F,S,873.0
Earth,False,TRAPPIST-1e,24.0,False,0.0,0.0,0.0,0.0,826.0,True,G,P,826.0
Earth,True,TRAPPIST-1e,22.0,False,0.0,0.0,0.0,0.0,0.0,True,G,S,0.0
Earth,True,TRAPPIST-1e,41.0,False,0.0,0.0,0.0,0.0,0.0,True,G,S,0.0
Earth,True,TRAPPIST-1e,15.0,False,0.0,0.0,0.0,0.0,0.0,True,G,S,0.0
Earth,True,TRAPPIST-1e,36.0,False,0.0,0.0,0.0,0.0,0.0,True,G,S,0.0
Earth,False,55 Cancri e,23.0,False,0.0,0.0,478.0,4560.0,0.0,False,G,S,5038.0
Earth,False,TRAPPIST-1e,31.0,False,0.0,243.0,0.0,485.74408365437534,0.0,False,E,S,728.7440836543753
Earth,False,TRAPPIST-1e,19.0,False,114.0,3.0,622.0,0.0,0.0,False,F,S,739.0
Earth,True,55 Cancri e,23.0,False,0.0,0.0,0.0,0.0,0.0,True,G,P,0.0
Earth,False,TRAPPIST-1e,47.0,False,0.0,106.0,2915.0,0.0,1200.0,False,G,P,4221.0
Europa,False,55 Cancri e,40.0,False,0.0,1677.0,0.0,109.0,320.0,True,A,S,2106.0
Europa,False,55 Cancri e,34.0,True,0.0,618.0,0.0,0.0,10888.0,False,A,S,11506.0
Earth,False,TRAPPIST-1e,2.0,False,0.0,0.0,0.0,0.0,0.0,False,G,P,0.0
Earth,True,TRAPPIST-1e,8.0,False,0.0,0.0,0.0,0.0,0.0,False,G,P,0.0
Earth,True,TRAPPIST-1e,0.0,False,0.0,0.0,0.0,0.0,0.0,True,G,P,0.0
Earth,False,PSO J318.5-22,18.0,False,0.0,0.0,1720.0,1.0,0.0,True,G,P,1721.0
Earth,False,TRAPPIST-1e,11.0,False,0.0,0.0,0.0,0.0,0.0,False,G,P,0.0
Earth,False,TRAPPIST-1e,18.0,False,0.0,20.0,790.0,485.74408365437534,0.0,True,G,S,1295.7440836543753
Earth,False,PSO J318.5-22,19.0,False,54.0,0.0,0.0,42.0,986.0,False,F,S,1082.0
Earth,True,TRAPPIST-1e,2.0,False,0.0,0.0,0.0,0.0,0.0,True,F,S,0.0
Earth,True,TRAPPIST-1e,25.0,False,0.0,0.0,0.0,0.0,0.0,True,G,S,0.0
Earth,False,55 Cancri e,0.0,False,0.0,0.0,0.0,0.0,0.0,True,G,S,0.0
Europa,True,55 Cancri e,27.0,False,0.0,0.0,0.0,0.0,0.0,True,F,S,0.0
Europa,True,55 Cancri e,34.0,False,0.0,0.0,0.0,0.0,0.0,True,B,S,0.0
Earth,True,TRAPPIST-1e,19.0,False,0.0,0.0,0.0,0.0,0.0,True,G,P,0.0
Earth,False,PSO J318.5-22,22.0,False,431.0,40.0,0.0,10.0,0.0,False,G,P,481.0
Earth,False,TRAPPIST-1e,22.0,False,0.0,0.0,165.0,14.0,629.0,False,G,P,808.0
Earth,False,PSO J318.5-22,52.0,False,0.0,652.0,9.0,0.0,0.0,False,F,P,661.0
Earth,False,TRAPPIST-1e,30.0,False,59.0,0.0,0.0,0.0,1611.0,False,E,P,1670.0
Europa,False,TRAPPIST-1e,65.0,False,0.0,1420.0,270.12864211105006,85.0,827.0,False,A,S,2602.12864211105
Earth,False,TRAPPIST-1e,31.0,False,294.0,480.0,31.0,3.0,0.0,True,G,S,808.0
Mars,True,TRAPPIST-1e,51.0,False,0.0,0.0,0.0,0.0,0.0,True,F,S,0.0
Earth,False,TRAPPIST-1e,21.0,False,365.0,52.0,0.0,0.0,288.0,True,F,S,705.0
Earth,False,TRAPPIST-1e,27.0,False,93.0,0.0,0.0,0.0,772.0,False,F,P,865.0
Earth,False,TRAPPIST-1e,31.0,False,350.53903958944284,0.0,873.0,0.0,0.0,True,E,S,1223.5390395894428
Europa,True,55 Cancri e,28.0,False,0.0,0.0,0.0,0.0,0.0,True,C,P,0.0
Europa,False,TRAPPIST-1e,29.0,False,0.0,577.0,0.0,5568.0,432.0,False,F,S,6577.0
Mars,False,TRAPPIST-1e,23.0,False,1533.0,0.0,858.0,297.0,0.0,False,F,P,2688.0
Mars,True,TRAPPIST-1e,11.0,False,0.0,0.0,0.0,0.0,0.0,True,F,P,0.0
Mars,False,TRAPPIST-1e,23.0,False,1233.0,0.0,527.0,0.0,0.0,False,F,P,1760.0
Mars,False,TRAPPIST-1e,34.0,False,801.0,0.0,246.0,1.0,0.0,False,E,P,1048.0
Earth,False,TRAPPIST-1e,20.0,False,350.53903958944284,0.0,151.0,508.0,0.0,False,F,P,1009.5390395894428
Europa,True,55 Cancri e,20.0,False,0.0,0.0,0.0,0.0,0.0,True,C,P,0.0
Europa,True,TRAPPIST-1e,16.0,False,0.0,0.0,0.0,0.0,0.0,True,C,P,0.0
Earth,True,TRAPPIST-1e,18.0,False,0.0,0.0,0.0,0.0,0.0,False,G,P,0.0
Earth,False,55 Cancri e,20.0,False,24.0,56.0,1.0,485.74408365437534,468.0,False,F,P,1034.7440836543753
Earth,True,PSO J318.5-22,20.0,False,0.0,0.0,0.0,0.0,0.0,True,G,P,0.0
Earth,False,55 Cancri e,27.0,False,30.0,0.0,763.0,0.0,57.0,False,G,P,850.0
Europa,False,55 Cancri e,55.0,False,114.0,222.0,0.0,2575.0,2919.0,False,D,P,5830.0
Mars,False,55 Cancri e,53.0,False,83.0,0.0,1590.0,60.0,0.0,True,D,S,1733.0
Mars,True,TRAPPIST-1e,37.0,False,0.0,0.0,0.0,0.0,0.0,True,D,S,0.0
Earth,True,PSO J318.5-22,55.0,False,0.0,0.0,0.0,0.0,0.0,True,G,P,0.0
Earth,False,TRAPPIST-1e,24.0,False,552.0,1.0,0.0,231.0,0.0,True,G,S,784.0
Earth,False,55 Cancri e,24.0,False,14.0,0.0,1.0,528.0,109.0,True,F,S,652.0
Earth,True,PSO J318.5-22,49.0,False,0.0,0.0,0.0,0.0,0.0,True,G,S,0.0
Earth,False,TRAPPIST-1e,17.0,False,0.0,0.0,0.0,1806.0,0.0,False,G,S,1806.0
Earth,False,TRAPPIST-1e,39.0,False,0.0,0.0,710.0,56.0,1.0,True,G,S,767.0
Earth,True,55 Cancri e,5.0,False,0.0,0.0,0.0,0.0,0.0,True,G,S,0.0
Earth,False,TRAPPIST-1e,10.0,False,0.0,0.0,0.0,0.0,0.0,True,G,S,0.0
Earth,True,TRAPPIST-1e,1.0,False,0.0,0.0,0.0,0.0,0.0,True,G,S,0.0
Earth,False,TRAPPIST-1e,16.0,False,45.0,0.0,622.0,0.0,564.0,False,F,S,1231.0
Earth,False,TRAPPIST-1e,51.0,False,0.0,10.0,388.0,1380.0,0.0,False,G,S,1778.0
Earth,True,TRAPPIST-1e,5.0,False,0.0,0.0,0.0,0.0,0.0,True,G,S,0.0
Earth,True,TRAPPIST-1e,19.0,False,0.0,0.0,0.0,0.0,0.0,False,G,P,0.0
Earth,True,TRAPPIST-1e,0.0,False,0.0,0.0,0.0,0.0,0.0,True,G,P,0.0
Earth,False,TRAPPIST-1e,20.0,False,810.0,0.0,0.0,0.0,0.0,False,G,S,810.0
Earth,True,TRAPPIST-1e,0.0,False,0.0,0.0,0.0,0.0,0.0,True,G,S,0.0
Earth,True,TRAPPIST-1e,1.0,False,0.0,0.0,0.0,0.0,0.0,True,G,S,0.0
Earth,True,PSO J318.5-22,38.0,False,0.0,0.0,0.0,0.0,0.0,True,G,P,0.0
Earth,False,TRAPPIST-1e,40.0,False,0.0,0.0,433.0,343.0,0.0,False,F,S,776.0
Mars,False,TRAPPIST-1e,18.0,False,0.0,0.0,0.0,0.0,0.0,False,E,S,0.0
Mars,False,TRAPPIST-1e,36.0,False,636.0,0.0,168.0,1795.0,0.0,False,F,S,2599.0
Europa,False,TRAPPIST-1e,23.0,False,0.0,596.0,57.0,259.0,4666.0,False,C,P,5578.0
Europa,True,55 Cancri e,42.0,False,0.0,0.0,0.0,0.0,0.0,True,C,P,0.0
Mars,False,TRAPPIST-1e,37.0,False,610.0,714.4862536656891,410.0,148.0,14.0,False,F,S,1896.4862536656892
Earth,False,TRAPPIST-1e,24.0,False,0.0,854.0,11.0,0.0,0.0,True,F,P,865.0
Earth,False,TRAPPIST-1e,12.0,False,350.53903958944284,0.0,0.0,0.0,0.0,True,G,P,350.53903958944284
Earth,True,TRAPPIST-1e,2.0,False,0.0,0.0,0.0,0.0,0.0,True,G,P,0.0
Earth,False,PSO J318.5-22,28.0,False,0.0,7.0,17.0,0.0,1724.0,False,G,P,1748.0
Earth,True,TRAPPIST-1e,44.0,False,0.0,0.0,0.0,0.0,0.0,True,G,P,0.0
Europa,False,TRAPPIST-1e,26.0,False,0.0,3818.0,0.0,1877.0,136.0,False,D,P,5831.0
Earth,False,TRAPPIST-1e,36.0,False,32.0,3.0,657.0,58.0,41.0,False,E,P,791.0
Earth,False,55 Cancri e,28.0,False,350.53903958944284,728.0,0.0,0.0,82.0,True,F,P,1160.5390395894428
Mars,False,TRAPPIST-1e,14.0,False,0.0,0.0,0.0,0.0,0.0,False,E,S,0.0
Earth,True,TRAPPIST-1e,14.0,False,0.0,0.0,0.0,0.0,0.0,False,G,P,0.0
Earth,False,TRAPPIST-1e,28.0,False,0.0,602.0,0.0,115.0,0.0,True,F,S,717.0
Mars,True,TRAPPIST-1e,27.0,False,0.0,0.0,0.0,0.0,0.0,True,F,S,0.0
Mars,False,TRAPPIST-1e,21.0,False,899.0,1.0,1686.0,13.0,0.0,True,F,S,2599.0
Earth,False,TRAPPIST-1e,24.0,False,1256.0,2.0,8.0,1530.0,0.0,False,F,S,2796.0
Earth,False,PSO J318.5-22,18.0,False,22.0,0.0,20.0,596.0,5.0,False,F,P,643.0
Mars,True,TRAPPIST-1e,24.0,False,0.0,0.0,0.0,0.0,0.0,True,F,P,0.0
Mars,True,TRAPPIST-1e,8.0,False,0.0,0.0,0.0,0.0,0.0,True,F,P,0.0
Mars,True,TRAPPIST-1e,36.0,False,0.0,0.0,0.0,0.0,0.0,False,E,P,0.0
Mars,False,TRAPPIST-1e,32.0,True,1179.0,0.0,4.0,0.0,0.0,False,D,P,1183.0
Earth,False,TRAPPIST-1e,19.0,False,14.0,614.0,0.0,160.0,0.0,False,E,S,788.0
Earth,False,TRAPPIST-1e,12.0,False,0.0,0.0,0.0,0.0,0.0,True,G,S,0.0
Europa,True,TRAPPIST-1e,21.0,False,0.0,0.0,0.0,0.0,0.0,True,B,S,0.0
Europa,True,55 Cancri e,13.0,False,0.0,0.0,0.0,0.0,0.0,True,B,S,0.0
Mars,True,TRAPPIST-1e,20.0,False,0.0,0.0,0.0,0.0,0.0,True,F,S,0.0
Mars,True,TRAPPIST-1e,35.0,False,0.0,0.0,0.0,0.0,0.0,True,F,P,0.0
Europa,False,55 Cancri e,23.0,False,0.0,44.0,0.0,3452.0,83.0,False,D,S,3579.0
Europa,False,55 Cancri e,17.0,False,0.0,311.0,6.0,4236.0,557.0,False,D,S,5110.0
Mars,False,TRAPPIST-1e,29.0,False,1290.0,0.0,6.0,1.0,0.0,False,E,P,1297.0
Earth,False,TRAPPIST-1e,27.0,False,352.0,14.0,1.0,407.0,15.0,False,E,S,789.0
Earth,False,TRAPPIST-1e,22.0,False,89.0,0.0,795.0,0.0,3.0,True,G,S,887.0
Mars,False,55 Cancri e,26.0,False,414.0,239.0,681.0,352.0,0.0,False,F,S,1686.0
Mars,True,TRAPPIST-1e,1.0,False,0.0,0.0,0.0,0.0,0.0,True,F,S,0.0
Mars,True,TRAPPIST-1e,7.0,False,0.0,0.0,0.0,0.0,0.0,True,F,S,0.0
Earth,False,55 Cancri e,78.0,False,0.0,213.0,202.0,288.0,0.0,True,F,S,703.0
Earth,False,TRAPPIST-1e,24.0,False,0.0,0.0,53.0,652.0,0.0,True,G,S,705.0
Earth,False,TRAPPIST-1e,26.0,False,0.0,0.0,0.0,22.0,1030.0,False,F,P,1052.0
Europa,False,TRAPPIST-1e,50.0,False,0.0,1663.0,336.0,1855.0,4.0,False,A,S,3858.0
Earth,True,TRAPPIST-1e,16.0,False,0.0,0.0,0.0,0.0,0.0,False,G,P,0.0
Europa,True,55 Cancri e,57.0,False,0.0,0.0,0.0,0.0,0.0,True,C,P,0.0
Europa,False,55 Cancri e,29.0,False,0.0,889.0,0.0,4921.0,290.0,False,C,P,6100.0
Europa,False,55 Cancri e,27.0,False,0.0,6924.0,849.0,149.0,1166.0,True,C,P,9088.0
Earth,False,TRAPPIST-1e,42.0,False,0.0,1972.0,0.0,108.0,5.0,True,C,P,2085.0
Earth,True,PSO J318.5-22,28.0,False,0.0,0.0,0.0,0.0,0.0,True,G,S,0.0
Earth,True,PSO J318.5-22,18.0,False,0.0,0.0,0.0,0.0,0.0,True,G,P,0.0
Mars,False,TRAPPIST-1e,38.0,False,1192.0,5.0,1864.0,4287.0,0.0,False,F,P,7348.0
Earth,False,TRAPPIST-1e,32.0,False,1.0,0.0,0.0,1.0,785.0,False,E,P,787.0
Earth,False,TRAPPIST-1e,21.0,False,0.0,31.0,2076.0,77.0,0.0,True,F,S,2184.0
Earth,False,TRAPPIST-1e,6.0,False,0.0,0.0,0.0,0.0,0.0,True,G,S,0.0
Earth,False,TRAPPIST-1e,27.0,False,0.0,1.0,20.0,0.0,1363.0,False,F,P,1384.0
Earth,False,PSO J318.5-22,32.0,False,397.0,0.0,7.0,182.0,5.0,False,F,S,591.0
Earth,False,PSO J318.5-22,23.0,False,601.0,0.0,113.0,0.0,39.0,True,F,S,753.0
Europa,False,TRAPPIST-1e,29.0,False,0.0,6.0,0.0,0.0,5531.0,False,D,P,5537.0
Earth,False,TRAPPIST-1e,22.0,False,151.0,6.0,26.0,0.0,533.0,False,F,P,716.0
Earth,True,TRAPPIST-1e,31.0,False,0.0,0.0,0.0,0.0,0.0,False,G,P,0.0
Earth,True,55 Cancri e,0.0,False,0.0,0.0,0.0,0.0,0.0,True,G,P,0.0
Europa,False,TRAPPIST-1e,2.0,False,0.0,0.0,0.0,0.0,0.0,True,A,S,0.0
Earth,True,TRAPPIST-1e,27.0,False,0.0,0.0,0.0,0.0,0.0,True,A,S,0.0
Europa,False,TRAPPIST-1e,28.0,False,0.0,3527.0,1.0,2929.0,2236.0,False,A,S,8693.0
Mars,False,TRAPPIST-1e,20.0,False,57.0,0.0,1185.0,0.0,0.0,False,F,S,1242.0
Europa,False,55 Cancri e,28.0,True,19.0,22.0,2974.0,3603.0,158.0,False,B,S,6776.0
Europa,False,TRAPPIST-1e,42.0,False,0.0,6244.0,0.0,10912.0,4.0,False,B,S,17160.0
Earth,False,PSO J318.5-22,32.0,False,388.0,0.0,0.0,439.0,0.0,False,F,P,827.0
Earth,False,TRAPPIST-1e,19.0,False,0.0,4.0,0.0,1785.0,3.0,False,G,S,1792.0
Earth,False,55 Cancri e,20.0,False,0.0,0.0,715.0,2.0,0.0,True,F,S,717.0
Earth,True,PSO J318.5-22,20.0,False,0.0,0.0,0.0,0.0,0.0,True,F,S,0.0
Earth,False,TRAPPIST-1e,21.0,False,0.0,20.0,1540.0,80.0,512.0,False,F,S,2152.0
Earth,True,PSO J318.5-22,32.0,False,0.0,0.0,0.0,0.0,0.0,True,G,S,0.0
Earth,True,TRAPPIST-1e,16.0,False,0.0,0.0,0.0,0.0,0.0,True,G,S,0.0
Earth,True,TRAPPIST-1e,21.0,False,0.0,0.0,0.0,0.0,0.0,True,G,P,0.0
Earth,False,55 Cancri e,12.0,False,0.0,0.0,0.0,0.0,0.0,False,G,P,0.0
Earth,True,PSO J318.5-22,21.0,False,0.0,0.0,0.0,0.0,0.0,True,G,S,0.0
Mars,False,TRAPPIST-1e,31.0,False,127.0,76.0,976.0,118.0,0.0,False,E,S,1297.0
Earth,True,55 Cancri e,18.0,False,0.0,0.0,0.0,0.0,0.0,True,G,S,0.0
Mars,False,TRAPPIST-1e,35.0,False,771.0,0.0,183.0,0.0,0.0,False,E,P,954.0
Europa,False,TRAPPIST-1e,44.0,False,0.0,819.0,835.0,266.0,4056.0,False,C,S,5976.0
Earth,False,TRAPPIST-1e,13.0,False,0.0,671.0,0.0,8.0,0.0,True,G,P,679.0
Earth,False,TRAPPIST-1e,21.0,False,0.0,717.0,0.0,0.0,0.0,False,F,P,717.0
Europa,False,TRAPPIST-1e,37.0,False,0.0,4616.0,339.0,2008.0,175.0,True,C,S,7138.0
Earth,False,TRAPPIST-1e,27.0,False,0.0,1362.0,0.0,1267.0,0.0,True,F,S,2629.0
Earth,False,TRAPPIST-1e,34.0,False,228.0,0.0,150.0,15.0,1.0,False,G,P,394.0
Mars,False,55 Cancri e,21.0,False,861.0,0.0,310.0,0.0,0.0,False,F,P,1171.0
Earth,False,TRAPPIST-1e,38.0,False,395.0,1035.0,0.0,0.0,4.0,True,G,S,1434.0
Mars,False,TRAPPIST-1e,31.0,False,1979.0,0.0,2.0,112.0,0.0,False,F,S,2093.0
Mars,False,TRAPPIST-1e,61.0,False,1143.0,0.0,580.0,0.0,0.0,False,D,S,1723.0
Earth,False,TRAPPIST-1e,20.0,False,0.0,564.0,25.0,158.0,62.0,False,G,P,809.0
Earth,False,PSO J318.5-22,39.0,False,0.0,0.0,0.0,0.0,744.0,False,F,P,744.0
Mars,True,TRAPPIST-1e,29.0,False,0.0,0.0,0.0,0.0,0.0,True,F,P,0.0
Mars,True,55 Cancri e,68.0,False,0.0,0.0,0.0,0.0,0.0,True,F,P,0.0
Europa,False,55 Cancri e,38.0,False,0.0,201.0,0.0,1308.0,4085.0,False,E,P,5594.0
Earth,False,TRAPPIST-1e,31.0,False,3.0,0.0,0.0,747.0,43.0,True,F,P,793.0
Earth,False,TRAPPIST-1e,41.0,False,699.0,0.0,0.0,2.0,31.0,True,F,S,732.0
Europa,False,TRAPPIST-1e,29.0,False,19.0,4900.0,6.0,6324.0,2056.0,False,B,S,13305.0
Earth,False,TRAPPIST-1e,25.0,False,0.0,0.0,0.0,0.0,0.0,True,B,S,0.0
Earth,False,TRAPPIST-1e,27.0,False,0.0,0.0,23.0,30.0,815.0,False,F,P,868.0
Earth,False,TRAPPIST-1e,21.0,False,0.0,0.0,845.0,4.0,470.0,True,F,S,1319.0
Earth,False,TRAPPIST-1e,30.0,False,0.0,123.0,0.0,1.0,784.0,False,G,S,908.0
Mars,False,TRAPPIST-1e,40.0,False,2081.0,1.0,0.0,0.0,25.0,False,E,S,2107.0
Mars,False,TRAPPIST-1e,59.0,False,126.0,0.0,127.0,11.0,1393.0,False,F,S,1657.0
Earth,True,TRAPPIST-1e,35.0,False,0.0,0.0,0.0,0.0,0.0,False,G,P,0.0
Earth,False,TRAPPIST-1e,41.0,False,18.0,714.4862536656891,35.0,0.0,845.0,False,F,P,1612.4862536656892
Earth,False,55 Cancri e,36.0,False,695.0,714.4862536656891,0.0,0.0,0.0,False,F,P,1409.4862536656892
Earth,True,55 Cancri e,58.0,False,0.0,0.0,0.0,0.0,0.0,True,G,P,0.0
Earth,False,TRAPPIST-1e,27.0,False,0.0,0.0,0.0,908.0,0.0,False,G,S,908.0
Earth,False,TRAPPIST-1e,24.0,False,0.0,4.0,336.0,304.0,0.0,False,F,S,644.0
Earth,False,TRAPPIST-1e,50.0,False,0.0,896.0,1.0,0.0,5.0,True,F,S,902.0
Europa,False,TRAPPIST-1e,22.0,False,0.0,335.0,0.0,818.0,3014.0,False,A,P,4167.0
Mars,True,TRAPPIST-1e,26.0,False,0.0,0.0,0.0,0.0,0.0,False,E,S,0.0
Mars,True,TRAPPIST-1e,16.0,False,0.0,0.0,0.0,0.0,0.0,True,F,S,0.0
Earth,False,TRAPPIST-1e,56.0,False,0.0,605.0,0.0,179.0,0.0,False,G,P,784.0
Europa,False,55 Cancri e,25.0,False,0.0,1538.0,97.0,530.0,35.0,False,A,P,2200.0
Europa,False,TRAPPIST-1e,13.0,False,0.0,100.0,12253.0,6.0,80.0,True,B,S,12439.0
Europa,False,55 Cancri e,53.0,False,0.0,2606.0,0.0,1170.0,0.0,True,B,S,3776.0
Earth,True,TRAPPIST-1e,21.0,False,0.0,0.0,0.0,0.0,0.0,True,G,S,0.0
Earth,False,TRAPPIST-1e,18.0,False,289.0,1809.0,3.0,2.0,2.0,True,F,S,2105.0
Earth,False,TRAPPIST-1e,38.0,False,115.0,125.0,0.0,202.0,0.0,True,G,S,442.0
Earth,True,TRAPPIST-1e,20.0,False,0.0,0.0,0.0,0.0,0.0,True,G,S,0.0
Europa,True,TRAPPIST-1e,24.0,False,0.0,0.0,0.0,0.0,0.0,False,B,P,0.0
Europa,False,TRAPPIST-1e,56.0,False,0.0,13561.0,0.0,2.0,4088.0,True,B,P,17651.0
Earth,False,TRAPPIST-1e,47.0,False,285.0,600.0,3.0,0.0,640.0,False,F,S,1528.0
Mars,True,TRAPPIST-1e,21.0,False,0.0,0.0,0.0,0.0,0.0,True,F,S,0.0
Earth,False,PSO J318.5-22,27.0,False,0.0,67.0,661.0,0.0,0.0,True,F,P,728.0
Earth,False,TRAPPIST-1e,26.0,False,0.0,666.0,0.0,0.0,58.0,False,F,P,724.0
Earth,True,55 Cancri e,34.0,False,0.0,0.0,0.0,0.0,0.0,True,G,P,0.0
Earth,False,TRAPPIST-1e,35.0,False,102.0,780.0,6.0,0.0,0.0,True,G,S,888.0
Mars,True,TRAPPIST-1e,35.0,False,0.0,0.0,0.0,0.0,0.0,True,F,S,0.0
Europa,True,TRAPPIST-1e,49.0,False,0.0,0.0,0.0,0.0,0.0,True,C,S,0.0
Earth,False,TRAPPIST-1e,24.0,False,2.0,0.0,0.0,52.0,638.0,False,F,P,692.0
Earth,False,TRAPPIST-1e,62.0,False,94.0,267.0,2341.0,94.0,0.0,True,F,S,2796.0
Mars,False,TRAPPIST-1e,25.0,False,68.0,0.0,3700.0,0.0,0.0,True,D,P,3768.0
Europa,True,55 Cancri e,42.0,False,0.0,0.0,0.0,0.0,0.0,True,C,P,0.0
Earth,False,PSO J318.5-22,25.0,False,166.0,0.0,520.0,0.0,0.0,False,F,S,686.0
Earth,False,TRAPPIST-1e,21.0,False,588.0,0.0,17.0,0.0,1548.0,False,F,P,2153.0
Mars,True,TRAPPIST-1e,17.0,False,0.0,0.0,0.0,0.0,0.0,False,E,P,0.0
Earth,False,55 Cancri e,41.0,False,635.0,0.0,7.0,0.0,0.0,True,E,P,642.0
Earth,True,TRAPPIST-1e,50.0,False,0.0,0.0,0.0,0.0,0.0,False,G,P,0.0
Earth,False,PSO J318.5-22,20.0,False,0.0,90.0,561.0,2.0,0.0,True,F,P,653.0
Earth,True,TRAPPIST-1e,15.0,False,0.0,0.0,0.0,0.0,0.0,True,G,S,0.0
Mars,True,TRAPPIST-1e,29.0,False,0.0,0.0,0.0,0.0,0.0,True,F,S,0.0
Earth,False,TRAPPIST-1e,20.0,False,2532.0,1.0,0.0,59.0,10.0,True,F,P,2602.0
Europa,False,TRAPPIST-1e,35.0,False,345.0,4514.0,0.0,0.0,421.0,True,C,S,5280.0
Earth,False,PSO J318.5-22,22.0,False,0.0,115.0,273.0,485.74408365437534,218.0,True,G,S,1091.7440836543753
Earth,False,55 Cancri e,43.0,False,0.0,0.0,642.0,0.0,8.0,True,F,P,650.0
Earth,False,55 Cancri e,54.0,False,752.0,0.0,44.0,14.0,0.0,False,G,P,810.0
Earth,True,TRAPPIST-1e,15.0,False,0.0,0.0,0.0,0.0,0.0,True,G,P,0.0
Earth,True,55 Cancri e,38.0,False,0.0,0.0,0.0,0.0,0.0,True,B,P,0.0
Earth,False,TRAPPIST-1e,44.0,False,1175.0,0.0,13.0,642.0,498.0,False,G,P,2328.0
Earth,True,PSO J318.5-22,34.0,False,0.0,0.0,0.0,0.0,0.0,True,G,P,0.0
Earth,False,55 Cancri e,15.0,False,3.0,854.0,23.0,0.0,0.0,False,F,P,880.0
Earth,True,TRAPPIST-1e,24.0,False,0.0,0.0,0.0,0.0,0.0,False,G,P,0.0
Earth,False,TRAPPIST-1e,29.0,False,0.0,0.0,272.0,394.0,50.0,False,F,P,716.0
Earth,False,TRAPPIST-1e,19.0,False,0.0,1044.0,0.0,2.0,4.0,True,F,S,1050.0
Europa,False,TRAPPIST-1e,27.0,False,0.0,1891.0,0.0,2167.0,0.0,False,C,P,4058.0
Europa,False,TRAPPIST-1e,26.0,False,0.0,0.0,0.0,0.0,0.0,True,B,S,0.0
Europa,True,55 Cancri e,46.0,False,0.0,0.0,0.0,0.0,0.0,True,B,P,0.0
Earth,True,TRAPPIST-1e,64.0,False,0.0,0.0,0.0,0.0,0.0,True,F,S,0.0
Europa,False,TRAPPIST-1e,17.0,False,0.0,1339.0,26.0,244.0,15.0,False,C,P,1624.0
Europa,False,55 Cancri e,45.0,False,0.0,313.0,1791.0,414.0,1675.0,False,C,P,4193.0
Mars,False,TRAPPIST-1e,27.0,False,1228.0,0.0,0.0,0.0,0.0,False,F,S,1228.0
Earth,True,TRAPPIST-1e,29.0,False,0.0,0.0,0.0,0.0,0.0,False,G,P,0.0
Earth,True,PSO J318.5-22,18.0,False,0.0,0.0,0.0,0.0,0.0,True,G,P,0.0
Europa,True,TRAPPIST-1e,26.0,False,0.0,0.0,0.0,0.0,0.0,True,C,S,0.0
Europa,True,55 Cancri e,39.0,False,0.0,0.0,0.0,0.0,0.0,True,C,S,0.0
Earth,True,TRAPPIST-1e,59.0,False,0.0,0.0,0.0,0.0,0.0,True,G,S,0.0
Earth,False,TRAPPIST-1e,20.0,False,0.0,6.0,24.0,0.0,672.0,False,F,S,702.0
Earth,True,55 Cancri e,17.0,False,0.0,0.0,0.0,0.0,0.0,True,G,S,0.0
Earth,True,TRAPPIST-1e,47.0,False,0.0,0.0,0.0,0.0,0.0,True,G,S,0.0
Earth,False,PSO J318.5-22,29.0,False,2.0,3.0,1501.0,26.0,0.0,True,F,S,1532.0
Earth,False,TRAPPIST-1e,16.0,False,350.53903958944284,0.0,265.0,0.0,0.0,False,F,S,615.5390395894428
Earth,False,TRAPPIST-1e,48.0,False,12.0,0.0,0.0,0.0,796.0,False,G,P,808.0
Earth,False,PSO J318.5-22,39.0,False,0.0,69.0,29.0,424.0,18.0,False,F,S,540.0
Earth,True,55 Cancri e,28.0,False,0.0,0.0,0.0,0.0,0.0,True,G,S,0.0
Earth,True,55 Cancri e,12.0,False,0.0,0.0,0.0,0.0,0.0,True,G,S,0.0
Earth,True,TRAPPIST-1e,24.0,False,0.0,0.0,0.0,0.0,0.0,True,G,S,0.0
Mars,True,TRAPPIST-1e,30.0,False,0.0,0.0,0.0,0.0,0.0,True,E,P,0.0
Europa,True,TRAPPIST-1e,34.0,False,0.0,0.0,0.0,0.0,0.0,True,B,P,0.0
Mars,True,TRAPPIST-1e,37.0,False,0.0,0.0,0.0,0.0,0.0,True,F,P,0.0
Earth,False,TRAPPIST-1e,47.0,False,590.0,0.0,47.0,3.0,53.0,False,F,P,693.0
Earth,False,TRAPPIST-1e,0.0,False,0.0,0.0,0.0,0.0,0.0,False,G,S,0.0
Earth,True,TRAPPIST-1e,23.0,False,0.0,0.0,0.0,0.0,0.0,True,G,S,0.0
Earth,True,55 Cancri e,0.0,False,0.0,0.0,0.0,0.0,0.0,True,G,S,0.0
Earth,False,TRAPPIST-1e,20.0,False,402.0,25.0,9.0,373.0,0.0,False,G,P,809.0
Earth,False,TRAPPIST-1e,35.0,False,90.0,0.0,655.0,43.0,16.0,False,F,P,804.0
Earth,False,TRAPPIST-1e,18.0,False,0.0,0.0,827.0,0.0,0.0,True,G,S,827.0
Europa,True,55 Cancri e,17.0,False,0.0,0.0,0.0,0.0,0.0,True,B,P,0.0
Europa,False,TRAPPIST-1e,18.0,False,4.0,1337.0,0.0,0.0,182.0,False,B,P,1523.0
Europa,False,TRAPPIST-1e,53.0,False,0.0,0.0,0.0,0.0,0.0,True,B,P,0.0
Europa,False,55 Cancri e,35.0,False,0.0,2504.0,0.0,0.0,5496.0,False,B,P,8000.0
Europa,True,TRAPPIST-1e,48.0,False,0.0,0.0,0.0,0.0,0.0,True,C,S,0.0
Earth,False,TRAPPIST-1e,68.0,False,0.0,0.0,649.0,0.0,239.0,True,G,S,888.0
Earth,False,TRAPPIST-1e,27.0,False,17.0,65.0,74.0,1548.0,18.0,False,G,S,1722.0
Earth,False,55 Cancri e,28.0,False,32.0,0.0,304.0,291.0,2.0,True,E,P,629.0
Earth,False,TRAPPIST-1e,37.0,False,864.0,35.0,0.0,0.0,0.0,False,F,S,899.0
Mars,True,TRAPPIST-1e,35.0,False,0.0,0.0,0.0,0.0,0.0,True,F,S,0.0
Mars,False,TRAPPIST-1e,31.0,False,1002.0,0.0,270.12864211105006,0.0,0.0,True,F,S,1272.12864211105
Mars,False,55 Cancri e,14.0,False,1880.0,0.0,15.0,0.0,0.0,False,E,S,1895.0
Mars,False,TRAPPIST-1e,1.0,False,0.0,0.0,0.0,0.0,0.0,True,F,P,0.0
Mars,False,55 Cancri e,4.0,False,0.0,0.0,0.0,0.0,0.0,True,F,P,0.0
Mars,False,PSO J318.5-22,30.0,False,77.0,71.0,1147.0,0.0,0.0,False,E,P,1295.0
Mars,True,TRAPPIST-1e,11.0,False,0.0,0.0,0.0,0.0,0.0,True,F,P,0.0
Earth,False,TRAPPIST-1e,45.0,False,1595.0,0.0,0.0,0.0,13.0,False,E,P,1608.0
Europa,False,TRAPPIST-1e,29.0,False,0.0,841.0,0.0,1733.0,11.0,False,E,P,2585.0
Europa,True,TRAPPIST-1e,32.0,False,0.0,0.0,0.0,0.0,0.0,True,E,P,0.0
Europa,True,55 Cancri e,15.0,False,0.0,0.0,0.0,0.0,0.0,True,E,P,0.0
Europa,True,TRAPPIST-1e,25.0,False,0.0,0.0,0.0,0.0,0.0,True,E,P,0.0
Europa,False,TRAPPIST-1e,25.0,False,0.0,4.0,0.0,1525.0,475.0,False,E,P,2004.0
Earth,False,TRAPPIST-1e,60.0,False,707.0,24.0,0.0,0.0,170.0,False,F,P,901.0
Earth,False,PSO J318.5-22,24.0,False,61.0,0.0,0.0,0.0,1495.0,False,E,P,1556.0
Europa,True,TRAPPIST-1e,35.0,False,0.0,0.0,0.0,0.0,0.0,True,D,S,0.0
Earth,False,TRAPPIST-1e,36.0,False,350.53903958944284,361.0,512.0,34.0,0.0,True,G,P,1257.5390395894428
Earth,False,55 Cancri e,22.0,False,0.0,833.0,381.0,0.0,12.0,True,F,S,1226.0
Earth,True,PSO J318.5-22,32.0,False,0.0,0.0,0.0,0.0,0.0,True,G,P,0.0
Europa,False,TRAPPIST-1e,57.0,False,0.0,218.0,0.0,8522.0,0.0,False,C,P,8740.0
Europa,False,TRAPPIST-1e,30.0,False,0.0,714.4862536656891,335.0,143.0,764.0,True,C,P,1956.4862536656892
Europa,False,TRAPPIST-1e,46.0,False,0.0,370.0,0.0,2395.0,1638.0,False,C,P,4403.0
Earth,False,TRAPPIST-1e,28.0,False,62.0,202.0,542.0,0.0,476.35311409149364,True,F,P,1282.3531140914936
Europa,True,55 Cancri e,26.0,False,0.0,0.0,0.0,0.0,0.0,True,B,S,0.0
Earth,False,TRAPPIST-1e,55.0,False,0.0,0.0,719.0,274.0,0.0,False,E,P,993.0
Earth,True,TRAPPIST-1e,66.0,False,0.0,0.0,0.0,0.0,0.0,True,G,P,0.0
Earth,False,TRAPPIST-1e,20.0,False,0.0,1.0,34.0,0.0,774.0,False,G,P,809.0
Earth,False,PSO J318.5-22,31.0,False,239.0,321.0,0.0,0.0,124.0,False,F,P,684.0
Mars,False,TRAPPIST-1e,13.0,False,0.0,0.0,0.0,0.0,0.0,False,E,P,0.0
Earth,True,TRAPPIST-1e,50.0,False,0.0,0.0,0.0,0.0,0.0,True,G,P,0.0
Europa,True,TRAPPIST-1e,21.0,False,0.0,0.0,0.0,0.0,0.0,True,B,P,0.0
Europa,True,TRAPPIST-1e,25.0,False,0.0,0.0,0.0,0.0,0.0,True,B,P,0.0
Earth,True,TRAPPIST-1e,46.0,False,0.0,0.0,0.0,0.0,0.0,True,G,S,0.0
Europa,False,TRAPPIST-1e,0.0,False,0.0,0.0,0.0,0.0,0.0,True,A,P,0.0
Europa,False,TRAPPIST-1e,2.0,False,0.0,0.0,0.0,0.0,476.35311409149364,True,A,P,476.35311409149364
Europa,False,TRAPPIST-1e,36.0,False,994.0,526.0,0.0,7.0,1279.0,False,A,P,2806.0
Europa,True,55 Cancri e,19.0,False,0.0,0.0,0.0,0.0,0.0,True,A,P,0.0
Europa,True,55 Cancri e,35.0,False,0.0,0.0,0.0,0.0,0.0,True,A,P,0.0
Europa,True,55 Cancri e,41.0,True,0.0,0.0,0.0,0.0,0.0,True,A,P,0.0
Earth,True,TRAPPIST-1e,22.0,False,0.0,0.0,0.0,0.0,0.0,True,G,S,0.0
Mars,False,TRAPPIST-1e,25.0,True,350.53903958944284,280.0,714.0,0.0,0.0,False,D,P,1344.5390395894428
Earth,False,55 Cancri e,24.0,False,700.0,0.0,0.0,0.0,0.0,False,F,P,700.0
Earth,False,TRAPPIST-1e,37.0,False,18.0,238.0,0.0,528.0,0.0,False,G,P,784.0
Earth,True,TRAPPIST-1e,5.0,False,0.0,0.0,0.0,0.0,0.0,False,G,P,0.0
Earth,True,TRAPPIST-1e,27.0,False,0.0,0.0,0.0,0.0,0.0,True,G,P,0.0
Mars,True,TRAPPIST-1e,41.0,False,0.0,0.0,0.0,0.0,0.0,True,F,P,0.0
Europa,False,TRAPPIST-1e,44.0,False,0.0,0.0,0.0,0.0,0.0,True,A,S,0.0
Earth,True,TRAPPIST-1e,23.0,False,0.0,0.0,0.0,0.0,0.0,True,G,S,0.0
Europa,True,55 Cancri e,28.0,False,0.0,0.0,0.0,0.0,0.0,True,E,S,0.0
Europa,False,55 Cancri e,27.0,False,0.0,33.0,9.0,1847.0,2035.0,False,E,S,3924.0
Europa,True,55 Cancri e,40.0,False,0.0,0.0,0.0,0.0,0.0,True,E,S,0.0
Europa,True,55 Cancri e,27.0,False,0.0,0.0,0.0,0.0,0.0,True,C,P,0.0
Europa,True,55 Cancri e,17.0,False,0.0,0.0,0.0,0.0,0.0,True,C,P,0.0
Europa,False,TRAPPIST-1e,32.0,False,0.0,390.0,60.0,5015.0,211.0,False,C,P,5676.0
Earth,False,TRAPPIST-1e,29.0,False,68.0,74.0,713.0,37.0,15.0,True,G,P,907.0
Earth,False,TRAPPIST-1e,29.0,False,0.0,316.0,0.0,485.74408365437534,338.0,True,G,P,1139.7440836543753
Europa,False,TRAPPIST-1e,41.0,False,0.0,371.0,0.0,1701.0,21.0,False,A,S,2093.0
Europa,True,55 Cancri e,48.0,False,0.0,0.0,0.0,0.0,0.0,True,A,S,0.0
Europa,False,TRAPPIST-1e,27.0,False,2664.0,15.0,0.0,109.0,2.0,False,A,S,2790.0
Earth,False,TRAPPIST-1e,14.0,False,0.0,6.0,791.0,49.0,0.0,True,G,S,846.0
Earth,False,TRAPPIST-1e,32.0,False,3135.0,2.0,0.0,0.0,0.0,False,F,P,3137.0
Europa,False,55 Cancri e,47.0,False,0.0,2699.0,0.0,671.0,8.0,True,C,S,3378.0
Europa,True,55 Cancri e,14.0,False,0.0,0.0,0.0,0.0,0.0,True,C,S,0.0
Europa,True,55 Cancri e,37.0,True,0.0,0.0,0.0,0.0,0.0,True,C,S,0.0
Europa,True,55 Cancri e,33.0,False,0.0,0.0,0.0,0.0,0.0,True,C,S,0.0
Mars,False,TRAPPIST-1e,33.0,False,1373.0,0.0,23.0,920.0,6.0,True,D,S,2322.0
Earth,False,TRAPPIST-1e,44.0,False,0.0,714.0,174.0,0.0,0.0,True,G,S,888.0
Earth,False,TRAPPIST-1e,37.0,False,0.0,1190.0,4.0,455.0,71.0,True,G,S,1720.0
Earth,False,PSO J318.5-22,18.0,False,103.0,0.0,181.0,1611.0,22.0,False,F,S,1917.0
Earth,False,TRAPPIST-1e,33.0,False,1288.0,2.0,0.0,0.0,1.0,True,F,S,1291.0
Mars,False,TRAPPIST-1e,21.0,False,1244.0,0.0,1119.0,0.0,3.0,False,F,P,2366.0
Mars,False,TRAPPIST-1e,38.0,False,1717.0,16.0,39.0,0.0,48.0,False,F,P,1820.0
Mars,False,55 Cancri e,16.0,False,1337.0,0.0,2614.0,0.0,0.0,False,D,P,3951.0
Mars,True,TRAPPIST-1e,58.0,False,0.0,0.0,0.0,0.0,0.0,False,E,P,0.0
Mars,False,TRAPPIST-1e,41.0,False,1203.0,756.0,140.0,0.0,0.0,False,E,P,2099.0
Earth,False,PSO J318.5-22,28.0,False,545.0,0.0,501.0,0.0,0.0,False,F,P,1046.0
Earth,True,TRAPPIST-1e,28.0,False,0.0,0.0,0.0,0.0,0.0,True,G,P,0.0
Europa,True,TRAPPIST-1e,31.0,False,0.0,0.0,0.0,0.0,0.0,True,C,P,0.0
Mars,True,TRAPPIST-1e,27.0,False,0.0,0.0,0.0,0.0,0.0,True,F,S,0.0
Mars,False,TRAPPIST-1e,7.0,False,0.0,0.0,0.0,0.0,476.35311409149364,True,F,S,476.35311409149364
Mars,False,TRAPPIST-1e,25.0,False,1610.0,29.0,6.0,0.0,0.0,False,F,S,1645.0
Mars,False,TRAPPIST-1e,34.0,False,470.0,0.0,270.12864211105006,45.0,539.0,False,D,S,1324.12864211105
Earth,False,TRAPPIST-1e,21.0,False,0.0,13.0,813.0,0.0,0.0,True,G,P,826.0
Earth,False,TRAPPIST-1e,29.0,False,0.0,95.0,424.0,1.0,364.0,False,G,P,884.0
Mars,True,TRAPPIST-1e,23.0,False,0.0,0.0,0.0,0.0,0.0,True,F,S,0.0
Mars,True,TRAPPIST-1e,31.0,False,0.0,0.0,0.0,0.0,0.0,False,E,S,0.0
Europa,True,TRAPPIST-1e,50.0,False,0.0,0.0,0.0,0.0,0.0,True,B,P,0.0
Europa,False,TRAPPIST-1e,25.0,False,0.0,0.0,0.0,0.0,0.0,False,B,P,0.0
Europa,False,TRAPPIST-1e,25.0,True,0.0,4209.0,0.0,2.0,896.0,True,C,S,5107.0
Earth,False,TRAPPIST-1e,23.0,False,0.0,0.0,12.0,726.0,19.0,False,F,P,757.0
Earth,False,PSO J318.5-22,46.0,False,0.0,0.0,743.0,4.0,6.0,True,G,P,753.0
Earth,False,TRAPPIST-1e,0.0,False,0.0,0.0,0.0,0.0,0.0,True,G,P,0.0
Mars,False,TRAPPIST-1e,53.0,False,1964.0,0.0,635.0,0.0,0.0,False,F,S,2599.0
Earth,False,55 Cancri e,25.0,False,76.0,600.0,0.0,0.0,25.0,False,F,P,701.0
Mars,False,PSO J318.5-22,30.0,False,51.0,0.0,1373.0,0.0,5.0,True,F,P,1429.0
Mars,True,TRAPPIST-1e,18.0,False,0.0,0.0,0.0,0.0,0.0,True,F,P,0.0
Mars,False,TRAPPIST-1e,20.0,False,0.0,0.0,0.0,0.0,0.0,False,E,P,0.0
Earth,False,55 Cancri e,54.0,False,0.0,704.0,0.0,0.0,0.0,False,F,S,704.0
Earth,False,TRAPPIST-1e,20.0,False,0.0,97.0,725.0,26.0,104.0,True,G,P,952.0
Mars,False,TRAPPIST-1e,32.0,False,2937.0,60.0,696.0,0.0,0.0,False,F,S,3693.0
Mars,False,TRAPPIST-1e,31.0,False,76.0,0.0,2398.0,102.0,23.0,True,F,S,2599.0
Mars,True,TRAPPIST-1e,55.0,False,0.0,0.0,0.0,0.0,0.0,True,F,S,0.0
Earth,False,PSO J318.5-22,16.0,False,399.0,0.0,3.0,0.0,137.0,False,G,P,539.0
Earth,True,TRAPPIST-1e,0.0,False,0.0,0.0,0.0,0.0,0.0,True,G,P,0.0
Earth,True,TRAPPIST-1e,3.0,False,0.0,0.0,0.0,0.0,0.0,True,G,P,0.0
Earth,False,TRAPPIST-1e,33.0,False,47.0,0.0,0.0,485.74408365437534,3047.0,False,F,P,3579.7440836543756
Earth,True,TRAPPIST-1e,45.0,False,0.0,0.0,0.0,0.0,0.0,True,G,P,0.0
Earth,True,TRAPPIST-1e,6.0,False,0.0,0.0,0.0,0.0,0.0,False,G,P,0.0
Earth,False,TRAPPIST-1e,33.0,False,0.0,0.0,704.0,0.0,0.0,False,F,P,704.0
Earth,True,55 Cancri e,14.0,False,0.0,0.0,0.0,0.0,0.0,True,G,S,0.0
Earth,False,55 Cancri e,24.0,False,1.0,0.0,0.0,691.0,0.0,False,F,P,692.0
Earth,False,TRAPPIST-1e,47.0,False,0.0,758.0,0.0,0.0,1417.0,False,F,S,2175.0
Europa,False,TRAPPIST-1e,37.0,False,0.0,7920.0,270.0,1.0,322.0,True,B,S,8513.0
Europa,True,55 Cancri e,14.0,False,0.0,0.0,0.0,0.0,0.0,True,B,S,0.0
Europa,True,TRAPPIST-1e,44.0,False,0.0,0.0,0.0,0.0,0.0,True,B,S,0.0
Europa,False,TRAPPIST-1e,11.0,False,0.0,0.0,0.0,0.0,0.0,True,B,S,0.0
Europa,True,55 Cancri e,15.0,False,0.0,0.0,0.0,0.0,0.0,True,C,S,0.0
Europa,False,TRAPPIST-1e,39.0,False,2167.0,30.0,1472.0,485.74408365437534,0.0,True,C,S,4154.744083654376
Earth,False,PSO J318.5-22,15.0,False,350.53903958944284,0.0,533.0,72.0,0.0,False,F,S,955.5390395894428
Earth,False,55 Cancri e,60.0,False,0.0,0.0,0.0,8.0,698.0,False,G,S,706.0
Earth,False,TRAPPIST-1e,49.0,False,0.0,366.0,0.0,0.0,401.0,True,G,S,767.0
Earth,False,PSO J318.5-22,23.0,False,8.0,173.0,0.0,1052.0,0.0,False,F,P,1233.0
Earth,False,TRAPPIST-1e,9.0,False,0.0,0.0,0.0,0.0,0.0,True,F,P,0.0
Earth,True,TRAPPIST-1e,0.0,False,0.0,0.0,0.0,0.0,0.0,False,F,P,0.0
Earth,False,TRAPPIST-1e,17.0,False,108.0,4.0,1898.0,13.0,0.0,False,F,P,2023.0
Earth,True,PSO J318.5-22,42.0,False,0.0,0.0,0.0,0.0,0.0,True,F,P,0.0
Earth,True,TRAPPIST-1e,16.0,False,0.0,0.0,0.0,0.0,0.0,True,F,P,0.0
Earth,False,55 Cancri e,0.0,False,0.0,0.0,0.0,0.0,0.0,True,F,P,0.0
Earth,False,TRAPPIST-1e,26.0,False,113.0,38.0,0.0,0.0,630.0,False,F,P,781.0
Earth,False,TRAPPIST-1e,56.0,False,2.0,736.0,0.0,71.0,0.0,False,G,P,809.0
Mars,False,55 Cancri e,26.0,False,866.0,0.0,0.0,0.0,0.0,True,D,P,866.0
Mars,False,TRAPPIST-1e,41.0,False,145.0,0.0,2383.0,30.0,40.0,True,F,P,2598.0
Mars,False,TRAPPIST-1e,27.0,False,20.0,0.0,1000.0,36.0,0.0,True,D,S,1056.0
Earth,False,TRAPPIST-1e,31.0,False,470.0,0.0,0.0,182.0,52.0,False,G,P,704.0
Earth,False,TRAPPIST-1e,40.0,False,3.0,0.0,61.0,0.0,742.0,True,F,P,806.0
Europa,True,55 Cancri e,40.0,False,0.0,0.0,0.0,0.0,0.0,True,C,S,0.0
Earth,True,TRAPPIST-1e,15.0,False,0.0,0.0,0.0,0.0,0.0,True,G,P,0.0
Europa,False,TRAPPIST-1e,50.0,True,0.0,7293.0,136.0,97.0,440.0,True,B,S,7966.0
Europa,False,55 Cancri e,42.0,False,1751.0,516.0,0.0,12.0,672.0,False,A,P,2951.0
Europa,False,TRAPPIST-1e,50.0,False,52.0,996.0,0.0,700.0,1.0,False,E,S,1749.0
Earth,False,TRAPPIST-1e,39.0,False,14.0,583.0,310.0,0.0,0.0,True,G,S,907.0
Earth,False,TRAPPIST-1e,27.0,False,0.0,714.4862536656891,192.0,38.0,599.0,False,F,P,1543.4862536656892
Mars,True,TRAPPIST-1e,20.0,False,0.0,0.0,0.0,0.0,0.0,True,E,S,0.0
Mars,False,TRAPPIST-1e,30.0,False,768.0,11.0,2010.0,0.0,0.0,True,E,S,2789.0
Mars,True,TRAPPIST-1e,16.0,False,0.0,0.0,0.0,0.0,0.0,True,F,S,0.0
Earth,True,TRAPPIST-1e,36.0,False,0.0,0.0,0.0,0.0,0.0,True,E,S,0.0
Mars,True,55 Cancri e,68.0,False,0.0,0.0,0.0,0.0,0.0,True,E,S,0.0
Earth,False,55 Cancri e,22.0,False,38.0,19.0,348.0,217.0,115.0,False,F,P,737.0
Mars,False,55 Cancri e,36.0,False,1339.0,6.0,7810.0,0.0,0.0,True,E,S,9155.0
Earth,True,55 Cancri e,3.0,False,0.0,0.0,0.0,0.0,0.0,False,G,P,0.0
Earth,False,TRAPPIST-1e,28.0,False,944.0,0.0,0.0,0.0,75.0,False,G,P,1019.0
Earth,True,PSO J318.5-22,32.0,False,0.0,0.0,0.0,0.0,0.0,True,G,P,0.0
Earth,False,TRAPPIST-1e,10.0,False,0.0,0.0,0.0,0.0,0.0,True,G,P,0.0
Earth,True,55 Cancri e,0.0,False,0.0,0.0,0.0,0.0,0.0,False,G,P,0.0
Earth,True,TRAPPIST-1e,9.0,False,0.0,0.0,0.0,0.0,0.0,True,G,P,0.0
Earth,False,TRAPPIST-1e,37.0,False,21.0,54.0,5.0,178.0,431.0,False,F,S,689.0
Earth,False,TRAPPIST-1e,31.0,False,32.0,2667.0,0.0,0.0,9.0,True,F,P,2708.0
Earth,False,TRAPPIST-1e,31.0,False,350.53903958944284,0.0,0.0,1490.0,0.0,False,F,P,1840.5390395894428
Earth,False,TRAPPIST-1e,43.0,False,142.0,1208.0,0.0,0.0,204.0,False,F,P,1554.0
Earth,False,TRAPPIST-1e,15.0,False,0.0,532.0,29.0,0.0,163.0,False,F,S,724.0
Earth,False,TRAPPIST-1e,58.0,False,350.53903958944284,0.0,0.0,444.0,0.0,True,G,S,794.5390395894428
Mars,True,TRAPPIST-1e,30.0,False,0.0,0.0,0.0,0.0,0.0,True,F,S,0.0
Mars,False,TRAPPIST-1e,24.0,False,3481.0,0.0,1236.0,2.0,256.0,False,F,S,4975.0
Earth,False,TRAPPIST-1e,49.0,False,0.0,69.0,92.0,1600.0,15.0,False,G,S,1776.0
Europa,False,55 Cancri e,73.0,False,181.0,1.0,840.0,2618.0,1949.0,False,A,S,5589.0
Europa,True,TRAPPIST-1e,14.0,False,0.0,0.0,0.0,0.0,0.0,True,A,S,0.0
Europa,True,TRAPPIST-1e,50.0,False,0.0,0.0,0.0,0.0,0.0,True,A,S,0.0
Europa,True,TRAPPIST-1e,12.0,False,0.0,0.0,0.0,0.0,0.0,True,A,S,0.0
Earth,True,TRAPPIST-1e,2.0,False,0.0,0.0,0.0,0.0,0.0,True,G,P,0.0
Earth,False,TRAPPIST-1e,49.0,False,355.0,449.0,8.0,0.0,0.0,False,G,P,812.0
Earth,True,TRAPPIST-1e,32.0,False,0.0,0.0,0.0,0.0,0.0,False,G,P,0.0
Earth,True,TRAPPIST-1e,27.0,False,0.0,0.0,0.0,0.0,0.0,False,G,P,0.0
Mars,True,TRAPPIST-1e,33.0,False,0.0,0.0,0.0,0.0,0.0,True,F,P,0.0
Earth,False,TRAPPIST-1e,23.0,False,7.0,0.0,0.0,716.0,800.0,True,E,S,1523.0
Earth,True,TRAPPIST-1e,23.0,False,0.0,0.0,0.0,0.0,0.0,True,G,S,0.0
Mars,True,TRAPPIST-1e,43.0,False,0.0,0.0,0.0,0.0,0.0,True,E,P,0.0
Earth,False,TRAPPIST-1e,36.0,False,1912.0,0.0,0.0,2.0,0.0,False,F,S,1914.0
Mars,True,TRAPPIST-1e,26.0,False,0.0,0.0,0.0,0.0,0.0,True,F,P,0.0
Mars,True,55 Cancri e,29.0,False,0.0,0.0,0.0,0.0,0.0,True,E,S,0.0
Europa,True,TRAPPIST-1e,21.0,False,0.0,0.0,0.0,0.0,0.0,True,B,S,0.0
Europa,True,55 Cancri e,30.0,False,0.0,0.0,0.0,0.0,0.0,True,B,S,0.0
Mars,False,55 Cancri e,23.0,False,71.0,0.0,1376.0,0.0,890.0,False,E,S,2337.0
Europa,True,TRAPPIST-1e,13.0,False,0.0,0.0,0.0,0.0,0.0,True,D,P,0.0
Earth,False,TRAPPIST-1e,22.0,False,735.0,138.0,270.12864211105006,0.0,0.0,False,F,P,1143.12864211105
Earth,True,PSO J318.5-22,25.0,False,0.0,0.0,0.0,0.0,0.0,False,G,P,0.0
Earth,False,TRAPPIST-1e,52.0,False,2.0,46.0,800.0,0.0,773.0,False,E,P,1621.0
Earth,False,TRAPPIST-1e,22.0,False,0.0,752.0,18.0,0.0,18.0,True,E,S,788.0
Europa,False,55 Cancri e,31.0,False,0.0,1604.0,4058.0,4094.0,124.0,False,C,P,9880.0
Mars,False,TRAPPIST-1e,23.0,False,3211.0,4.0,243.0,0.0,0.0,False,E,P,3458.0
Earth,False,PSO J318.5-22,35.0,False,22.0,0.0,1179.0,0.0,33.0,False,F,S,1234.0
Europa,True,TRAPPIST-1e,26.0,False,0.0,0.0,0.0,0.0,0.0,True,B,P,0.0
Europa,True,TRAPPIST-1e,14.0,False,0.0,0.0,0.0,0.0,0.0,True,B,P,0.0
Europa,False,55 Cancri e,39.0,False,0.0,60.0,0.0,310.0,4674.0,False,B,P,5044.0
Europa,False,TRAPPIST-1e,8.0,False,0.0,0.0,0.0,0.0,0.0,True,B,P,0.0
Earth,True,PSO J318.5-22,29.0,False,0.0,0.0,0.0,0.0,0.0,True,G,S,0.0
Earth,True,PSO J318.5-22,15.0,False,0.0,0.0,0.0,0.0,0.0,True,G,S,0.0
Earth,True,TRAPPIST-1e,48.0,False,0.0,0.0,0.0,0.0,0.0,True,G,S,0.0
Earth,False,TRAPPIST-1e,9.0,False,0.0,0.0,0.0,0.0,0.0,False,G,S,0.0
Earth,False,TRAPPIST-1e,25.0,False,0.0,10.0,909.0,0.0,17.0,False,F,S,936.0
Europa,True,TRAPPIST-1e,13.0,False,0.0,0.0,0.0,0.0,0.0,True,A,P,0.0
Europa,True,55 Cancri e,25.0,False,0.0,0.0,0.0,0.0,0.0,True,A,P,0.0
Europa,False,TRAPPIST-1e,27.0,False,69.0,2878.0,0.0,4232.0,3798.0,False,D,S,10977.0
Europa,True,TRAPPIST-1e,32.0,False,0.0,0.0,0.0,0.0,0.0,True,D,S,0.0
Europa,False,55 Cancri e,20.0,False,0.0,17958.0,99.0,14.0,57.0,True,C,S,18128.0
Europa,False,55 Cancri e,40.0,False,6103.0,7570.0,860.0,13117.0,192.0,False,C,S,27842.0
Earth,False,TRAPPIST-1e,18.0,False,0.0,18.0,73.0,2134.0,25.0,False,F,P,2250.0
Earth,False,TRAPPIST-1e,21.0,False,0.0,0.0,901.0,3.0,0.0,False,F,P,904.0
Earth,False,TRAPPIST-1e,38.0,False,190.0,1.0,616.0,0.0,476.35311409149364,True,G,S,1283.3531140914936
Europa,False,55 Cancri e,62.0,False,362.0,1049.0,46.0,104.0,829.0,True,A,P,2390.0
Earth,True,TRAPPIST-1e,23.0,False,0.0,0.0,0.0,0.0,0.0,True,G,S,0.0
Mars,False,TRAPPIST-1e,48.0,True,2191.0,0.0,172.0,1.0,0.0,False,F,S,2364.0
Mars,True,TRAPPIST-1e,27.0,False,0.0,0.0,0.0,0.0,0.0,False,E,S,0.0
Mars,True,55 Cancri e,32.0,False,0.0,0.0,0.0,0.0,0.0,True,F,P,0.0
Mars,False,TRAPPIST-1e,53.0,False,0.0,0.0,0.0,0.0,0.0,False,E,P,0.0
Earth,False,TRAPPIST-1e,26.0,False,0.0,0.0,1.0,0.0,398.0,True,G,S,399.0
Mars,True,TRAPPIST-1e,46.0,False,0.0,0.0,0.0,0.0,0.0,True,F,S,0.0
Earth,False,TRAPPIST-1e,32.0,False,0.0,326.0,31.0,5.0,545.0,False,G,S,907.0
Earth,False,TRAPPIST-1e,40.0,False,862.0,0.0,0.0,0.0,59.0,False,F,S,921.0
Mars,False,TRAPPIST-1e,27.0,False,725.0,0.0,1660.0,0.0,0.0,True,D,P,2385.0
Earth,False,TRAPPIST-1e,28.0,False,0.0,669.0,0.0,1.0,2.0,True,F,S,672.0
Europa,True,TRAPPIST-1e,29.0,False,0.0,0.0,0.0,0.0,0.0,True,B,S,0.0
Mars,True,TRAPPIST-1e,37.0,False,0.0,0.0,0.0,0.0,0.0,True,F,S,0.0
Mars,False,TRAPPIST-1e,0.0,False,0.0,0.0,0.0,0.0,0.0,True,F,S,0.0
Mars,False,TRAPPIST-1e,12.0,False,0.0,0.0,0.0,0.0,0.0,True,F,S,0.0
Europa,False,TRAPPIST-1e,25.0,False,0.0,4612.0,0.0,2585.0,1919.0,False,C,P,9116.0
Mars,False,TRAPPIST-1e,27.0,False,473.0,0.0,575.0,0.0,0.0,False,E,S,1048.0
Mars,False,TRAPPIST-1e,3.0,False,0.0,0.0,0.0,0.0,0.0,True,F,S,0.0
Mars,False,TRAPPIST-1e,9.0,False,0.0,0.0,0.0,0.0,0.0,True,F,S,0.0
Europa,False,55 Cancri e,27.0,False,146.0,3786.0,490.0,0.0,18.0,True,F,S,4440.0
Europa,False,TRAPPIST-1e,59.0,False,0.0,0.0,0.0,0.0,0.0,True,A,P,0.0
Europa,True,TRAPPIST-1e,24.0,False,0.0,0.0,0.0,0.0,0.0,False,A,P,0.0
Earth,True,TRAPPIST-1e,16.0,False,0.0,0.0,0.0,0.0,0.0,True,G,S,0.0
Mars,False,TRAPPIST-1e,16.0,False,501.0,974.0,1164.0,0.0,0.0,False,F,S,2639.0
Europa,True,TRAPPIST-1e,46.0,False,0.0,0.0,0.0,0.0,0.0,True,D,P,0.0
Earth,False,PSO J318.5-22,25.0,False,0.0,1428.0,0.0,1483.0,0.0,False,F,P,2911.0
Earth,False,TRAPPIST-1e,39.0,False,130.0,741.0,0.0,0.0,0.0,False,F,S,871.0
Earth,False,TRAPPIST-1e,15.0,False,0.0,0.0,0.0,938.0,44.0,False,E,S,982.0
Earth,False,55 Cancri e,16.0,False,43.0,3.0,750.0,0.0,0.0,True,F,S,796.0
Mars,False,TRAPPIST-1e,35.0,False,1719.0,4389.0,1015.0,0.0,14.0,True,F,P,7137.0
Mars,False,55 Cancri e,43.0,False,528.0,13.0,1583.0,11.0,0.0,False,E,P,2135.0
Mars,True,TRAPPIST-1e,7.0,False,0.0,0.0,0.0,0.0,0.0,True,F,P,0.0
Earth,True,TRAPPIST-1e,29.0,False,0.0,0.0,0.0,0.0,0.0,True,G,P,0.0
Europa,False,TRAPPIST-1e,60.0,False,0.0,960.0,46.0,854.0,17074.0,False,C,S,18934.0
Earth,False,TRAPPIST-1e,49.0,False,173.0,0.0,18.0,580.0,1.0,False,G,S,772.0
Mars,False,TRAPPIST-1e,50.0,False,118.0,0.0,1041.0,0.0,0.0,True,F,S,1159.0
Europa,False,TRAPPIST-1e,40.0,False,0.0,120.0,0.0,2814.0,318.0,False,C,P,3252.0
Mars,True,TRAPPIST-1e,49.0,False,0.0,0.0,0.0,0.0,0.0,True,F,S,0.0
Mars,False,TRAPPIST-1e,18.0,False,1988.0,0.0,95.0,0.0,0.0,False,E,S,2083.0
Mars,True,TRAPPIST-1e,29.0,False,0.0,0.0,0.0,0.0,0.0,True,F,S,0.0
Mars,False,TRAPPIST-1e,56.0,True,995.0,0.0,177.0,0.0,739.0,False,F,P,1911.0
Earth,True,PSO J318.5-22,29.0,False,0.0,0.0,0.0,0.0,0.0,True,G,S,0.0
Earth,False,TRAPPIST-1e,29.0,False,0.0,10.0,0.0,5.0,975.0,False,E,S,990.0
Europa,False,TRAPPIST-1e,22.0,False,0.0,1914.0,2090.0,100.0,0.0,True,C,S,4104.0
Europa,True,55 Cancri e,24.0,False,0.0,0.0,0.0,0.0,0.0,True,C,S,0.0
Europa,False,TRAPPIST-1e,23.0,False,69.0,6101.0,0.0,0.0,214.0,True,C,S,6384.0
Europa,False,TRAPPIST-1e,28.0,True,0.0,14076.0,0.0,928.0,372.0,True,C,S,15376.0
Europa,True,55 Cancri e,19.0,False,0.0,0.0,0.0,0.0,0.0,True,C,S,0.0
Europa,False,TRAPPIST-1e,32.0,False,0.0,89.0,0.0,8330.0,1.0,False,C,S,8420.0
Earth,False,TRAPPIST-1e,37.0,False,0.0,0.0,0.0,0.0,0.0,True,G,S,0.0
Earth,False,TRAPPIST-1e,26.0,False,0.0,0.0,677.0,1.0,108.0,False,G,P,786.0
Earth,False,TRAPPIST-1e,43.0,False,1944.0,17.0,657.0,0.0,0.0,True,F,P,2618.0
Earth,False,TRAPPIST-1e,25.0,False,439.0,0.0,0.0,557.0,0.0,False,E,S,996.0
Earth,False,TRAPPIST-1e,11.0,False,0.0,0.0,0.0,0.0,0.0,False,G,S,0.0
Earth,False,TRAPPIST-1e,4.0,False,0.0,0.0,0.0,0.0,0.0,True,G,P,0.0
Earth,True,TRAPPIST-1e,32.0,False,0.0,0.0,0.0,0.0,0.0,True,G,P,0.0
Earth,False,TRAPPIST-1e,15.0,False,9.0,776.0,4.0,0.0,2.0,True,E,P,791.0
Earth,True,TRAPPIST-1e,17.0,False,0.0,0.0,0.0,0.0,0.0,True,G,S,0.0
Europa,True,55 Cancri e,37.0,False,0.0,0.0,0.0,0.0,0.0,True,C,P,0.0
Earth,False,TRAPPIST-1e,20.0,False,559.0,0.0,83.0,112.0,0.0,True,G,S,754.0
Mars,False,TRAPPIST-1e,47.0,False,160.0,0.0,1232.0,36.0,0.0,True,F,P,1428.0
Mars,False,55 Cancri e,16.0,False,1228.0,0.0,450.0,446.0,476.35311409149364,False,E,P,2600.353114091494
Earth,True,TRAPPIST-1e,8.0,False,0.0,0.0,0.0,0.0,0.0,True,G,S,0.0
Earth,False,TRAPPIST-1e,22.0,False,245.0,0.0,0.0,661.0,1.0,False,G,P,907.0
Mars,False,TRAPPIST-1e,39.0,False,9.0,0.0,687.0,0.0,0.0,True,F,S,696.0
Europa,True,55 Cancri e,57.0,False,0.0,0.0,0.0,0.0,0.0,True,B,S,0.0
Europa,True,TRAPPIST-1e,29.0,False,0.0,0.0,0.0,0.0,0.0,True,C,P,0.0
Europa,True,55 Cancri e,27.0,False,0.0,0.0,0.0,0.0,0.0,True,B,S,0.0
Earth,False,TRAPPIST-1e,70.0,False,28.0,0.0,0.0,672.0,104.0,False,F,P,804.0
Europa,True,TRAPPIST-1e,13.0,False,0.0,0.0,0.0,0.0,0.0,True,B,S,0.0
Europa,False,TRAPPIST-1e,49.0,False,0.0,1757.0,0.0,797.0,567.0,True,B,S,3121.0
Earth,False,55 Cancri e,25.0,False,0.0,12.0,851.0,19.0,103.0,False,E,S,985.0
Europa,True,55 Cancri e,19.0,False,0.0,0.0,0.0,0.0,0.0,True,B,S,0.0
Europa,True,55 Cancri e,15.0,False,0.0,0.0,0.0,0.0,0.0,True,B,S,0.0
Europa,False,TRAPPIST-1e,37.0,False,26.0,2898.0,9.0,0.0,40.0,True,D,P,2973.0
Europa,True,TRAPPIST-1e,27.0,False,0.0,0.0,0.0,0.0,0.0,True,D,P,0.0
Mars,False,TRAPPIST-1e,28.0,False,1998.0,0.0,13.0,87.0,0.0,False,E,P,2098.0
Earth,False,TRAPPIST-1e,22.0,False,969.0,47.0,23.0,134.0,0.0,False,E,P,1173.0
Europa,False,TRAPPIST-1e,26.0,False,135.0,2080.0,7.0,34.0,84.0,True,B,S,2340.0
Earth,False,PSO J318.5-22,25.0,False,60.0,0.0,0.0,0.0,777.0,False,G,S,837.0
Earth,False,TRAPPIST-1e,19.0,False,0.0,0.0,0.0,804.0,5.0,False,G,S,809.0
Mars,False,TRAPPIST-1e,20.0,False,3839.0,57.0,1967.0,4.0,2.0,False,F,S,5869.0
Earth,False,55 Cancri e,35.0,False,0.0,71.0,631.0,0.0,0.0,False,F,P,702.0
Earth,False,TRAPPIST-1e,37.0,False,951.0,0.0,0.0,80.0,0.0,False,F,P,1031.0
Europa,False,55 Cancri e,37.0,False,0.0,9965.0,0.0,5697.0,676.0,False,C,S,16338.0
Earth,False,TRAPPIST-1e,13.0,False,0.0,114.0,682.0,0.0,7.0,False,F,P,803.0
Earth,False,PSO J318.5-22,20.0,False,0.0,714.4862536656891,0.0,0.0,1318.0,False,F,P,2032.4862536656892
Mars,False,TRAPPIST-1e,65.0,False,3358.0,1.0,12.0,0.0,0.0,False,F,S,3371.0
Mars,False,TRAPPIST-1e,29.0,False,456.0,230.0,363.0,0.0,0.0,False,E,S,1049.0
Europa,False,TRAPPIST-1e,0.0,False,0.0,0.0,0.0,0.0,476.35311409149364,True,C,P,476.35311409149364
Europa,False,TRAPPIST-1e,4.0,False,0.0,0.0,0.0,0.0,0.0,True,C,P,0.0
Europa,True,TRAPPIST-1e,19.0,False,0.0,0.0,0.0,0.0,0.0,True,C,P,0.0
Europa,True,55 Cancri e,17.0,False,0.0,0.0,0.0,0.0,0.0,True,C,P,0.0
Europa,False,55 Cancri e,28.0,False,0.0,4173.0,0.0,33.0,420.0,True,C,P,4626.0
Europa,False,55 Cancri e,28.0,False,0.0,160.0,0.0,1538.0,1426.0,False,C,P,3124.0
Earth,False,TRAPPIST-1e,21.0,False,0.0,0.0,0.0,43.0,667.0,False,G,P,710.0
Earth,False,PSO J318.5-22,45.0,False,1.0,15.0,44.0,0.0,1541.0,False,E,S,1601.0
Earth,False,TRAPPIST-1e,21.0,False,27.0,714.4862536656891,782.0,0.0,0.0,True,G,P,1523.4862536656892
Earth,True,PSO J318.5-22,20.0,False,0.0,0.0,0.0,0.0,0.0,True,G,S,0.0
Earth,False,TRAPPIST-1e,38.0,False,0.0,806.0,3.0,0.0,0.0,True,G,S,809.0
Earth,False,55 Cancri e,24.0,False,0.0,893.0,0.0,4.0,8.0,True,E,P,905.0
Earth,False,TRAPPIST-1e,22.0,False,712.0,6.0,70.0,0.0,0.0,False,E,P,788.0
Earth,False,TRAPPIST-1e,44.0,False,3.0,0.0,33.0,769.0,0.0,True,F,S,805.0
Earth,False,PSO J318.5-22,41.0,False,0.0,0.0,0.0,0.0,628.0,False,F,S,628.0
Earth,True,TRAPPIST-1e,21.0,False,0.0,0.0,0.0,0.0,0.0,True,G,P,0.0
Mars,False,TRAPPIST-1e,26.0,False,1967.0,0.0,116.0,485.74408365437534,0.0,False,F,P,2568.7440836543756
Mars,True,TRAPPIST-1e,54.0,False,0.0,0.0,0.0,0.0,0.0,True,F,P,0.0
Mars,False,TRAPPIST-1e,19.0,False,1962.0,0.0,1.0,641.0,0.0,False,F,P,2604.0
Earth,False,TRAPPIST-1e,32.0,False,0.0,243.0,0.0,0.0,776.0,False,G,S,1019.0
Earth,True,TRAPPIST-1e,27.0,False,0.0,0.0,0.0,0.0,0.0,True,G,S,0.0
Europa,False,TRAPPIST-1e,26.0,False,554.0,1307.0,32.0,93.0,1553.0,False,C,P,3539.0
Europa,False,TRAPPIST-1e,28.0,False,0.0,4340.0,0.0,186.0,0.0,True,C,P,4526.0
Earth,False,PSO J318.5-22,21.0,False,1.0,22.0,0.0,649.0,2.0,False,F,S,674.0
Europa,False,55 Cancri e,38.0,False,0.0,692.0,0.0,3587.0,0.0,False,B,P,4279.0
Europa,True,TRAPPIST-1e,43.0,False,0.0,0.0,0.0,0.0,0.0,True,B,P,0.0
Earth,False,TRAPPIST-1e,12.0,False,0.0,0.0,0.0,0.0,0.0,False,G,P,0.0
Earth,True,TRAPPIST-1e,25.0,False,0.0,0.0,0.0,0.0,0.0,False,G,P,0.0
Earth,True,TRAPPIST-1e,27.0,False,0.0,0.0,0.0,0.0,0.0,True,G,P,0.0
Europa,True,TRAPPIST-1e,22.0,False,0.0,0.0,0.0,0.0,0.0,True,B,S,0.0
Europa,False,TRAPPIST-1e,20.0,False,0.0,275.0,1690.0,580.0,5499.0,False,B,S,8044.0
Earth,False,55 Cancri e,24.0,False,0.0,58.0,618.0,0.0,41.0,False,F,S,717.0
Earth,False,55 Cancri e,34.0,False,0.0,442.0,175.0,79.0,3.0,False,F,P,699.0
Mars,False,TRAPPIST-1e,42.0,False,1058.0,0.0,0.0,0.0,0.0,False,D,P,1058.0
Mars,False,TRAPPIST-1e,24.0,False,2261.0,0.0,95.0,10.0,0.0,False,F,P,2366.0
Earth,False,TRAPPIST-1e,28.0,False,0.0,0.0,285.0,136.0,337.0,False,F,P,758.0
Mars,False,TRAPPIST-1e,29.0,False,907.0,0.0,0.0,142.0,0.0,False,E,P,1049.0
Europa,True,TRAPPIST-1e,31.0,False,0.0,0.0,0.0,0.0,0.0,True,D,S,0.0
Earth,False,TRAPPIST-1e,29.0,False,888.0,0.0,1.0,0.0,0.0,False,G,S,889.0
Earth,False,55 Cancri e,14.0,False,350.53903958944284,1.0,400.0,297.0,0.0,False,F,S,1048.5390395894428
Earth,False,55 Cancri e,16.0,False,0.0,17.0,1211.0,0.0,25.0,True,F,S,1253.0
Earth,True,PSO J318.5-22,16.0,False,0.0,0.0,0.0,0.0,0.0,True,G,S,0.0
Europa,False,TRAPPIST-1e,27.0,False,0.0,2897.0,659.0,485.0,11.0,True,E,P,4052.0
Europa,False,TRAPPIST-1e,27.0,False,0.0,996.0,0.0,726.0,813.0,False,E,P,2535.0
Earth,False,TRAPPIST-1e,23.0,False,779.0,7.0,9.0,9.0,0.0,False,F,S,804.0
Earth,False,TRAPPIST-1e,16.0,False,418.0,195.0,100.0,88.0,90.0,False,G,S,891.0
Earth,False,TRAPPIST-1e,30.0,False,0.0,6.0,0.0,0.0,1435.0,True,F,S,1441.0
Earth,False,TRAPPIST-1e,24.0,False,468.0,0.0,163.0,0.0,0.0,False,F,P,631.0
Earth,True,TRAPPIST-1e,36.0,False,0.0,0.0,0.0,0.0,0.0,True,G,S,0.0
Europa,False,55 Cancri e,25.0,False,0.0,3512.0,20.0,24.0,1459.0,True,C,S,5015.0
Europa,True,TRAPPIST-1e,29.0,False,0.0,0.0,0.0,0.0,0.0,True,C,P,0.0
Earth,True,PSO J318.5-22,21.0,False,0.0,0.0,0.0,0.0,0.0,False,G,P,0.0
Earth,True,TRAPPIST-1e,26.0,False,0.0,0.0,0.0,0.0,0.0,True,G,P,0.0
Mars,False,TRAPPIST-1e,30.0,False,0.0,0.0,0.0,0.0,0.0,False,E,S,0.0
Earth,False,TRAPPIST-1e,31.0,False,0.0,0.0,717.0,0.0,0.0,False,F,P,717.0
Earth,False,TRAPPIST-1e,20.0,False,0.0,750.0,957.0,0.0,722.0,False,F,P,2429.0
Earth,True,TRAPPIST-1e,27.0,False,0.0,0.0,0.0,0.0,0.0,True,G,S,0.0
Earth,True,55 Cancri e,33.0,False,0.0,0.0,0.0,0.0,0.0,True,G,S,0.0
Europa,False,TRAPPIST-1e,35.0,False,0.0,5552.0,6.0,8.0,226.0,True,D,S,5792.0
Europa,False,TRAPPIST-1e,46.0,False,0.0,664.0,0.0,2.0,2177.0,False,D,S,2843.0
Earth,True,TRAPPIST-1e,63.0,False,0.0,0.0,0.0,0.0,0.0,True,G,S,0.0
Europa,False,55 Cancri e,37.0,False,0.0,1678.0,0.0,36.0,3128.0,False,A,S,4842.0
Earth,False,TRAPPIST-1e,23.0,False,26.0,266.0,404.0,0.0,0.0,True,E,P,696.0
Earth,False,55 Cancri e,5.0,False,0.0,0.0,0.0,0.0,0.0,True,G,S,0.0
Earth,True,TRAPPIST-1e,16.0,False,0.0,0.0,0.0,0.0,0.0,True,G,S,0.0
Earth,False,TRAPPIST-1e,20.0,False,0.0,0.0,2330.0,120.0,0.0,True,F,P,2450.0
Earth,True,PSO J318.5-22,49.0,False,0.0,0.0,0.0,0.0,0.0,False,F,P,0.0
Earth,False,TRAPPIST-1e,3.0,False,0.0,0.0,0.0,0.0,0.0,True,G,P,0.0
Earth,False,TRAPPIST-1e,41.0,False,0.0,176.0,414.0,133.0,0.0,False,F,P,723.0
Mars,False,TRAPPIST-1e,27.0,False,1216.0,0.0,30.0,43.0,0.0,False,F,S,1289.0
Earth,True,TRAPPIST-1e,14.0,False,0.0,0.0,0.0,0.0,0.0,True,G,P,0.0
Mars,False,TRAPPIST-1e,26.0,False,782.0,0.0,0.0,2503.0,1.0,False,D,S,3286.0
Earth,True,TRAPPIST-1e,51.0,False,0.0,0.0,0.0,0.0,0.0,False,G,P,0.0
Earth,False,PSO J318.5-22,36.0,False,56.0,714.4862536656891,81.0,0.0,468.0,False,F,P,1319.4862536656892
Earth,True,TRAPPIST-1e,16.0,False,0.0,0.0,0.0,0.0,0.0,True,G,S,0.0
Mars,True,TRAPPIST-1e,18.0,False,0.0,0.0,0.0,0.0,0.0,True,F,S,0.0
Earth,True,PSO J318.5-22,48.0,False,0.0,0.0,0.0,0.0,0.0,False,G,P,0.0
Mars,False,TRAPPIST-1e,24.0,False,235.0,0.0,1642.0,1042.0,229.0,False,D,P,3148.0
Mars,False,55 Cancri e,19.0,False,1043.0,0.0,138.0,0.0,0.0,False,D,P,1181.0
Earth,True,55 Cancri e,21.0,False,0.0,0.0,0.0,0.0,0.0,True,G,S,0.0
Earth,False,TRAPPIST-1e,24.0,False,332.0,9.0,356.0,0.0,0.0,False,F,P,697.0
Earth,True,TRAPPIST-1e,21.0,False,0.0,0.0,0.0,0.0,0.0,True,G,S,0.0
Earth,False,TRAPPIST-1e,13.0,False,0.0,999.0,0.0,0.0,4.0,True,F,S,1003.0
Mars,False,TRAPPIST-1e,39.0,False,42.0,0.0,352.0,1.0,369.0,False,D,P,764.0
Europa,True,55 Cancri e,27.0,False,0.0,0.0,0.0,0.0,0.0,True,E,S,0.0
Earth,False,PSO J318.5-22,23.0,False,64.0,4.0,0.0,1125.0,476.35311409149364,False,F,P,1669.3531140914936
Europa,False,55 Cancri e,43.0,False,0.0,2093.0,0.0,3409.0,30.0,False,D,S,5532.0
Mars,False,TRAPPIST-1e,19.0,False,3332.0,878.0,926.0,781.0,0.0,False,F,S,5917.0
Mars,True,55 Cancri e,30.0,False,0.0,0.0,0.0,0.0,0.0,True,F,S,0.0
Earth,True,TRAPPIST-1e,52.0,False,0.0,0.0,0.0,0.0,0.0,True,G,S,0.0
Earth,False,TRAPPIST-1e,35.0,False,2224.0,714.4862536656891,105.0,1.0,0.0,False,G,S,3044.486253665689
Earth,False,TRAPPIST-1e,16.0,False,4.0,1666.0,0.0,35.0,40.0,True,G,S,1745.0
Earth,False,TRAPPIST-1e,21.0,False,0.0,13.0,0.0,720.0,170.0,False,F,P,903.0
Earth,False,PSO J318.5-22,45.0,False,0.0,0.0,0.0,0.0,595.0,False,F,S,595.0
Earth,False,TRAPPIST-1e,22.0,False,0.0,125.0,0.0,663.0,0.0,False,E,S,788.0
Earth,True,55 Cancri e,27.0,False,0.0,0.0,0.0,0.0,0.0,False,G,S,0.0
Earth,False,TRAPPIST-1e,0.0,False,0.0,0.0,0.0,0.0,0.0,True,G,S,0.0
Earth,False,PSO J318.5-22,63.0,False,526.0,2.0,0.0,0.0,0.0,False,G,S,528.0
Earth,False,PSO J318.5-22,56.0,False,1.0,2.0,0.0,102.0,476.35311409149364,False,F,S,581.3531140914936
Earth,True,TRAPPIST-1e,40.0,False,0.0,0.0,0.0,0.0,0.0,True,G,S,0.0
Earth,True,TRAPPIST-1e,1.0,False,0.0,0.0,0.0,0.0,0.0,True,G,S,0.0
Earth,False,TRAPPIST-1e,24.0,False,0.0,714.4862536656891,3.0,797.0,5.0,False,F,S,1519.4862536656892
Earth,False,TRAPPIST-1e,36.0,False,21.0,0.0,844.0,0.0,0.0,False,F,S,865.0
Earth,False,TRAPPIST-1e,13.0,False,244.0,0.0,100.0,423.0,14.0,False,G,S,781.0
Earth,False,55 Cancri e,13.0,False,0.0,722.0,0.0,37.0,8.0,False,F,S,767.0
Earth,True,55 Cancri e,37.0,False,0.0,0.0,0.0,0.0,0.0,True,G,P,0.0
Earth,False,TRAPPIST-1e,44.0,False,143.0,47.0,0.0,717.0,87.0,False,E,S,994.0
Europa,True,TRAPPIST-1e,32.0,False,0.0,0.0,0.0,0.0,0.0,True,C,S,0.0
Europa,True,55 Cancri e,57.0,False,0.0,0.0,0.0,0.0,0.0,True,C,S,0.0
Earth,False,55 Cancri e,26.0,False,0.0,158.0,0.0,0.0,912.0,False,F,S,1070.0
Mars,False,TRAPPIST-1e,62.0,False,453.0,1.0,1911.0,0.0,0.0,False,F,P,2365.0
Mars,True,55 Cancri e,2.0,False,0.0,0.0,0.0,0.0,0.0,True,F,P,0.0
Mars,True,TRAPPIST-1e,1.0,False,0.0,0.0,0.0,0.0,0.0,True,F,P,0.0
Earth,False,TRAPPIST-1e,24.0,False,590.0,0.0,1.0,168.0,16.0,False,F,P,775.0
Earth,True,TRAPPIST-1e,1.0,False,0.0,0.0,0.0,0.0,0.0,True,G,P,0.0
Earth,False,TRAPPIST-1e,63.0,False,0.0,742.0,0.0,125.0,3.0,False,F,P,870.0
Europa,False,TRAPPIST-1e,20.0,False,1040.0,2487.0,0.0,174.0,182.0,True,D,S,3883.0
Earth,False,TRAPPIST-1e,15.0,False,0.0,610.0,267.0,485.74408365437534,0.0,False,F,P,1362.7440836543753
Earth,True,TRAPPIST-1e,32.0,False,0.0,0.0,0.0,0.0,0.0,True,G,P,0.0
Earth,False,TRAPPIST-1e,24.0,False,61.0,397.0,185.0,1.0,0.0,True,F,P,644.0
Earth,True,TRAPPIST-1e,32.0,False,0.0,0.0,0.0,0.0,0.0,False,G,P,0.0
Europa,False,TRAPPIST-1e,36.0,False,10.0,2478.0,2080.0,19.0,328.0,True,E,P,4915.0
Earth,True,PSO J318.5-22,13.0,False,0.0,0.0,0.0,0.0,0.0,True,G,P,0.0
Europa,True,TRAPPIST-1e,29.0,False,0.0,0.0,0.0,0.0,0.0,True,C,S,0.0
Europa,False,TRAPPIST-1e,27.0,False,0.0,14.0,0.0,0.0,2325.0,False,C,S,2339.0
Europa,True,TRAPPIST-1e,30.0,False,0.0,0.0,0.0,0.0,0.0,True,C,S,0.0
Europa,False,55 Cancri e,27.0,False,0.0,44.0,4761.0,5.0,41.0,True,A,P,4851.0
Europa,False,TRAPPIST-1e,14.0,False,0.0,3124.0,40.0,219.0,189.0,False,A,P,3572.0
Europa,False,TRAPPIST-1e,32.0,True,527.0,1863.0,0.0,417.0,2905.0,False,A,P,5712.0
Europa,False,55 Cancri e,33.0,True,0.0,16.0,12.0,2349.0,12.0,False,A,P,2389.0
Earth,False,TRAPPIST-1e,35.0,False,3.0,0.0,651.0,0.0,78.0,True,F,S,732.0
Earth,False,55 Cancri e,21.0,False,301.0,714.4862536656891,19.0,0.0,0.0,False,F,P,1034.4862536656892
Earth,False,TRAPPIST-1e,57.0,False,906.0,22.0,0.0,8293.0,391.0,False,C,P,9612.0
Europa,False,TRAPPIST-1e,42.0,False,159.0,4387.0,2.0,3.0,485.0,True,C,P,5036.0
Earth,False,55 Cancri e,20.0,False,0.0,6.0,552.0,20.0,0.0,True,F,P,578.0
Mars,True,TRAPPIST-1e,18.0,False,0.0,0.0,0.0,0.0,0.0,True,F,S,0.0
Europa,False,55 Cancri e,49.0,False,0.0,7683.0,0.0,13016.0,0.0,False,B,S,20699.0
Earth,False,PSO J318.5-22,23.0,False,0.0,3.0,0.0,0.0,546.0,False,F,S,549.0
Mars,False,TRAPPIST-1e,24.0,False,1058.0,0.0,0.0,280.0,0.0,False,F,S,1338.0
Earth,False,TRAPPIST-1e,24.0,False,0.0,0.0,0.0,0.0,757.0,False,F,S,757.0
Earth,False,55 Cancri e,23.0,False,9.0,1.0,0.0,492.0,109.0,True,F,S,611.0
Earth,False,TRAPPIST-1e,24.0,False,0.0,489.0,21.0,0.0,184.0,False,F,S,694.0
Earth,True,PSO J318.5-22,26.0,False,0.0,0.0,0.0,0.0,0.0,False,G,P,0.0
Europa,True,55 Cancri e,28.0,False,0.0,0.0,0.0,0.0,0.0,True,B,P,0.0
Earth,False,PSO J318.5-22,17.0,False,0.0,1381.0,2.0,0.0,0.0,False,F,P,1383.0
Earth,False,TRAPPIST-1e,20.0,False,415.0,479.0,0.0,1019.0,239.0,False,F,P,2152.0
Earth,False,TRAPPIST-1e,22.0,False,0.0,0.0,0.0,0.0,1201.0,False,F,S,1201.0
Europa,True,55 Cancri e,23.0,False,0.0,0.0,0.0,0.0,0.0,True,B,S,0.0
Europa,True,55 Cancri e,22.0,False,0.0,0.0,0.0,0.0,0.0,True,B,S,0.0
Earth,False,TRAPPIST-1e,29.0,False,3.0,0.0,664.0,683.0,34.0,False,F,S,1384.0
Europa,False,TRAPPIST-1e,27.0,False,0.0,4155.0,0.0,1368.0,42.0,False,B,P,5565.0
Europa,True,TRAPPIST-1e,31.0,False,0.0,0.0,0.0,0.0,0.0,True,B,P,0.0
Europa,False,55 Cancri e,37.0,False,1.0,4462.0,1.0,9206.0,3.0,False,B,P,13673.0
Europa,False,55 Cancri e,44.0,False,0.0,4322.0,3.0,153.0,52.0,True,B,P,4530.0
Europa,False,55 Cancri e,34.0,False,0.0,2612.0,1.0,131.0,2714.0,False,B,P,5458.0
Earth,False,55 Cancri e,23.0,False,602.0,0.0,0.0,0.0,24.0,False,G,S,626.0
Earth,False,TRAPPIST-1e,18.0,False,457.0,0.0,11.0,335.0,0.0,False,F,S,803.0
Earth,True,PSO J318.5-22,18.0,False,0.0,0.0,0.0,0.0,0.0,True,G,P,0.0
Earth,False,TRAPPIST-1e,23.0,False,350.53903958944284,134.0,482.0,485.74408365437534,27.0,False,F,P,1479.2831232438182
Earth,False,TRAPPIST-1e,18.0,False,0.0,10.0,0.0,0.0,738.0,False,F,S,748.0
Mars,False,TRAPPIST-1e,22.0,False,0.0,0.0,1128.0,0.0,45.0,False,E,S,1173.0
Mars,False,TRAPPIST-1e,10.0,False,0.0,0.0,0.0,0.0,0.0,True,E,S,0.0
Mars,True,TRAPPIST-1e,27.0,False,0.0,0.0,0.0,0.0,0.0,False,E,S,0.0
Mars,False,TRAPPIST-1e,31.0,False,907.0,0.0,437.0,2.0,0.0,False,F,S,1346.0
Earth,True,TRAPPIST-1e,48.0,False,0.0,0.0,0.0,0.0,0.0,False,G,P,0.0
Europa,False,55 Cancri e,51.0,True,0.0,287.0,0.0,1442.0,66.0,True,A,S,1795.0
Mars,True,PSO J318.5-22,25.0,False,0.0,0.0,0.0,0.0,0.0,True,F,P,0.0
Mars,False,TRAPPIST-1e,32.0,False,288.0,0.0,592.0,670.0,40.0,False,E,P,1590.0
Earth,False,TRAPPIST-1e,8.0,False,0.0,0.0,0.0,0.0,0.0,True,G,S,0.0
Earth,True,PSO J318.5-22,49.0,False,0.0,0.0,0.0,0.0,0.0,True,G,S,0.0
Earth,False,PSO J318.5-22,28.0,False,0.0,0.0,0.0,669.0,16.0,False,F,S,685.0
Mars,False,TRAPPIST-1e,3.0,False,0.0,0.0,0.0,0.0,0.0,True,E,S,0.0
Mars,False,TRAPPIST-1e,27.0,False,0.0,0.0,0.0,0.0,0.0,True,E,S,0.0
Mars,True,TRAPPIST-1e,31.0,False,0.0,0.0,0.0,0.0,0.0,True,E,S,0.0
Mars,False,TRAPPIST-1e,11.0,False,0.0,0.0,0.0,0.0,0.0,True,E,S,0.0
Mars,True,TRAPPIST-1e,27.0,False,0.0,0.0,0.0,0.0,0.0,True,F,S,0.0
Mars,False,TRAPPIST-1e,33.0,False,1631.0,0.0,754.0,0.0,0.0,False,D,S,2385.0
Europa,True,PSO J318.5-22,32.0,False,0.0,0.0,0.0,0.0,0.0,True,C,S,0.0
Earth,True,TRAPPIST-1e,20.0,False,0.0,0.0,0.0,0.0,0.0,True,G,P,0.0
Europa,False,TRAPPIST-1e,33.0,False,0.0,3624.0,0.0,1537.0,498.0,False,E,S,5659.0
Earth,False,TRAPPIST-1e,65.0,False,43.0,21.0,22.0,50.0,731.0,False,F,P,867.0
Mars,True,TRAPPIST-1e,18.0,False,0.0,0.0,0.0,0.0,0.0,True,F,S,0.0
Mars,False,TRAPPIST-1e,19.0,False,862.0,0.0,5.0,2032.0,0.0,False,F,S,2899.0
Europa,False,55 Cancri e,33.0,False,0.0,3676.0,0.0,1743.0,1.0,True,B,S,5420.0
Earth,False,TRAPPIST-1e,27.0,False,0.0,11.0,793.0,0.0,84.0,True,G,S,888.0
Earth,True,PSO J318.5-22,31.0,False,0.0,0.0,0.0,0.0,0.0,False,G,P,0.0
Earth,True,TRAPPIST-1e,37.0,False,0.0,0.0,0.0,0.0,0.0,True,G,P,0.0
Earth,True,PSO J318.5-22,19.0,False,0.0,0.0,0.0,0.0,0.0,True,G,P,0.0
Earth,False,TRAPPIST-1e,18.0,False,0.0,0.0,773.0,0.0,4.0,False,F,P,777.0
Europa,True,55 Cancri e,47.0,False,0.0,0.0,0.0,0.0,0.0,True,C,P,0.0
Europa,False,TRAPPIST-1e,26.0,False,0.0,6050.0,0.0,662.0,920.0,False,C,P,7632.0
Europa,False,TRAPPIST-1e,25.0,False,0.0,3590.0,0.0,27.0,0.0,True,C,P,3617.0
Earth,False,TRAPPIST-1e,38.0,False,102.0,12.0,14.0,669.0,0.0,False,F,S,797.0
Earth,False,TRAPPIST-1e,53.0,False,3.0,2251.0,0.0,95.0,12.0,True,E,P,2361.0
Earth,False,TRAPPIST-1e,38.0,False,0.0,338.0,0.0,453.0,0.0,False,E,S,791.0
Mars,True,TRAPPIST-1e,28.0,False,0.0,0.0,0.0,0.0,0.0,True,F,P,0.0
Earth,False,TRAPPIST-1e,46.0,False,438.0,283.0,944.0,0.0,355.0,False,F,S,2020.0
Earth,False,TRAPPIST-1e,18.0,False,3.0,688.0,0.0,0.0,23.0,True,G,S,714.0
Europa,True,TRAPPIST-1e,14.0,False,0.0,0.0,0.0,0.0,0.0,True,E,P,0.0
Europa,False,TRAPPIST-1e,32.0,False,0.0,1369.0,29.0,662.0,22.0,False,E,P,2082.0
Europa,False,TRAPPIST-1e,44.0,False,0.0,0.0,16.0,72.0,4304.0,False,E,P,4392.0
Earth,True,PSO J318.5-22,28.0,False,0.0,0.0,0.0,0.0,0.0,True,G,P,0.0
Europa,False,TRAPPIST-1e,2.0,False,0.0,0.0,0.0,0.0,0.0,True,C,P,0.0
Europa,False,TRAPPIST-1e,28.0,False,0.0,2896.0,46.0,5248.0,8169.0,False,C,P,16359.0
Europa,True,TRAPPIST-1e,27.0,True,0.0,0.0,0.0,0.0,0.0,True,C,P,0.0
Europa,True,TRAPPIST-1e,29.0,False,0.0,0.0,0.0,0.0,0.0,True,C,P,0.0
Earth,True,55 Cancri e,14.0,False,0.0,0.0,0.0,0.0,0.0,True,G,S,0.0
Earth,False,TRAPPIST-1e,14.0,False,0.0,0.0,766.0,0.0,0.0,False,F,P,766.0
Earth,True,TRAPPIST-1e,17.0,False,0.0,0.0,0.0,0.0,0.0,True,G,S,0.0
Earth,False,TRAPPIST-1e,35.0,False,150.0,0.0,96.0,638.0,0.0,True,F,S,884.0
Earth,False,TRAPPIST-1e,36.0,False,0.0,129.0,0.0,177.0,444.0,False,F,S,750.0
Mars,False,TRAPPIST-1e,51.0,False,106.0,1942.0,115.0,485.74408365437534,0.0,False,F,S,2648.7440836543756
Earth,False,TRAPPIST-1e,54.0,False,1.0,0.0,109.0,485.74408365437534,1.0,False,G,S,596.7440836543753
Europa,False,TRAPPIST-1e,37.0,False,300.0,3434.0,0.0,1.0,171.0,True,C,S,3906.0
Earth,False,TRAPPIST-1e,37.0,False,541.0,38.0,713.0,316.0,0.0,False,E,P,1608.0
Earth,False,TRAPPIST-1e,24.0,False,1.0,194.0,0.0,0.0,632.0,True,E,P,827.0
Mars,False,TRAPPIST-1e,27.0,False,1030.0,0.0,158.0,0.0,28.0,False,F,S,1216.0
Earth,False,TRAPPIST-1e,38.0,False,622.0,1319.0,42.0,1.0,444.0,False,F,S,2428.0
Earth,True,TRAPPIST-1e,28.0,False,0.0,0.0,0.0,0.0,0.0,True,G,P,0.0
Earth,False,TRAPPIST-1e,0.0,False,0.0,0.0,0.0,0.0,0.0,True,G,P,0.0
Earth,False,TRAPPIST-1e,16.0,False,23.0,479.0,0.0,0.0,373.0,False,F,P,875.0
Earth,False,TRAPPIST-1e,25.0,False,0.0,0.0,879.0,0.0,0.0,False,F,P,879.0
Earth,False,55 Cancri e,22.0,False,30.0,0.0,690.0,41.0,0.0,True,F,S,761.0
Mars,True,TRAPPIST-1e,24.0,False,0.0,0.0,0.0,0.0,0.0,True,F,P,0.0
Earth,False,PSO J318.5-22,37.0,False,501.0,0.0,179.0,1.0,0.0,True,E,P,681.0
Mars,False,TRAPPIST-1e,21.0,False,21.0,0.0,874.0,226.0,0.0,True,F,P,1121.0
Europa,False,TRAPPIST-1e,53.0,False,0.0,0.0,0.0,0.0,0.0,True,B,S,0.0
Europa,False,TRAPPIST-1e,0.0,False,0.0,0.0,0.0,0.0,0.0,True,C,P,0.0
Europa,True,TRAPPIST-1e,2.0,False,0.0,0.0,0.0,0.0,0.0,False,C,P,0.0
Europa,True,TRAPPIST-1e,64.0,False,0.0,0.0,0.0,0.0,0.0,True,C,P,0.0
Europa,False,TRAPPIST-1e,24.0,False,0.0,2921.0,5.0,795.0,3155.0,False,F,S,6876.0
Europa,True,TRAPPIST-1e,40.0,False,0.0,0.0,0.0,0.0,0.0,True,C,P,0.0
Europa,False,TRAPPIST-1e,32.0,False,0.0,163.0,0.0,6953.0,50.0,False,C,P,7166.0
Europa,False,55 Cancri e,54.0,True,0.0,316.0,1.0,2038.0,388.0,False,B,P,2743.0
Earth,True,TRAPPIST-1e,30.0,False,0.0,0.0,0.0,0.0,0.0,True,G,S,0.0
Europa,False,55 Cancri e,37.0,False,0.0,1379.0,130.0,1488.0,75.0,False,A,P,3072.0
Mars,False,TRAPPIST-1e,20.0,False,3191.0,0.0,211.0,21.0,117.0,False,E,S,3540.0
Mars,False,TRAPPIST-1e,22.0,False,741.0,0.0,1028.0,0.0,0.0,False,F,P,1769.0
Earth,False,PSO J318.5-22,57.0,False,0.0,1.0,0.0,664.0,19.0,False,F,S,684.0
Earth,True,TRAPPIST-1e,34.0,False,0.0,0.0,0.0,0.0,0.0,True,G,S,0.0
Europa,False,TRAPPIST-1e,51.0,False,0.0,980.0,273.0,2775.0,419.0,False,B,P,4447.0
Mars,True,TRAPPIST-1e,47.0,False,0.0,0.0,0.0,0.0,0.0,False,E,P,0.0
Earth,False,TRAPPIST-1e,22.0,False,593.0,34.0,0.0,0.0,0.0,False,G,P,627.0
Europa,False,TRAPPIST-1e,36.0,False,0.0,1606.0,511.0,89.0,2220.0,False,B,P,4426.0
Earth,True,TRAPPIST-1e,16.0,False,0.0,0.0,0.0,0.0,0.0,True,F,S,0.0
Mars,False,TRAPPIST-1e,60.0,False,180.0,0.0,414.0,1181.0,0.0,False,F,P,1775.0
Mars,False,TRAPPIST-1e,39.0,False,197.0,0.0,2401.0,0.0,0.0,True,F,S,2598.0
Mars,False,TRAPPIST-1e,18.0,False,49.0,0.0,2885.0,1.0,0.0,True,F,S,2935.0
Europa,True,55 Cancri e,30.0,False,0.0,0.0,0.0,0.0,0.0,True,B,S,0.0
Mars,False,TRAPPIST-1e,45.0,False,1781.0,0.0,17.0,0.0,23.0,False,F,S,1821.0
Earth,False,TRAPPIST-1e,30.0,False,0.0,0.0,0.0,0.0,1150.0,False,F,S,1150.0
Earth,False,TRAPPIST-1e,21.0,False,1046.0,1.0,0.0,1.0,0.0,False,E,S,1048.0
Mars,False,TRAPPIST-1e,0.0,False,0.0,0.0,0.0,0.0,0.0,True,F,S,0.0
Mars,False,55 Cancri e,51.0,False,40.0,716.0,1907.0,0.0,0.0,True,F,P,2663.0
Mars,False,TRAPPIST-1e,22.0,False,100.0,0.0,1050.0,0.0,23.0,False,E,P,1173.0
Europa,False,TRAPPIST-1e,26.0,False,0.0,896.0,0.0,690.0,1.0,True,D,P,1587.0
Earth,False,TRAPPIST-1e,10.0,False,0.0,0.0,0.0,0.0,0.0,False,G,P,0.0
Earth,False,TRAPPIST-1e,21.0,False,42.0,606.0,1.0,38.0,100.0,False,E,S,787.0
Earth,True,55 Cancri e,14.0,False,0.0,0.0,0.0,0.0,0.0,True,G,P,0.0
Earth,False,TRAPPIST-1e,27.0,False,0.0,1.0,12.0,0.0,779.0,False,E,P,792.0
Earth,False,TRAPPIST-1e,43.0,False,473.0,1390.0,0.0,0.0,0.0,True,F,P,1863.0
Earth,False,PSO J318.5-22,22.0,False,28.0,194.0,2.0,0.0,370.0,True,F,P,594.0
Earth,False,TRAPPIST-1e,22.0,False,401.0,0.0,196.0,0.0,126.0,False,F,S,723.0
Earth,True,PSO J318.5-22,23.0,False,0.0,0.0,0.0,0.0,0.0,True,G,P,0.0
Europa,True,TRAPPIST-1e,25.0,False,0.0,0.0,0.0,0.0,0.0,True,C,S,0.0
Europa,False,TRAPPIST-1e,35.0,False,0.0,0.0,0.0,0.0,0.0,True,C,S,0.0
Earth,False,TRAPPIST-1e,30.0,False,0.0,0.0,0.0,27.0,764.0,False,E,P,791.0
Earth,True,TRAPPIST-1e,37.0,False,0.0,0.0,0.0,0.0,0.0,True,G,P,0.0
Earth,False,55 Cancri e,21.0,False,61.0,201.0,222.0,161.0,60.0,False,G,P,705.0
Earth,False,55 Cancri e,36.0,False,207.0,0.0,450.0,94.0,0.0,True,G,S,751.0
Earth,False,TRAPPIST-1e,13.0,False,305.0,582.0,12.0,19.0,0.0,False,F,P,918.0
Earth,False,55 Cancri e,22.0,False,0.0,642.0,0.0,52.0,0.0,False,F,P,694.0
Earth,True,TRAPPIST-1e,36.0,False,0.0,0.0,0.0,0.0,0.0,True,G,S,0.0
Earth,False,TRAPPIST-1e,17.0,False,350.53903958944284,188.0,795.0,0.0,0.0,True,E,S,1333.5390395894428
Europa,True,55 Cancri e,38.0,False,0.0,0.0,0.0,0.0,0.0,True,C,P,0.0
Mars,False,TRAPPIST-1e,34.0,False,5959.0,0.0,3.0,0.0,0.0,False,F,P,5962.0
Mars,True,TRAPPIST-1e,20.0,False,0.0,0.0,0.0,0.0,0.0,True,F,P,0.0
Earth,False,TRAPPIST-1e,17.0,False,350.53903958944284,647.0,49.0,74.0,0.0,False,G,P,1120.5390395894428
Earth,True,PSO J318.5-22,36.0,False,0.0,0.0,0.0,0.0,0.0,True,G,S,0.0
Europa,False,55 Cancri e,52.0,False,360.0,1314.0,8.0,641.0,66.0,True,A,P,2389.0
Europa,True,55 Cancri e,32.0,False,0.0,0.0,0.0,0.0,0.0,True,D,P,0.0
Europa,True,55 Cancri e,35.0,False,0.0,0.0,0.0,0.0,0.0,True,D,P,0.0
Europa,True,55 Cancri e,27.0,False,0.0,0.0,0.0,0.0,0.0,True,D,P,0.0
Europa,False,TRAPPIST-1e,36.0,False,83.0,1186.0,0.0,2160.0,736.0,False,D,P,4165.0
Europa,False,TRAPPIST-1e,36.0,False,31.0,3585.0,31.0,1400.0,0.0,False,D,P,5047.0
Mars,False,55 Cancri e,21.0,False,350.53903958944284,0.0,0.0,1.0,378.0,False,D,S,729.5390395894428
Mars,False,TRAPPIST-1e,33.0,False,627.0,0.0,171.0,254.0,130.0,False,D,P,1182.0
Earth,False,TRAPPIST-1e,40.0,False,678.0,0.0,229.0,0.0,0.0,False,G,S,907.0
Earth,False,TRAPPIST-1e,24.0,False,185.0,0.0,478.0,29.0,0.0,True,F,P,692.0
Earth,False,TRAPPIST-1e,35.0,False,0.0,0.0,885.0,0.0,0.0,True,G,S,885.0
Mars,True,TRAPPIST-1e,29.0,False,0.0,0.0,0.0,0.0,0.0,True,F,P,0.0
Mars,False,TRAPPIST-1e,33.0,False,728.0,0.0,285.0,0.0,0.0,False,E,S,1013.0
Earth,False,TRAPPIST-1e,51.0,False,3.0,33.0,12.0,38.0,896.0,False,E,S,982.0
Mars,True,TRAPPIST-1e,10.0,False,0.0,0.0,0.0,0.0,0.0,True,F,P,0.0
Earth,True,TRAPPIST-1e,41.0,False,0.0,0.0,0.0,0.0,0.0,True,G,S,0.0
Earth,False,55 Cancri e,26.0,False,1.0,0.0,0.0,0.0,718.0,True,E,P,719.0
Earth,False,TRAPPIST-1e,39.0,False,19.0,102.0,0.0,678.0,0.0,False,F,S,799.0
Mars,False,TRAPPIST-1e,14.0,False,738.0,5.0,297.0,0.0,0.0,False,F,P,1040.0
Mars,False,TRAPPIST-1e,28.0,False,1059.0,0.0,6.0,117.0,0.0,False,D,P,1182.0
Earth,False,TRAPPIST-1e,18.0,False,0.0,949.0,0.0,0.0,0.0,False,F,P,949.0
Mars,False,TRAPPIST-1e,41.0,False,2754.0,398.0,21.0,0.0,0.0,False,D,P,3173.0
Europa,False,TRAPPIST-1e,33.0,False,0.0,0.0,0.0,485.74408365437534,0.0,True,C,P,485.74408365437534
Earth,False,TRAPPIST-1e,26.0,False,814.0,0.0,29.0,16.0,181.0,False,F,P,1040.0
Mars,True,TRAPPIST-1e,31.0,False,0.0,0.0,0.0,0.0,0.0,True,F,P,0.0
Earth,False,TRAPPIST-1e,63.0,False,0.0,0.0,424.0,0.0,2027.0,False,F,S,2451.0
Earth,False,TRAPPIST-1e,30.0,False,0.0,0.0,547.0,485.74408365437534,423.0,False,F,S,1455.7440836543753
Europa,False,TRAPPIST-1e,27.0,False,15.0,2886.0,0.0,249.0,71.0,True,C,P,3221.0
Earth,False,TRAPPIST-1e,47.0,False,2916.0,0.0,14.0,63.0,0.0,False,F,P,2993.0
Mars,False,TRAPPIST-1e,37.0,False,1413.0,0.0,584.0,3.0,0.0,True,F,P,2000.0
Earth,False,TRAPPIST-1e,14.0,False,399.0,22.0,458.0,506.0,187.0,False,F,S,1572.0
Earth,False,TRAPPIST-1e,27.0,False,0.0,63.0,8.0,129.0,2960.0,False,C,S,3160.0
Mars,False,TRAPPIST-1e,61.0,False,1711.0,0.0,0.0,0.0,8.0,False,D,P,1719.0
Earth,False,TRAPPIST-1e,39.0,False,2.0,0.0,0.0,2.0,787.0,False,E,S,791.0
Earth,False,TRAPPIST-1e,22.0,False,0.0,0.0,787.0,1.0,476.35311409149364,False,E,S,1264.3531140914936
Earth,False,TRAPPIST-1e,30.0,False,2.0,0.0,5.0,1.0,962.0,False,F,S,970.0
Earth,False,TRAPPIST-1e,26.0,False,0.0,0.0,902.0,0.0,0.0,False,F,S,902.0
Europa,False,TRAPPIST-1e,25.0,False,0.0,115.0,0.0,1823.0,4041.0,False,A,S,5979.0
Mars,False,TRAPPIST-1e,42.0,False,1318.0,0.0,1386.0,485.74408365437534,476.35311409149364,False,D,P,3666.0971977458694
Europa,False,TRAPPIST-1e,33.0,False,0.0,2107.0,0.0,15586.0,473.0,False,E,P,18166.0
Europa,False,TRAPPIST-1e,60.0,False,0.0,307.0,0.0,484.0,1967.0,False,E,P,2758.0
Earth,True,55 Cancri e,16.0,False,0.0,0.0,0.0,0.0,0.0,True,G,S,0.0
Earth,False,TRAPPIST-1e,50.0,False,0.0,185.0,0.0,1.0,558.0,True,G,P,744.0
Earth,False,TRAPPIST-1e,22.0,False,0.0,0.0,1.0,95.0,605.0,False,F,S,701.0
Earth,False,PSO J318.5-22,15.0,False,0.0,0.0,9.0,0.0,952.0,False,F,S,961.0
Mars,False,TRAPPIST-1e,27.0,False,0.0,0.0,0.0,0.0,476.35311409149364,False,E,P,476.35311409149364
Earth,False,55 Cancri e,58.0,False,0.0,435.0,2.0,0.0,239.0,False,G,P,676.0
Earth,True,TRAPPIST-1e,48.0,False,0.0,0.0,0.0,0.0,0.0,True,G,S,0.0
Europa,True,55 Cancri e,36.0,False,0.0,0.0,0.0,0.0,0.0,True,D,S,0.0
Europa,False,TRAPPIST-1e,60.0,False,0.0,3435.0,0.0,5458.0,10.0,False,C,S,8903.0
Europa,True,TRAPPIST-1e,46.0,False,0.0,0.0,0.0,0.0,0.0,True,C,S,0.0
Europa,False,TRAPPIST-1e,58.0,False,0.0,1386.0,2.0,128.0,2577.0,True,F,S,4093.0
Earth,True,TRAPPIST-1e,40.0,False,0.0,0.0,0.0,0.0,0.0,False,G,P,0.0
Earth,True,TRAPPIST-1e,3.0,False,0.0,0.0,0.0,0.0,0.0,True,G,P,0.0
Earth,False,55 Cancri e,23.0,False,3.0,0.0,2.0,61.0,634.0,False,F,P,700.0
Earth,False,PSO J318.5-22,21.0,False,0.0,434.0,0.0,75.0,135.0,True,E,S,644.0
Earth,True,55 Cancri e,29.0,False,0.0,0.0,0.0,0.0,0.0,True,G,S,0.0
Europa,True,55 Cancri e,23.0,False,0.0,0.0,0.0,0.0,0.0,True,C,P,0.0
Europa,True,55 Cancri e,41.0,False,0.0,0.0,0.0,0.0,0.0,True,C,P,0.0
Earth,False,TRAPPIST-1e,20.0,False,0.0,802.0,0.0,16.0,0.0,False,G,P,818.0
Earth,False,TRAPPIST-1e,24.0,False,821.0,0.0,0.0,68.0,0.0,False,G,P,889.0
Mars,False,TRAPPIST-1e,21.0,False,2611.0,0.0,103.0,4.0,0.0,False,D,P,2718.0
Mars,False,TRAPPIST-1e,55.0,False,1236.0,0.0,52.0,0.0,0.0,False,F,P,1288.0
Earth,False,TRAPPIST-1e,21.0,False,0.0,70.0,2.0,0.0,486.0,False,F,P,558.0
Earth,True,55 Cancri e,42.0,False,0.0,0.0,0.0,0.0,0.0,True,G,P,0.0
Earth,False,TRAPPIST-1e,40.0,False,2.0,147.0,0.0,1695.0,1147.0,False,F,P,2991.0
Mars,True,TRAPPIST-1e,30.0,False,0.0,0.0,0.0,0.0,0.0,True,F,P,0.0
Europa,True,TRAPPIST-1e,26.0,False,0.0,0.0,0.0,0.0,0.0,True,E,P,0.0
Earth,True,PSO J318.5-22,43.0,False,0.0,0.0,0.0,0.0,0.0,False,G,P,0.0
Earth,False,TRAPPIST-1e,20.0,False,9.0,0.0,1540.0,0.0,0.0,False,F,S,1549.0
Earth,False,PSO J318.5-22,19.0,False,40.0,0.0,77.0,572.0,0.0,False,F,S,689.0
Europa,False,TRAPPIST-1e,40.0,False,0.0,3508.0,761.0,12.0,32.0,True,C,P,4313.0
Earth,True,PSO J318.5-22,17.0,False,0.0,0.0,0.0,0.0,0.0,True,G,S,0.0
Earth,False,TRAPPIST-1e,62.0,False,240.0,0.0,0.0,586.0,10.0,False,G,P,836.0
Earth,True,TRAPPIST-1e,32.0,False,0.0,0.0,0.0,0.0,0.0,False,G,P,0.0
Earth,True,TRAPPIST-1e,37.0,False,0.0,0.0,0.0,0.0,0.0,False,G,P,0.0
Earth,False,TRAPPIST-1e,40.0,False,0.0,0.0,0.0,7.0,782.0,False,E,P,789.0
Earth,False,55 Cancri e,25.0,False,0.0,653.0,21.0,0.0,0.0,False,G,P,674.0
Europa,True,55 Cancri e,17.0,False,0.0,0.0,0.0,0.0,0.0,True,B,S,0.0
Europa,True,TRAPPIST-1e,46.0,False,0.0,0.0,0.0,0.0,0.0,True,B,S,0.0
Europa,False,TRAPPIST-1e,38.0,False,4.0,5974.0,0.0,3682.0,197.0,False,B,S,9857.0
Europa,False,55 Cancri e,43.0,True,0.0,486.0,0.0,0.0,2470.0,False,B,S,2956.0
Europa,False,55 Cancri e,28.0,False,6.0,3392.0,3944.0,987.0,0.0,True,C,S,8329.0
Europa,True,TRAPPIST-1e,31.0,True,0.0,0.0,0.0,0.0,0.0,True,C,S,0.0
Europa,True,PSO J318.5-22,35.0,False,0.0,0.0,0.0,0.0,0.0,True,C,S,0.0
Earth,False,TRAPPIST-1e,19.0,False,105.0,271.0,1.0,377.0,17.0,True,F,P,771.0
Earth,False,TRAPPIST-1e,24.0,False,0.0,0.0,217.0,0.0,544.0,False,F,S,761.0
Mars,False,55 Cancri e,20.0,False,0.0,0.0,270.12864211105006,0.0,0.0,False,E,P,270.12864211105006
Europa,False,TRAPPIST-1e,16.0,False,0.0,1417.0,3.0,27.0,186.0,True,C,S,1633.0
Europa,True,55 Cancri e,45.0,False,0.0,0.0,0.0,0.0,0.0,True,C,S,0.0
Earth,False,TRAPPIST-1e,19.0,False,294.0,79.0,536.0,0.0,0.0,False,G,P,909.0
Earth,False,TRAPPIST-1e,23.0,False,0.0,1089.0,311.0,0.0,0.0,True,F,S,1400.0
Earth,False,TRAPPIST-1e,19.0,False,0.0,78.0,801.0,0.0,7.0,False,G,P,886.0
Mars,False,TRAPPIST-1e,32.0,False,193.0,714.4862536656891,1116.0,0.0,0.0,False,F,S,2023.4862536656892
Earth,False,TRAPPIST-1e,41.0,False,85.0,804.0,0.0,0.0,0.0,True,G,S,889.0
Earth,False,TRAPPIST-1e,30.0,False,1110.0,0.0,439.0,5.0,0.0,False,F,P,1554.0
Europa,False,55 Cancri e,41.0,False,0.0,10049.0,214.0,5287.0,1845.0,False,B,S,17395.0
Mars,False,TRAPPIST-1e,7.0,False,0.0,0.0,0.0,0.0,0.0,True,F,P,0.0
Earth,False,TRAPPIST-1e,39.0,False,1.0,875.0,0.0,6.0,0.0,True,G,P,882.0
Earth,False,TRAPPIST-1e,47.0,False,0.0,61.0,805.0,0.0,6.0,True,F,P,872.0
Earth,False,TRAPPIST-1e,21.0,False,550.0,0.0,61.0,4.0,5.0,False,G,S,620.0
Earth,True,TRAPPIST-1e,29.0,False,0.0,0.0,0.0,0.0,0.0,True,G,P,0.0
Earth,False,TRAPPIST-1e,19.0,False,879.0,0.0,0.0,10.0,0.0,False,G,P,889.0
Mars,True,TRAPPIST-1e,50.0,False,0.0,0.0,0.0,0.0,0.0,True,F,S,0.0
Europa,False,TRAPPIST-1e,28.0,False,0.0,132.0,4.0,1915.0,0.0,False,A,P,2051.0
Mars,False,TRAPPIST-1e,38.0,False,1126.0,0.0,23.0,34.0,0.0,False,F,S,1183.0
Earth,False,PSO J318.5-22,24.0,False,549.0,3.0,201.0,0.0,0.0,False,G,S,753.0
Europa,False,55 Cancri e,31.0,False,350.53903958944284,2954.0,0.0,170.0,756.0,False,A,S,4230.539039589443
Europa,True,TRAPPIST-1e,38.0,False,0.0,0.0,0.0,0.0,0.0,True,E,P,0.0
Europa,True,55 Cancri e,26.0,False,0.0,0.0,0.0,0.0,0.0,True,B,P,0.0
Earth,True,TRAPPIST-1e,28.0,False,0.0,0.0,0.0,0.0,0.0,False,G,P,0.0
Europa,True,55 Cancri e,45.0,False,0.0,0.0,0.0,0.0,0.0,True,B,S,0.0
Europa,True,TRAPPIST-1e,47.0,False,0.0,0.0,0.0,0.0,0.0,True,B,S,0.0
Europa,True,TRAPPIST-1e,60.0,False,0.0,0.0,0.0,0.0,0.0,True,B,S,0.0
Earth,False,55 Cancri e,42.0,False,0.0,279.0,30.0,409.0,0.0,True,E,P,718.0
Earth,False,TRAPPIST-1e,43.0,False,20.0,0.0,726.0,485.74408365437534,0.0,False,E,S,1231.7440836543753
Earth,True,PSO J318.5-22,17.0,False,0.0,0.0,0.0,0.0,0.0,False,F,S,0.0
Earth,True,TRAPPIST-1e,17.0,False,0.0,0.0,0.0,0.0,0.0,False,G,P,0.0
Earth,True,TRAPPIST-1e,20.0,False,0.0,0.0,0.0,0.0,0.0,False,G,S,0.0
Earth,False,TRAPPIST-1e,18.0,False,960.0,672.0,0.0,0.0,168.0,False,G,P,1800.0
Mars,False,TRAPPIST-1e,24.0,False,350.53903958944284,0.0,299.0,814.0,0.0,False,F,P,1463.5390395894428
Earth,False,55 Cancri e,25.0,False,244.0,0.0,40.0,294.0,124.0,False,F,P,702.0
Earth,False,PSO J318.5-22,20.0,False,120.0,321.0,0.0,932.0,175.0,False,F,P,1548.0
Earth,False,TRAPPIST-1e,23.0,False,509.0,0.0,193.0,0.0,2.0,False,G,P,704.0
Europa,True,TRAPPIST-1e,48.0,False,0.0,0.0,0.0,0.0,0.0,True,B,S,0.0
Europa,False,55 Cancri e,26.0,False,286.0,3387.0,575.0,213.0,548.0,True,B,S,5009.0
Europa,True,55 Cancri e,36.0,False,0.0,0.0,0.0,0.0,0.0,True,B,S,0.0
Europa,True,55 Cancri e,27.0,False,0.0,0.0,0.0,0.0,0.0,True,C,S,0.0
Europa,False,55 Cancri e,41.0,False,0.0,1616.0,0.0,758.0,400.0,True,A,P,2774.0
Earth,True,TRAPPIST-1e,21.0,False,0.0,0.0,0.0,0.0,0.0,True,G,S,0.0
Mars,False,TRAPPIST-1e,71.0,False,1243.0,0.0,5.0,16.0,34.0,False,E,S,1298.0
Earth,True,TRAPPIST-1e,64.0,False,0.0,0.0,0.0,0.0,0.0,False,G,S,0.0
Europa,False,TRAPPIST-1e,33.0,False,0.0,397.0,0.0,1249.0,845.0,False,B,S,2491.0
Earth,False,55 Cancri e,24.0,False,786.0,0.0,0.0,309.0,0.0,True,F,P,1095.0
Europa,True,TRAPPIST-1e,35.0,False,0.0,0.0,0.0,0.0,0.0,True,D,S,0.0
Earth,True,PSO J318.5-22,13.0,False,0.0,0.0,0.0,0.0,0.0,True,G,P,0.0
Earth,True,TRAPPIST-1e,11.0,False,0.0,0.0,0.0,0.0,0.0,True,G,P,0.0
Mars,True,TRAPPIST-1e,27.0,False,0.0,0.0,0.0,0.0,0.0,True,F,S,0.0
Mars,True,TRAPPIST-1e,43.0,False,0.0,0.0,0.0,0.0,0.0,True,F,P,0.0
Mars,True,TRAPPIST-1e,36.0,False,0.0,0.0,0.0,0.0,0.0,True,F,P,0.0
Earth,False,PSO J318.5-22,22.0,False,27.0,0.0,0.0,663.0,0.0,False,F,P,690.0
Europa,False,TRAPPIST-1e,56.0,False,0.0,5711.0,0.0,0.0,50.0,True,C,S,5761.0
Mars,True,TRAPPIST-1e,34.0,False,0.0,0.0,0.0,0.0,0.0,True,F,S,0.0
Earth,False,TRAPPIST-1e,46.0,False,0.0,0.0,1.0,0.0,1778.0,False,G,S,1779.0
Mars,False,PSO J318.5-22,43.0,False,244.0,0.0,358.0,160.0,800.0,True,E,P,1562.0
Earth,False,55 Cancri e,25.0,False,0.0,1435.0,0.0,0.0,0.0,True,G,P,1435.0
Europa,False,TRAPPIST-1e,26.0,False,36.0,2285.0,0.0,2287.0,159.0,False,F,S,4767.0
Earth,False,55 Cancri e,14.0,False,0.0,184.0,16.0,1234.0,0.0,False,G,P,1434.0
Earth,False,TRAPPIST-1e,63.0,False,174.0,282.0,321.0,8.0,0.0,True,G,S,785.0
Mars,False,TRAPPIST-1e,29.0,False,558.0,0.0,386.0,355.0,0.0,False,E,P,1299.0
Mars,True,PSO J318.5-22,45.0,False,0.0,0.0,0.0,0.0,0.0,True,E,P,0.0
Earth,True,TRAPPIST-1e,15.0,False,0.0,0.0,0.0,0.0,0.0,True,G,S,0.0
Mars,False,TRAPPIST-1e,19.0,False,193.0,0.0,2956.0,0.0,0.0,True,D,S,3149.0
Earth,False,TRAPPIST-1e,53.0,False,2.0,794.0,425.0,0.0,397.0,False,E,P,1618.0
Mars,False,TRAPPIST-1e,45.0,False,2.0,36.0,1110.0,9.0,0.0,False,F,S,1157.0
Europa,False,55 Cancri e,41.0,False,0.0,2383.0,0.0,2.0,97.0,True,C,S,2482.0
Mars,False,TRAPPIST-1e,68.0,True,523.0,0.0,859.0,201.0,782.0,False,F,P,2365.0
Mars,True,TRAPPIST-1e,5.0,False,0.0,0.0,0.0,0.0,0.0,True,F,P,0.0
Mars,False,TRAPPIST-1e,27.0,True,30.0,0.0,910.0,0.0,0.0,True,F,P,940.0
Earth,False,55 Cancri e,20.0,False,30.0,132.0,1121.0,0.0,0.0,True,F,P,1283.0
Earth,False,TRAPPIST-1e,54.0,True,1770.0,7.0,228.0,0.0,0.0,False,F,S,2005.0
Earth,False,TRAPPIST-1e,18.0,False,0.0,0.0,0.0,484.0,320.0,False,F,S,804.0
Europa,False,55 Cancri e,45.0,False,66.0,5974.0,0.0,0.0,625.0,True,C,P,6665.0
Europa,True,TRAPPIST-1e,26.0,False,0.0,0.0,0.0,0.0,0.0,True,B,S,0.0
Europa,False,TRAPPIST-1e,37.0,False,1577.0,11396.0,0.0,1014.0,560.0,True,B,S,14547.0
Earth,False,TRAPPIST-1e,30.0,False,0.0,2.0,0.0,690.0,86.0,False,F,P,778.0
Mars,False,TRAPPIST-1e,51.0,True,511.0,0.0,291.0,4212.0,0.0,False,F,P,5014.0
Mars,True,TRAPPIST-1e,3.0,False,0.0,0.0,0.0,0.0,0.0,True,F,P,0.0
Mars,True,TRAPPIST-1e,3.0,False,0.0,0.0,0.0,0.0,0.0,True,F,P,0.0
Earth,False,TRAPPIST-1e,19.0,False,2110.0,0.0,0.0,0.0,1.0,False,F,P,2111.0
Earth,False,TRAPPIST-1e,19.0,False,0.0,789.0,0.0,0.0,0.0,False,E,S,789.0
Earth,False,TRAPPIST-1e,6.0,False,0.0,0.0,0.0,0.0,0.0,True,E,S,0.0
Earth,False,55 Cancri e,4.0,False,0.0,0.0,0.0,0.0,0.0,True,E,S,0.0
Europa,False,TRAPPIST-1e,23.0,False,3580.0,564.0,103.0,485.74408365437534,90.0,False,B,S,4822.744083654376
Earth,False,TRAPPIST-1e,37.0,False,1442.0,4.0,0.0,3.0,0.0,False,F,S,1449.0
Mars,False,55 Cancri e,18.0,False,1092.0,0.0,208.0,150.0,0.0,False,F,S,1450.0
Earth,False,PSO J318.5-22,29.0,False,5.0,598.0,270.12864211105006,0.0,0.0,False,F,S,873.1286421110501
Earth,False,TRAPPIST-1e,25.0,False,0.0,779.0,0.0,2.0,6.0,False,E,P,787.0
Earth,False,TRAPPIST-1e,52.0,False,0.0,0.0,47.0,2059.0,0.0,False,F,P,2106.0
Mars,True,TRAPPIST-1e,24.0,False,0.0,0.0,0.0,0.0,0.0,False,F,S,0.0
Mars,False,TRAPPIST-1e,0.0,False,0.0,0.0,270.12864211105006,0.0,0.0,True,F,S,270.12864211105006
Earth,False,PSO J318.5-22,25.0,False,15.0,3.0,0.0,635.0,0.0,False,F,P,653.0
Europa,True,TRAPPIST-1e,26.0,False,0.0,0.0,0.0,0.0,0.0,True,B,P,0.0
Europa,False,PSO J318.5-22,32.0,True,2502.0,700.0,1104.0,13902.0,484.0,False,B,P,18692.0
Earth,False,TRAPPIST-1e,58.0,False,1366.0,257.0,0.0,0.0,311.0,False,F,P,1934.0
Earth,False,TRAPPIST-1e,44.0,False,657.0,0.0,103.0,0.0,394.0,False,F,P,1154.0
Earth,False,TRAPPIST-1e,41.0,False,0.0,0.0,0.0,0.0,908.0,False,G,P,908.0
Earth,False,TRAPPIST-1e,24.0,False,0.0,0.0,643.0,167.0,0.0,True,G,S,810.0
Earth,True,TRAPPIST-1e,41.0,False,0.0,0.0,0.0,0.0,0.0,True,G,P,0.0
Earth,True,PSO J318.5-22,23.0,False,0.0,0.0,0.0,0.0,0.0,True,G,P,0.0
Europa,False,TRAPPIST-1e,27.0,False,390.0,1377.0,0.0,2809.0,4914.0,False,C,S,9490.0
Europa,True,55 Cancri e,61.0,False,0.0,0.0,0.0,0.0,0.0,True,C,S,0.0
Earth,False,TRAPPIST-1e,18.0,False,0.0,732.0,2.0,13.0,47.0,True,F,P,794.0
Earth,True,TRAPPIST-1e,18.0,False,0.0,0.0,0.0,0.0,0.0,True,G,S,0.0
Europa,True,TRAPPIST-1e,27.0,False,0.0,0.0,0.0,0.0,0.0,True,B,S,0.0
Europa,True,55 Cancri e,15.0,False,0.0,0.0,0.0,0.0,0.0,True,B,S,0.0
Earth,False,55 Cancri e,12.0,False,0.0,0.0,0.0,0.0,0.0,True,G,S,0.0
Earth,False,PSO J318.5-22,40.0,False,420.0,0.0,345.0,1.0,0.0,False,F,S,766.0
Earth,False,TRAPPIST-1e,19.0,False,122.0,2.0,0.0,480.0,565.0,True,F,P,1169.0
Mars,True,TRAPPIST-1e,18.0,False,0.0,0.0,0.0,0.0,0.0,True,F,S,0.0
Europa,False,TRAPPIST-1e,48.0,True,313.0,2864.0,0.0,0.0,12424.0,False,A,P,15601.0
Europa,False,55 Cancri e,37.0,False,18.0,2669.0,0.0,1229.0,476.35311409149364,False,A,P,4392.353114091494
Earth,False,TRAPPIST-1e,35.0,False,4.0,53.0,0.0,0.0,844.0,False,F,S,901.0
Earth,False,TRAPPIST-1e,29.0,False,0.0,0.0,702.0,0.0,56.0,False,F,P,758.0
Earth,False,TRAPPIST-1e,54.0,False,118.0,0.0,0.0,669.0,0.0,False,E,S,787.0
Earth,True,TRAPPIST-1e,27.0,False,0.0,0.0,0.0,0.0,0.0,False,G,S,0.0
Earth,False,TRAPPIST-1e,22.0,False,0.0,19.0,1468.0,2.0,119.0,True,E,P,1608.0
Earth,True,PSO J318.5-22,18.0,False,0.0,0.0,0.0,0.0,0.0,True,G,P,0.0
Earth,False,TRAPPIST-1e,26.0,False,0.0,652.0,97.0,43.0,0.0,True,E,P,792.0
Earth,False,PSO J318.5-22,19.0,False,10.0,24.0,0.0,0.0,565.0,False,F,S,599.0
Earth,False,TRAPPIST-1e,22.0,False,0.0,0.0,441.0,0.0,423.0,False,F,P,864.0
Europa,True,TRAPPIST-1e,17.0,False,0.0,0.0,0.0,0.0,0.0,True,C,P,0.0
Earth,False,TRAPPIST-1e,18.0,False,388.0,182.0,0.0,66.0,140.0,False,F,S,776.0
Mars,True,55 Cancri e,39.0,False,0.0,0.0,0.0,0.0,0.0,True,F,P,0.0
Europa,False,TRAPPIST-1e,37.0,False,2.0,7272.0,0.0,50.0,1282.0,True,B,P,8606.0
Europa,True,55 Cancri e,17.0,False,0.0,0.0,0.0,0.0,0.0,True,B,P,0.0
Europa,False,55 Cancri e,25.0,False,0.0,772.0,0.0,125.0,5913.0,False,B,P,6810.0
Europa,False,TRAPPIST-1e,9.0,False,0.0,0.0,0.0,0.0,0.0,True,B,P,0.0
Earth,True,55 Cancri e,15.0,False,0.0,0.0,0.0,0.0,0.0,False,G,S,0.0
Earth,False,TRAPPIST-1e,19.0,False,380.0,0.0,416.0,0.0,8.0,False,F,P,804.0
Mars,False,TRAPPIST-1e,18.0,False,3591.0,0.0,158.0,0.0,120.0,False,E,P,3869.0
Mars,False,TRAPPIST-1e,50.0,True,828.0,0.0,572.0,1367.0,0.0,False,D,P,2767.0
Earth,True,TRAPPIST-1e,14.0,False,0.0,0.0,0.0,0.0,0.0,False,G,S,0.0
Earth,True,PSO J318.5-22,19.0,False,0.0,0.0,0.0,0.0,0.0,False,G,P,0.0
Europa,True,55 Cancri e,33.0,False,0.0,0.0,0.0,0.0,0.0,True,B,S,0.0
Europa,False,TRAPPIST-1e,23.0,False,30.0,2237.0,1.0,49.0,52.0,True,D,P,2369.0
Europa,False,TRAPPIST-1e,39.0,False,2.0,530.0,0.0,485.74408365437534,1360.0,False,D,P,2377.7440836543756
Earth,False,PSO J318.5-22,14.0,False,80.0,130.0,0.0,1323.0,0.0,False,E,S,1533.0
Earth,False,55 Cancri e,14.0,False,653.0,0.0,4.0,0.0,0.0,False,F,P,657.0
Earth,False,PSO J318.5-22,45.0,False,1.0,7.0,56.0,613.0,0.0,True,G,S,677.0
Earth,True,TRAPPIST-1e,22.0,False,0.0,0.0,0.0,0.0,0.0,True,G,S,0.0
Mars,False,TRAPPIST-1e,36.0,False,32.0,355.0,1826.0,9.0,0.0,True,F,P,2222.0
Europa,True,TRAPPIST-1e,19.0,False,0.0,0.0,0.0,0.0,0.0,True,B,S,0.0
Europa,True,TRAPPIST-1e,59.0,False,0.0,0.0,0.0,0.0,0.0,True,B,S,0.0
Earth,False,TRAPPIST-1e,31.0,False,0.0,1000.0,0.0,19.0,1776.0,False,B,S,2795.0
Europa,True,55 Cancri e,31.0,False,0.0,0.0,0.0,0.0,0.0,True,C,S,0.0
Europa,False,TRAPPIST-1e,39.0,False,8209.0,18.0,432.0,3560.0,54.0,False,C,S,12273.0
Europa,False,TRAPPIST-1e,28.0,False,0.0,2674.0,1309.0,18.0,11.0,True,C,S,4012.0
Europa,True,TRAPPIST-1e,19.0,False,0.0,0.0,0.0,0.0,0.0,True,C,S,0.0
Europa,False,TRAPPIST-1e,29.0,False,220.0,1130.0,0.0,7.0,951.0,True,C,P,2308.0
Earth,True,55 Cancri e,0.0,False,0.0,0.0,0.0,0.0,0.0,True,G,P,0.0
Earth,False,55 Cancri e,15.0,False,0.0,714.0,0.0,0.0,0.0,True,G,P,714.0
Earth,False,TRAPPIST-1e,18.0,False,0.0,0.0,0.0,1586.0,0.0,False,F,S,1586.0
Europa,True,55 Cancri e,49.0,False,0.0,0.0,0.0,0.0,0.0,True,C,S,0.0
Earth,False,TRAPPIST-1e,36.0,False,0.0,7.0,661.0,0.0,93.0,True,F,S,761.0
Europa,True,55 Cancri e,40.0,False,0.0,0.0,0.0,0.0,0.0,True,C,S,0.0
Europa,True,TRAPPIST-1e,56.0,False,0.0,0.0,0.0,0.0,0.0,True,C,S,0.0
Earth,True,PSO J318.5-22,67.0,False,0.0,0.0,0.0,0.0,0.0,True,G,S,0.0
Earth,False,TRAPPIST-1e,44.0,False,0.0,204.0,135.0,225.0,223.0,False,E,P,787.0
Earth,False,TRAPPIST-1e,17.0,False,214.0,552.0,0.0,241.0,0.0,False,G,S,1007.0
Mars,True,TRAPPIST-1e,27.0,False,0.0,0.0,0.0,0.0,0.0,True,F,P,0.0
Mars,False,TRAPPIST-1e,23.0,False,463.0,0.0,658.0,0.0,0.0,False,F,P,1121.0
Mars,False,55 Cancri e,28.0,False,2484.0,136.0,42.0,0.0,0.0,False,F,S,2662.0
Mars,True,TRAPPIST-1e,54.0,False,0.0,0.0,0.0,0.0,0.0,True,F,S,0.0
Mars,True,TRAPPIST-1e,26.0,False,0.0,0.0,0.0,0.0,0.0,True,F,S,0.0
Europa,False,55 Cancri e,40.0,True,0.0,21.0,0.0,1503.0,1392.0,False,A,P,2916.0
Europa,True,TRAPPIST-1e,39.0,False,0.0,0.0,0.0,0.0,0.0,True,A,P,0.0
Europa,True,55 Cancri e,40.0,False,0.0,0.0,0.0,0.0,0.0,True,C,P,0.0
Earth,False,PSO J318.5-22,20.0,False,11.0,725.0,0.0,0.0,0.0,True,F,S,736.0
Earth,False,TRAPPIST-1e,18.0,False,761.0,21.0,27.0,0.0,0.0,True,G,S,809.0
Mars,False,TRAPPIST-1e,17.0,False,3651.0,0.0,2228.0,38.0,0.0,False,F,P,5917.0
Europa,True,55 Cancri e,35.0,False,0.0,0.0,0.0,0.0,0.0,True,B,P,0.0
Earth,False,TRAPPIST-1e,31.0,False,0.0,0.0,185.0,584.0,0.0,False,G,S,769.0
Earth,False,TRAPPIST-1e,40.0,False,0.0,0.0,84.0,798.0,0.0,False,G,P,882.0
Europa,True,PSO J318.5-22,50.0,False,0.0,0.0,0.0,0.0,0.0,True,C,S,0.0
Earth,False,TRAPPIST-1e,21.0,False,0.0,0.0,114.0,2.0,683.0,False,F,S,799.0
Earth,False,TRAPPIST-1e,29.0,False,767.0,16.0,9.0,0.0,0.0,False,E,P,792.0
Europa,False,55 Cancri e,63.0,False,0.0,5036.0,4.0,519.0,0.0,True,A,S,5559.0
Mars,False,TRAPPIST-1e,19.0,False,37.0,0.0,1288.0,0.0,0.0,True,F,P,1325.0
Mars,False,TRAPPIST-1e,36.0,False,1103.0,3.0,0.0,0.0,659.0,False,D,P,1765.0
Earth,False,55 Cancri e,48.0,False,0.0,172.0,115.0,1.0,645.0,False,F,P,933.0
Europa,False,TRAPPIST-1e,33.0,False,81.0,1125.0,481.0,505.0,1261.0,False,E,P,3453.0
Mars,False,TRAPPIST-1e,28.0,False,2703.0,0.0,4.0,1.0,0.0,False,D,S,2708.0
Earth,False,TRAPPIST-1e,39.0,False,0.0,0.0,0.0,847.0,1.0,False,G,P,848.0
Earth,True,TRAPPIST-1e,27.0,False,0.0,0.0,0.0,0.0,0.0,True,G,S,0.0
Europa,True,55 Cancri e,58.0,False,0.0,0.0,0.0,0.0,0.0,True,B,S,0.0
Europa,True,55 Cancri e,44.0,False,0.0,0.0,0.0,0.0,0.0,True,B,S,0.0
Earth,True,TRAPPIST-1e,23.0,False,0.0,0.0,0.0,0.0,0.0,True,G,P,0.0
Earth,False,55 Cancri e,21.0,False,618.0,33.0,1.0,2.0,0.0,True,F,P,654.0
Europa,False,55 Cancri e,53.0,False,8.0,1489.0,0.0,2723.0,7401.0,False,C,P,11621.0
Europa,True,TRAPPIST-1e,14.0,False,0.0,0.0,0.0,0.0,0.0,True,C,P,0.0
Earth,True,PSO J318.5-22,17.0,False,0.0,0.0,0.0,0.0,0.0,True,G,P,0.0
Europa,False,55 Cancri e,25.0,False,0.0,16016.0,1025.0,189.0,1037.0,True,C,S,18267.0
Europa,False,55 Cancri e,44.0,True,3010.0,26.0,0.0,62.0,904.0,False,C,S,4002.0
Europa,False,55 Cancri e,24.0,False,145.0,4224.0,0.0,5.0,61.0,True,C,S,4435.0
Earth,False,TRAPPIST-1e,24.0,False,0.0,7.0,127.0,639.0,37.0,False,G,S,810.0
Earth,True,TRAPPIST-1e,24.0,False,0.0,0.0,0.0,0.0,0.0,True,G,S,0.0
Earth,True,TRAPPIST-1e,0.0,False,0.0,0.0,0.0,0.0,0.0,True,G,S,0.0
Earth,True,55 Cancri e,7.0,False,0.0,0.0,0.0,0.0,0.0,False,G,S,0.0
Earth,True,PSO J318.5-22,3.0,False,0.0,0.0,0.0,0.0,0.0,True,G,S,0.0
Earth,False,TRAPPIST-1e,18.0,False,711.0,12.0,0.0,83.0,0.0,True,F,S,806.0
Earth,True,TRAPPIST-1e,4.0,False,0.0,0.0,0.0,0.0,0.0,False,G,S,0.0
Europa,True,55 Cancri e,40.0,False,0.0,0.0,0.0,0.0,0.0,True,B,S,0.0
Earth,True,TRAPPIST-1e,16.0,False,0.0,0.0,0.0,0.0,0.0,False,G,S,0.0
Europa,True,55 Cancri e,25.0,False,0.0,0.0,0.0,0.0,0.0,True,B,S,0.0
Earth,True,TRAPPIST-1e,10.0,False,0.0,0.0,0.0,0.0,0.0,True,G,S,0.0
Earth,True,TRAPPIST-1e,40.0,False,0.0,0.0,0.0,0.0,0.0,True,G,P,0.0
Mars,True,TRAPPIST-1e,19.0,False,0.0,0.0,0.0,0.0,0.0,True,F,P,0.0
Europa,True,55 Cancri e,15.0,False,0.0,0.0,0.0,0.0,0.0,True,B,P,0.0
Earth,False,TRAPPIST-1e,24.0,False,350.53903958944284,636.0,136.0,37.0,0.0,False,G,P,1159.5390395894428
Mars,True,TRAPPIST-1e,21.0,False,0.0,0.0,0.0,0.0,0.0,True,F,S,0.0
Earth,False,TRAPPIST-1e,29.0,False,0.0,7.0,31.0,700.0,0.0,False,F,S,738.0
Mars,False,TRAPPIST-1e,37.0,True,2771.0,0.0,6.0,1.0,10.0,False,D,S,2788.0
Earth,True,PSO J318.5-22,49.0,False,0.0,0.0,0.0,0.0,0.0,False,G,S,0.0
Earth,False,TRAPPIST-1e,42.0,False,1132.0,0.0,0.0,77.0,608.0,False,G,P,1817.0
Earth,True,TRAPPIST-1e,54.0,False,0.0,0.0,0.0,0.0,0.0,True,G,P,0.0
Earth,True,TRAPPIST-1e,33.0,False,0.0,0.0,0.0,0.0,0.0,False,G,P,0.0
Europa,False,TRAPPIST-1e,27.0,False,0.0,6.0,0.0,7786.0,0.0,False,C,P,7792.0
Earth,True,TRAPPIST-1e,53.0,False,0.0,0.0,0.0,0.0,0.0,False,G,S,0.0
Earth,False,TRAPPIST-1e,28.0,False,0.0,817.0,58.0,0.0,25.0,True,F,S,900.0
Europa,False,TRAPPIST-1e,24.0,False,812.0,5450.0,0.0,1.0,262.0,True,C,S,6525.0
Earth,False,PSO J318.5-22,20.0,False,0.0,0.0,8.0,1.0,1175.0,False,F,P,1184.0
Earth,False,TRAPPIST-1e,0.0,False,0.0,0.0,0.0,0.0,0.0,False,G,P,0.0
Earth,False,TRAPPIST-1e,24.0,False,0.0,96.0,0.0,597.0,0.0,False,F,P,693.0
Earth,True,TRAPPIST-1e,28.0,False,0.0,0.0,0.0,0.0,0.0,True,G,P,0.0
Mars,True,TRAPPIST-1e,42.0,False,0.0,0.0,0.0,0.0,0.0,True,F,P,0.0
Europa,False,55 Cancri e,32.0,True,0.0,48.0,0.0,3204.0,112.0,False,C,S,3364.0
Europa,False,TRAPPIST-1e,36.0,False,0.0,2979.0,0.0,68.0,347.0,True,B,P,3394.0
Europa,False,TRAPPIST-1e,40.0,False,0.0,0.0,0.0,0.0,0.0,True,B,P,0.0
Earth,False,TRAPPIST-1e,30.0,False,574.0,0.0,270.12864211105006,25.0,2.0,False,F,P,871.1286421110501
Mars,False,TRAPPIST-1e,34.0,False,751.0,0.0,185.0,0.0,77.0,False,E,P,1013.0
Mars,False,TRAPPIST-1e,37.0,False,1000.0,0.0,80.0,40.0,0.0,False,F,P,1120.0
Europa,True,TRAPPIST-1e,41.0,False,0.0,0.0,0.0,0.0,0.0,True,B,S,0.0
Europa,True,55 Cancri e,25.0,False,0.0,0.0,0.0,0.0,0.0,True,B,S,0.0
Mars,False,TRAPPIST-1e,39.0,False,332.0,0.0,728.0,2.0,86.0,True,F,P,1148.0
Earth,False,55 Cancri e,0.0,False,0.0,0.0,0.0,0.0,0.0,True,G,P,0.0
Mars,False,TRAPPIST-1e,54.0,False,1144.0,140.0,2.0,2.0,0.0,False,F,P,1288.0
Earth,True,TRAPPIST-1e,16.0,False,0.0,0.0,0.0,0.0,0.0,False,G,P,0.0
Earth,False,TRAPPIST-1e,0.0,False,0.0,0.0,0.0,0.0,0.0,True,G,S,0.0
Earth,True,TRAPPIST-1e,13.0,False,0.0,0.0,0.0,0.0,0.0,True,G,S,0.0
Mars,False,TRAPPIST-1e,46.0,False,5888.0,714.4862536656891,13.0,12.0,0.0,False,F,S,6627.486253665689
Earth,False,TRAPPIST-1e,23.0,False,40.0,4.0,9.0,318.0,1413.0,False,G,P,1784.0
Earth,False,TRAPPIST-1e,18.0,False,110.0,103.0,471.0,11.0,1.0,False,F,S,696.0
Earth,False,PSO J318.5-22,27.0,False,2647.0,0.0,0.0,42.0,32.0,False,F,P,2721.0
Earth,True,PSO J318.5-22,24.0,False,0.0,0.0,0.0,0.0,0.0,False,G,P,0.0
Europa,False,TRAPPIST-1e,27.0,False,118.0,1769.0,4127.0,118.0,619.0,True,B,P,6751.0
Earth,False,TRAPPIST-1e,24.0,False,0.0,82.0,0.0,1624.0,77.0,False,D,P,1783.0
Europa,False,TRAPPIST-1e,25.0,True,1.0,4298.0,0.0,0.0,2.0,True,A,S,4301.0
Europa,True,TRAPPIST-1e,30.0,False,0.0,0.0,0.0,0.0,0.0,True,B,S,0.0
Earth,False,TRAPPIST-1e,19.0,False,0.0,28.0,62.0,24.0,1686.0,False,G,P,1800.0
Earth,False,55 Cancri e,18.0,False,1.0,5.0,305.0,347.0,0.0,False,F,P,658.0
Europa,True,55 Cancri e,49.0,False,0.0,0.0,0.0,0.0,0.0,True,E,P,0.0
Earth,False,TRAPPIST-1e,64.0,False,0.0,0.0,0.0,563.0,344.0,False,G,P,907.0
Mars,True,TRAPPIST-1e,26.0,False,0.0,0.0,0.0,0.0,0.0,True,E,S,0.0
Earth,False,55 Cancri e,53.0,False,0.0,0.0,754.0,46.0,0.0,False,F,P,800.0
Mars,False,TRAPPIST-1e,27.0,False,83.0,0.0,2621.0,5.0,0.0,True,D,P,2709.0
Europa,True,TRAPPIST-1e,27.0,False,0.0,0.0,0.0,0.0,0.0,True,B,P,0.0
Mars,False,TRAPPIST-1e,25.0,False,338.0,319.0,32.0,15.0,0.0,False,F,S,704.0
Earth,False,55 Cancri e,33.0,False,0.0,0.0,0.0,436.0,224.0,True,E,S,660.0
Europa,False,TRAPPIST-1e,27.0,False,0.0,9.0,0.0,40.0,7621.0,False,C,S,7670.0
Europa,True,55 Cancri e,20.0,False,0.0,0.0,0.0,0.0,0.0,True,C,P,0.0
Europa,True,55 Cancri e,39.0,False,0.0,0.0,0.0,0.0,0.0,True,B,P,0.0
Mars,False,TRAPPIST-1e,27.0,False,1730.0,0.0,379.0,5.0,0.0,False,E,P,2114.0
Mars,True,TRAPPIST-1e,19.0,False,0.0,0.0,0.0,0.0,0.0,True,F,S,0.0
Earth,False,TRAPPIST-1e,22.0,False,60.0,48.0,0.0,0.0,500.0,False,F,P,608.0
Earth,False,TRAPPIST-1e,3.0,False,0.0,0.0,0.0,0.0,0.0,False,G,S,0.0
Earth,False,TRAPPIST-1e,24.0,False,9.0,769.0,9.0,0.0,0.0,False,E,S,787.0
Mars,True,TRAPPIST-1e,41.0,False,0.0,0.0,0.0,0.0,0.0,True,F,S,0.0
Mars,True,TRAPPIST-1e,18.0,False,0.0,0.0,0.0,0.0,0.0,True,F,S,0.0
Earth,False,TRAPPIST-1e,63.0,False,0.0,243.0,0.0,777.0,0.0,False,G,P,1020.0
Europa,False,TRAPPIST-1e,19.0,False,0.0,4534.0,0.0,617.0,1156.0,False,B,S,6307.0
Europa,True,TRAPPIST-1e,39.0,False,0.0,0.0,0.0,0.0,0.0,True,B,S,0.0
Europa,True,55 Cancri e,27.0,False,0.0,0.0,0.0,0.0,0.0,True,F,S,0.0
Mars,False,TRAPPIST-1e,41.0,False,688.0,31.0,1880.0,0.0,476.35311409149364,False,F,P,3075.353114091494
Europa,False,TRAPPIST-1e,44.0,False,18.0,1451.0,0.0,279.0,64.0,False,A,S,1812.0
Europa,False,TRAPPIST-1e,39.0,True,0.0,395.0,0.0,1012.0,1080.0,False,A,S,2487.0
Mars,True,55 Cancri e,29.0,False,0.0,0.0,0.0,0.0,0.0,True,D,P,0.0
Mars,False,TRAPPIST-1e,37.0,False,416.0,56.0,1912.0,0.0,0.0,False,D,P,2384.0
Europa,True,55 Cancri e,41.0,False,0.0,0.0,0.0,0.0,0.0,True,C,P,0.0
Earth,False,PSO J318.5-22,18.0,False,0.0,0.0,0.0,746.0,1.0,False,F,S,747.0
Earth,True,55 Cancri e,27.0,False,0.0,0.0,0.0,0.0,0.0,False,G,P,0.0
Europa,False,55 Cancri e,55.0,False,1.0,2670.0,34.0,542.0,1339.0,True,B,S,4586.0
Earth,True,TRAPPIST-1e,21.0,False,0.0,0.0,0.0,0.0,0.0,True,E,P,0.0
Europa,True,TRAPPIST-1e,28.0,False,0.0,0.0,0.0,0.0,0.0,True,B,S,0.0
Europa,False,TRAPPIST-1e,43.0,False,0.0,8948.0,0.0,153.0,872.0,True,B,S,9973.0
Earth,False,PSO J318.5-22,32.0,False,0.0,494.0,0.0,0.0,213.0,False,G,S,707.0
Earth,False,TRAPPIST-1e,23.0,False,1.0,0.0,0.0,237.0,553.0,True,F,P,791.0
Earth,True,55 Cancri e,5.0,False,0.0,0.0,0.0,0.0,0.0,True,G,P,0.0
Earth,False,55 Cancri e,14.0,False,325.0,0.0,19.0,506.0,2.0,False,G,S,852.0
Earth,False,TRAPPIST-1e,24.0,False,1405.0,0.0,14.0,2.0,163.0,False,F,P,1584.0
Earth,True,PSO J318.5-22,22.0,False,0.0,0.0,0.0,0.0,0.0,True,G,S,0.0
Earth,False,TRAPPIST-1e,14.0,False,0.0,268.0,239.0,127.0,0.0,True,F,S,634.0
Earth,False,TRAPPIST-1e,20.0,False,98.0,499.0,0.0,142.0,52.0,False,E,P,791.0
Earth,False,TRAPPIST-1e,17.0,False,527.0,124.0,37.0,290.0,30.0,False,G,S,1008.0
Earth,False,55 Cancri e,20.0,False,748.0,0.0,0.0,0.0,487.0,False,F,S,1235.0
Earth,False,TRAPPIST-1e,22.0,False,0.0,714.4862536656891,692.0,18.0,0.0,True,G,S,1424.4862536656892
Earth,True,TRAPPIST-1e,15.0,False,0.0,0.0,0.0,0.0,0.0,True,G,P,0.0
Mars,False,55 Cancri e,67.0,False,1146.0,16.0,39.0,0.0,518.0,True,D,P,1719.0
Europa,False,55 Cancri e,28.0,False,7.0,489.0,0.0,4.0,6027.0,False,C,P,6527.0
Europa,False,TRAPPIST-1e,57.0,False,0.0,412.0,0.0,5491.0,234.0,False,D,P,6137.0
Earth,True,PSO J318.5-22,21.0,False,0.0,0.0,0.0,0.0,0.0,True,G,P,0.0
Mars,False,TRAPPIST-1e,34.0,False,1199.0,33.0,346.0,0.0,0.0,False,F,S,1578.0
Mars,True,TRAPPIST-1e,17.0,False,0.0,0.0,0.0,0.0,0.0,False,E,S,0.0
Earth,False,55 Cancri e,33.0,False,0.0,53.0,615.0,9.0,0.0,True,F,P,677.0
Europa,False,55 Cancri e,33.0,False,0.0,73.0,31.0,8493.0,9065.0,False,C,S,17662.0
Europa,False,TRAPPIST-1e,28.0,False,0.0,180.0,0.0,778.0,4973.0,False,C,S,5931.0
Mars,True,TRAPPIST-1e,18.0,False,0.0,0.0,0.0,0.0,0.0,True,F,S,0.0
Mars,True,TRAPPIST-1e,28.0,False,0.0,0.0,0.0,0.0,0.0,True,F,P,0.0
Earth,False,TRAPPIST-1e,13.0,False,406.0,0.0,52.0,0.0,387.0,False,G,S,845.0
Earth,False,TRAPPIST-1e,38.0,False,0.0,0.0,0.0,45.0,3372.0,False,F,P,3417.0
Europa,False,55 Cancri e,39.0,False,258.0,1541.0,0.0,485.74408365437534,621.0,False,B,S,2905.7440836543756
Europa,True,TRAPPIST-1e,18.0,False,0.0,0.0,0.0,0.0,0.0,True,F,S,0.0
Earth,False,PSO J318.5-22,43.0,False,0.0,0.0,110.0,538.0,0.0,False,F,S,648.0
Earth,False,TRAPPIST-1e,32.0,False,350.53903958944284,368.0,0.0,304.0,741.0,False,F,S,1763.5390395894428
Earth,True,TRAPPIST-1e,29.0,False,0.0,0.0,0.0,0.0,0.0,False,F,S,0.0
Mars,False,55 Cancri e,45.0,False,810.0,0.0,132.0,198.0,0.0,False,F,S,1140.0
Mars,True,TRAPPIST-1e,25.0,False,0.0,0.0,0.0,0.0,0.0,True,F,S,0.0
Earth,False,55 Cancri e,64.0,False,19.0,261.0,208.0,0.0,214.0,False,F,S,702.0
Earth,False,TRAPPIST-1e,18.0,False,0.0,0.0,0.0,0.0,2141.0,False,F,P,2141.0
Earth,False,TRAPPIST-1e,44.0,False,358.0,303.0,0.0,0.0,131.0,False,E,P,792.0
Earth,True,TRAPPIST-1e,15.0,False,0.0,0.0,0.0,0.0,0.0,True,G,P,0.0
Earth,False,55 Cancri e,21.0,False,1720.0,2337.0,0.0,1.0,335.0,False,F,S,4393.0
Mars,False,TRAPPIST-1e,33.0,False,166.0,634.0,419.0,201.0,1178.0,False,F,P,2598.0
Earth,False,55 Cancri e,3.0,False,0.0,0.0,0.0,0.0,0.0,False,G,P,0.0
Earth,True,55 Cancri e,19.0,False,0.0,0.0,0.0,0.0,0.0,True,G,P,0.0
Earth,False,TRAPPIST-1e,37.0,False,0.0,0.0,0.0,0.0,0.0,False,G,P,0.0
Earth,False,55 Cancri e,24.0,False,0.0,688.0,0.0,0.0,1.0,False,F,P,689.0
Earth,False,TRAPPIST-1e,26.0,False,0.0,79.0,53.0,485.74408365437534,0.0,False,G,P,617.7440836543753
Mars,True,TRAPPIST-1e,26.0,False,0.0,0.0,0.0,0.0,0.0,True,F,S,0.0
Mars,True,TRAPPIST-1e,26.0,False,0.0,0.0,0.0,0.0,0.0,True,F,S,0.0
Earth,False,TRAPPIST-1e,22.0,False,769.0,0.0,0.0,1.0,729.0,False,F,S,1499.0
Mars,False,TRAPPIST-1e,26.0,False,1333.0,0.0,50.0,0.0,0.0,False,F,S,1383.0
Earth,False,TRAPPIST-1e,27.0,False,0.0,55.0,0.0,740.0,85.0,False,F,P,880.0
Earth,False,PSO J318.5-22,27.0,False,0.0,605.0,0.0,0.0,0.0,True,F,S,605.0
Earth,False,PSO J318.5-22,37.0,False,0.0,925.0,0.0,0.0,0.0,True,F,S,925.0
Earth,True,TRAPPIST-1e,22.0,False,0.0,0.0,0.0,0.0,0.0,False,G,P,0.0
Earth,False,55 Cancri e,24.0,False,0.0,0.0,809.0,0.0,0.0,True,G,P,809.0
Earth,False,TRAPPIST-1e,23.0,False,535.0,3.0,17.0,0.0,214.0,False,G,S,769.0
Earth,False,PSO J318.5-22,18.0,False,0.0,76.0,0.0,993.0,6.0,False,F,P,1075.0
Earth,True,TRAPPIST-1e,28.0,False,0.0,0.0,0.0,0.0,0.0,False,G,S,0.0
Earth,True,TRAPPIST-1e,4.0,False,0.0,0.0,0.0,0.0,0.0,True,G,S,0.0
Earth,True,PSO J318.5-22,23.0,False,0.0,0.0,0.0,0.0,0.0,True,G,S,0.0
Earth,True,PSO J318.5-22,2.0,False,0.0,0.0,0.0,0.0,0.0,True,G,S,0.0
Earth,False,TRAPPIST-1e,46.0,False,0.0,714.4862536656891,0.0,17.0,655.0,False,G,S,1386.4862536656892
Earth,False,TRAPPIST-1e,0.0,False,0.0,0.0,0.0,0.0,0.0,False,G,S,0.0
Mars,False,TRAPPIST-1e,16.0,False,1095.0,0.0,54.0,0.0,0.0,False,F,P,1149.0
Mars,False,TRAPPIST-1e,19.0,False,1823.0,36.0,81.0,0.0,0.0,False,D,S,1940.0
Europa,False,55 Cancri e,34.0,False,0.0,3424.0,6.0,2445.0,1128.0,False,B,S,7003.0
Europa,False,TRAPPIST-1e,34.0,False,11.0,3299.0,0.0,1013.0,15.0,True,B,S,4338.0
Earth,False,TRAPPIST-1e,24.0,False,482.0,967.0,349.0,19.0,0.0,False,G,S,1817.0
Earth,True,PSO J318.5-22,28.0,False,0.0,0.0,0.0,0.0,0.0,False,G,S,0.0
Europa,True,55 Cancri e,44.0,False,0.0,0.0,0.0,0.0,0.0,True,B,S,0.0
Europa,True,TRAPPIST-1e,35.0,False,0.0,0.0,0.0,0.0,0.0,True,B,S,0.0
Earth,False,TRAPPIST-1e,20.0,False,0.0,0.0,0.0,0.0,0.0,False,G,P,0.0
Earth,False,PSO J318.5-22,18.0,False,328.0,0.0,0.0,24.0,309.0,False,F,S,661.0
Earth,False,PSO J318.5-22,43.0,False,6.0,25.0,0.0,5250.0,0.0,False,G,P,5281.0
Earth,False,PSO J318.5-22,48.0,False,0.0,0.0,501.0,242.0,0.0,False,F,P,743.0
Mars,False,TRAPPIST-1e,46.0,False,52.0,0.0,1185.0,61.0,0.0,True,E,S,1298.0
Mars,True,TRAPPIST-1e,75.0,False,0.0,0.0,0.0,0.0,0.0,True,F,S,0.0
Europa,True,55 Cancri e,24.0,False,0.0,0.0,0.0,0.0,0.0,True,B,S,0.0
Earth,False,TRAPPIST-1e,34.0,False,0.0,9.0,617.0,0.0,281.0,False,G,P,907.0
Mars,False,TRAPPIST-1e,29.0,False,1052.0,0.0,635.0,0.0,0.0,False,F,S,1687.0
Mars,True,TRAPPIST-1e,46.0,False,0.0,0.0,0.0,0.0,0.0,True,F,S,0.0
Earth,False,TRAPPIST-1e,22.0,False,558.0,63.0,0.0,0.0,0.0,False,G,S,621.0
Mars,True,TRAPPIST-1e,42.0,False,0.0,0.0,0.0,0.0,0.0,False,E,S,0.0
Mars,True,TRAPPIST-1e,46.0,False,0.0,0.0,0.0,0.0,0.0,True,F,P,0.0
Earth,False,TRAPPIST-1e,15.0,False,0.0,6.0,0.0,981.0,0.0,False,E,P,987.0
Earth,False,TRAPPIST-1e,42.0,False,1227.0,773.0,14.0,0.0,0.0,False,F,S,2014.0
Mars,False,TRAPPIST-1e,31.0,False,166.0,0.0,297.0,835.0,0.0,False,E,S,1298.0
Mars,True,TRAPPIST-1e,9.0,False,0.0,0.0,0.0,0.0,0.0,True,F,S,0.0
Earth,False,TRAPPIST-1e,34.0,False,0.0,0.0,0.0,156.0,620.0,False,F,S,776.0
Earth,False,TRAPPIST-1e,21.0,False,9.0,0.0,0.0,25.0,811.0,False,G,P,845.0
Earth,False,55 Cancri e,16.0,False,0.0,11.0,0.0,863.0,0.0,False,F,P,874.0
Earth,False,TRAPPIST-1e,40.0,False,634.0,60.0,134.0,0.0,0.0,False,F,P,828.0
Earth,False,TRAPPIST-1e,23.0,False,550.0,0.0,738.0,0.0,0.0,True,F,S,1288.0
Earth,True,TRAPPIST-1e,6.0,False,0.0,0.0,0.0,0.0,0.0,False,G,P,0.0
Earth,False,TRAPPIST-1e,17.0,False,99.0,516.0,1967.0,0.0,6.0,True,F,S,2588.0
Earth,False,55 Cancri e,37.0,False,19.0,443.0,1769.0,0.0,3.0,True,F,S,2234.0
Europa,True,PSO J318.5-22,30.0,False,0.0,0.0,0.0,0.0,0.0,True,C,S,0.0
Europa,True,TRAPPIST-1e,32.0,False,0.0,0.0,0.0,0.0,0.0,True,C,S,0.0
Europa,True,55 Cancri e,41.0,False,0.0,0.0,0.0,0.0,0.0,True,C,S,0.0
Europa,False,55 Cancri e,43.0,False,0.0,16856.0,0.0,4344.0,977.0,False,C,P,22177.0
Earth,False,55 Cancri e,17.0,False,6256.0,0.0,0.0,1.0,21.0,False,E,S,6278.0
Europa,True,TRAPPIST-1e,37.0,False,0.0,0.0,0.0,0.0,0.0,True,B,P,0.0
Earth,True,TRAPPIST-1e,18.0,False,0.0,0.0,0.0,0.0,0.0,True,F,S,0.0
Earth,True,TRAPPIST-1e,1.0,False,0.0,0.0,0.0,0.0,0.0,False,G,P,0.0
Earth,False,TRAPPIST-1e,38.0,False,0.0,0.0,0.0,1714.0,0.0,False,G,P,1714.0
Earth,False,TRAPPIST-1e,25.0,False,131.0,124.0,408.0,196.0,9.0,False,F,P,868.0
Earth,False,TRAPPIST-1e,6.0,False,0.0,0.0,0.0,0.0,0.0,False,G,P,0.0
Earth,True,TRAPPIST-1e,1.0,False,0.0,0.0,0.0,0.0,0.0,True,G,P,0.0
Earth,False,PSO J318.5-22,7.0,False,0.0,0.0,0.0,0.0,0.0,True,G,P,0.0
Earth,False,TRAPPIST-1e,24.0,False,569.0,156.0,0.0,12.0,0.0,False,F,P,737.0
Earth,False,TRAPPIST-1e,19.0,False,0.0,721.0,0.0,25.0,1.0,True,F,P,747.0
Europa,True,55 Cancri e,26.0,False,0.0,0.0,0.0,0.0,0.0,True,B,S,0.0
Earth,False,TRAPPIST-1e,49.0,False,0.0,1738.0,0.0,19.0,0.0,False,G,P,1757.0
Earth,False,TRAPPIST-1e,18.0,False,0.0,0.0,32.0,0.0,673.0,False,G,P,705.0
Earth,False,TRAPPIST-1e,25.0,False,0.0,478.0,71.0,11.0,162.0,False,G,P,722.0
Earth,False,TRAPPIST-1e,46.0,False,248.0,714.4862536656891,0.0,4.0,0.0,False,F,S,966.4862536656891
Earth,True,TRAPPIST-1e,33.0,False,0.0,0.0,0.0,0.0,0.0,False,G,P,0.0
Earth,False,TRAPPIST-1e,10.0,False,0.0,0.0,0.0,0.0,0.0,True,G,P,0.0
Earth,True,TRAPPIST-1e,38.0,False,0.0,0.0,0.0,0.0,0.0,True,G,P,0.0
Mars,False,TRAPPIST-1e,23.0,False,1610.0,2.0,465.0,0.0,0.0,False,E,P,2077.0
Earth,True,TRAPPIST-1e,26.0,False,0.0,0.0,0.0,0.0,0.0,True,G,P,0.0
Earth,False,TRAPPIST-1e,16.0,False,0.0,11.0,0.0,8.0,827.0,False,G,P,846.0
Earth,False,TRAPPIST-1e,29.0,False,37.0,0.0,644.0,0.0,177.0,True,E,S,858.0
Europa,True,PSO J318.5-22,35.0,False,0.0,0.0,0.0,0.0,0.0,True,C,P,0.0
Earth,False,TRAPPIST-1e,58.0,False,0.0,268.0,0.0,109.0,594.0,False,F,S,971.0
Earth,True,55 Cancri e,17.0,False,0.0,0.0,0.0,0.0,0.0,True,G,S,0.0
Earth,True,TRAPPIST-1e,16.0,False,0.0,0.0,0.0,0.0,0.0,True,F,S,0.0
Earth,True,55 Cancri e,2.0,False,0.0,0.0,0.0,0.0,0.0,True,G,S,0.0
Earth,False,TRAPPIST-1e,13.0,False,34.0,1.0,0.0,824.0,29.0,False,F,S,888.0
Mars,False,TRAPPIST-1e,18.0,False,196.0,0.0,744.0,0.0,0.0,True,F,P,940.0
Earth,False,55 Cancri e,29.0,False,46.0,68.0,589.0,88.0,0.0,True,E,S,791.0
Earth,False,55 Cancri e,21.0,False,102.0,9.0,21.0,464.0,104.0,False,F,S,700.0
Europa,True,55 Cancri e,43.0,False,0.0,0.0,0.0,0.0,0.0,True,C,S,0.0
Earth,True,TRAPPIST-1e,69.0,False,0.0,0.0,0.0,0.0,0.0,False,G,S,0.0
Earth,False,TRAPPIST-1e,40.0,False,0.0,0.0,14.0,785.0,10.0,False,G,S,809.0
Earth,True,TRAPPIST-1e,1.0,False,0.0,0.0,0.0,0.0,0.0,True,G,S,0.0
Mars,True,TRAPPIST-1e,36.0,False,0.0,0.0,0.0,0.0,0.0,True,F,S,0.0
Earth,True,TRAPPIST-1e,60.0,False,0.0,0.0,0.0,0.0,0.0,False,G,P,0.0
Earth,True,PSO J318.5-22,17.0,False,0.0,0.0,0.0,0.0,0.0,True,G,P,0.0
Earth,True,TRAPPIST-1e,49.0,False,0.0,0.0,0.0,0.0,0.0,False,G,P,0.0
Earth,False,TRAPPIST-1e,23.0,False,1.0,700.0,0.0,7.0,136.0,False,G,P,844.0
Earth,False,TRAPPIST-1e,39.0,False,472.0,0.0,0.0,173.0,0.0,False,F,P,645.0
Earth,True,TRAPPIST-1e,53.0,False,0.0,0.0,0.0,0.0,0.0,True,F,S,0.0
Earth,False,TRAPPIST-1e,26.0,False,485.0,8.0,3958.0,0.0,0.0,True,G,P,4451.0
Europa,False,TRAPPIST-1e,31.0,False,0.0,87.0,0.0,2263.0,224.0,False,C,S,2574.0
Europa,True,TRAPPIST-1e,48.0,False,0.0,0.0,0.0,0.0,0.0,True,C,S,0.0
Europa,False,55 Cancri e,26.0,False,1432.0,1283.0,0.0,178.0,5034.0,False,C,S,7927.0
Mars,True,TRAPPIST-1e,25.0,False,0.0,0.0,0.0,0.0,0.0,True,F,S,0.0
Europa,True,55 Cancri e,25.0,False,0.0,0.0,0.0,0.0,0.0,True,B,S,0.0
Earth,False,TRAPPIST-1e,30.0,False,4.0,637.0,0.0,0.0,3.0,False,F,P,644.0
Earth,True,TRAPPIST-1e,27.0,False,0.0,0.0,0.0,0.0,0.0,True,G,S,0.0
Earth,True,TRAPPIST-1e,23.0,False,0.0,0.0,0.0,0.0,0.0,False,G,P,0.0
Earth,False,TRAPPIST-1e,24.0,False,0.0,80.0,106.0,344.0,0.0,False,G,P,530.0
Earth,False,TRAPPIST-1e,47.0,False,397.0,0.0,321.0,0.0,5.0,True,G,P,723.0
Earth,True,TRAPPIST-1e,37.0,False,0.0,0.0,0.0,0.0,0.0,False,G,P,0.0
Mars,True,TRAPPIST-1e,24.0,False,0.0,0.0,0.0,0.0,0.0,True,F,P,0.0
Earth,False,TRAPPIST-1e,21.0,False,90.0,0.0,817.0,0.0,0.0,False,G,P,907.0
Mars,True,TRAPPIST-1e,42.0,False,0.0,0.0,0.0,0.0,0.0,True,F,S,0.0
Earth,False,TRAPPIST-1e,39.0,False,3030.0,79.0,0.0,0.0,0.0,False,F,S,3109.0
Earth,False,TRAPPIST-1e,28.0,False,589.0,57.0,0.0,0.0,0.0,False,F,P,646.0
Earth,False,TRAPPIST-1e,32.0,False,0.0,0.0,270.12864211105006,365.0,1216.0,False,E,P,1851.12864211105
Europa,False,TRAPPIST-1e,31.0,False,0.0,910.0,58.0,1654.0,1217.0,False,B,S,3839.0
Earth,True,TRAPPIST-1e,13.0,False,0.0,0.0,0.0,0.0,0.0,True,F,S,0.0
Earth,False,TRAPPIST-1e,41.0,False,84.0,0.0,6.0,811.0,2.0,True,F,S,903.0
Earth,False,TRAPPIST-1e,21.0,False,7.0,0.0,622.0,0.0,0.0,False,F,P,629.0
Earth,False,TRAPPIST-1e,27.0,False,0.0,0.0,0.0,0.0,0.0,False,G,P,0.0
Earth,False,TRAPPIST-1e,9.0,False,0.0,0.0,270.12864211105006,0.0,0.0,True,G,P,270.12864211105006
Europa,False,TRAPPIST-1e,36.0,False,0.0,9532.0,0.0,2326.0,461.0,False,D,S,12319.0
Europa,True,55 Cancri e,30.0,False,0.0,0.0,0.0,0.0,0.0,True,D,S,0.0
Earth,False,TRAPPIST-1e,27.0,False,0.0,593.0,0.0,259.0,0.0,False,G,S,852.0
Earth,False,TRAPPIST-1e,40.0,False,580.0,0.0,447.0,6.0,0.0,False,F,S,1033.0
Europa,False,TRAPPIST-1e,41.0,False,0.0,116.0,10705.0,9181.0,10.0,False,C,P,20012.0
Europa,True,55 Cancri e,16.0,False,0.0,0.0,0.0,0.0,0.0,True,B,P,0.0
Europa,False,PSO J318.5-22,36.0,True,2.0,6504.0,0.0,98.0,4.0,True,B,P,6608.0
Europa,False,TRAPPIST-1e,15.0,False,31.0,804.0,1.0,4732.0,2577.0,False,D,S,8145.0
Europa,True,TRAPPIST-1e,39.0,False,0.0,0.0,0.0,0.0,0.0,True,D,S,0.0
Mars,True,TRAPPIST-1e,21.0,False,0.0,0.0,0.0,0.0,0.0,True,F,S,0.0
Earth,False,PSO J318.5-22,24.0,False,0.0,0.0,604.0,0.0,91.0,True,F,P,695.0
Mars,False,TRAPPIST-1e,28.0,False,1811.0,1.0,57.0,0.0,0.0,False,F,P,1869.0
Earth,False,TRAPPIST-1e,47.0,False,0.0,14.0,0.0,2330.0,0.0,False,G,S,2344.0
Earth,False,TRAPPIST-1e,55.0,False,0.0,1620.0,159.0,485.74408365437534,0.0,False,G,P,2264.7440836543756
Earth,True,TRAPPIST-1e,27.0,False,0.0,0.0,0.0,0.0,0.0,True,G,P,0.0
Earth,False,55 Cancri e,22.0,False,10.0,0.0,624.0,0.0,85.0,True,E,P,719.0
Earth,True,TRAPPIST-1e,26.0,False,0.0,0.0,0.0,0.0,0.0,True,G,P,0.0
Mars,False,TRAPPIST-1e,62.0,False,100.0,0.0,38.0,1211.0,0.0,False,F,S,1349.0
Mars,False,TRAPPIST-1e,53.0,False,868.0,0.0,686.0,520.0,24.0,False,E,S,2098.0
Earth,False,55 Cancri e,29.0,False,30.0,0.0,0.0,0.0,780.0,False,G,S,810.0
Earth,False,TRAPPIST-1e,21.0,False,640.0,0.0,144.0,104.0,0.0,False,G,P,888.0
Earth,True,PSO J318.5-22,18.0,False,0.0,0.0,0.0,0.0,0.0,True,G,S,0.0
Mars,True,TRAPPIST-1e,34.0,False,0.0,0.0,0.0,0.0,0.0,True,E,S,0.0
Earth,False,TRAPPIST-1e,19.0,False,1.0,7.0,270.12864211105006,689.0,0.0,False,F,P,967.1286421110501
Earth,False,TRAPPIST-1e,14.0,False,0.0,360.0,0.0,25.0,1340.0,False,G,P,1725.0
Earth,False,TRAPPIST-1e,21.0,False,691.0,0.0,0.0,485.74408365437534,15.0,False,G,S,1191.7440836543753
Mars,False,TRAPPIST-1e,55.0,False,376.0,0.0,858.0,0.0,31.0,True,D,S,1265.0
Europa,False,55 Cancri e,18.0,False,0.0,3492.0,0.0,506.0,8.0,True,C,P,4006.0
Europa,True,55 Cancri e,33.0,False,0.0,0.0,0.0,0.0,0.0,True,B,P,0.0
Europa,False,TRAPPIST-1e,35.0,False,350.53903958944284,246.0,25.0,42.0,3730.0,False,B,P,4393.539039589443
Earth,True,TRAPPIST-1e,31.0,False,0.0,0.0,0.0,0.0,0.0,True,C,S,0.0
Europa,False,TRAPPIST-1e,27.0,False,0.0,2318.0,1127.0,2423.0,115.0,False,C,P,5983.0
Europa,False,TRAPPIST-1e,27.0,False,0.0,36.0,89.0,948.0,927.0,False,C,P,2000.0
Earth,True,PSO J318.5-22,13.0,False,0.0,0.0,0.0,0.0,0.0,True,G,S,0.0
Earth,False,TRAPPIST-1e,24.0,False,24.0,174.0,0.0,509.0,15.0,False,F,P,722.0
Earth,False,TRAPPIST-1e,22.0,False,31.0,0.0,1.0,25.0,757.0,False,G,P,814.0
Europa,True,TRAPPIST-1e,32.0,False,0.0,0.0,0.0,0.0,0.0,False,B,P,0.0
Europa,True,TRAPPIST-1e,18.0,False,0.0,0.0,0.0,0.0,0.0,True,B,P,0.0
Europa,True,TRAPPIST-1e,53.0,False,0.0,0.0,0.0,0.0,0.0,True,F,S,0.0
Mars,False,TRAPPIST-1e,4.0,False,0.0,0.0,0.0,0.0,0.0,True,F,P,0.0
Mars,True,TRAPPIST-1e,24.0,False,0.0,0.0,0.0,0.0,0.0,True,F,P,0.0
Mars,False,TRAPPIST-1e,23.0,False,649.0,0.0,622.0,0.0,0.0,True,F,P,1271.0
Mars,False,TRAPPIST-1e,1.0,False,0.0,0.0,0.0,0.0,0.0,True,F,P,0.0
Earth,False,TRAPPIST-1e,18.0,False,1969.0,0.0,310.0,0.0,0.0,True,F,P,2279.0
Mars,False,TRAPPIST-1e,21.0,False,838.0,45.0,455.0,0.0,0.0,False,F,P,1338.0
Mars,False,TRAPPIST-1e,40.0,False,3809.0,0.0,21.0,0.0,1.0,False,D,P,3831.0
Europa,True,TRAPPIST-1e,49.0,False,0.0,0.0,0.0,0.0,0.0,True,B,S,0.0
Earth,True,PSO J318.5-22,25.0,False,0.0,0.0,0.0,0.0,0.0,False,G,S,0.0
Earth,True,55 Cancri e,21.0,False,0.0,0.0,0.0,0.0,0.0,True,G,P,0.0
Europa,True,TRAPPIST-1e,40.0,False,0.0,0.0,0.0,0.0,0.0,True,A,S,0.0
Europa,True,55 Cancri e,47.0,True,0.0,0.0,0.0,0.0,0.0,True,A,S,0.0
Earth,False,PSO J318.5-22,25.0,False,153.0,0.0,0.0,388.0,0.0,False,G,P,541.0
Europa,True,TRAPPIST-1e,36.0,False,0.0,0.0,0.0,0.0,0.0,True,F,S,0.0
Earth,False,TRAPPIST-1e,39.0,False,17.0,334.0,708.0,17.0,366.0,False,F,P,1442.0
Europa,True,55 Cancri e,26.0,False,0.0,0.0,0.0,0.0,0.0,True,B,P,0.0
Earth,False,TRAPPIST-1e,0.0,False,0.0,0.0,270.12864211105006,0.0,0.0,True,G,S,270.12864211105006
Earth,True,TRAPPIST-1e,14.0,False,0.0,0.0,0.0,0.0,0.0,True,G,S,0.0
Mars,False,TRAPPIST-1e,7.0,False,0.0,0.0,0.0,0.0,0.0,True,F,P,0.0
Mars,True,55 Cancri e,50.0,False,0.0,0.0,0.0,0.0,0.0,True,F,S,0.0
Earth,False,55 Cancri e,22.0,False,0.0,15.0,0.0,548.0,124.0,False,F,S,687.0
Earth,True,PSO J318.5-22,17.0,False,0.0,0.0,0.0,0.0,0.0,True,G,S,0.0
Earth,False,TRAPPIST-1e,35.0,False,676.0,0.0,0.0,0.0,40.0,False,F,S,716.0
Earth,False,TRAPPIST-1e,22.0,False,0.0,1145.0,0.0,0.0,371.0,False,F,S,1516.0
Earth,False,TRAPPIST-1e,26.0,False,0.0,0.0,1.0,886.0,0.0,False,G,P,887.0
Earth,False,PSO J318.5-22,24.0,False,0.0,0.0,92.0,1492.0,0.0,True,E,P,1584.0
Europa,False,TRAPPIST-1e,59.0,False,0.0,2593.0,0.0,98.0,0.0,True,C,S,2691.0
Mars,True,TRAPPIST-1e,24.0,False,0.0,0.0,0.0,0.0,0.0,True,F,S,0.0
Mars,False,TRAPPIST-1e,17.0,False,0.0,0.0,0.0,0.0,0.0,False,E,S,0.0
Mars,True,TRAPPIST-1e,28.0,False,0.0,0.0,0.0,0.0,0.0,True,F,S,0.0
Earth,True,TRAPPIST-1e,38.0,False,0.0,0.0,0.0,0.0,0.0,True,G,S,0.0
Europa,False,TRAPPIST-1e,2.0,False,0.0,0.0,0.0,0.0,476.35311409149364,True,B,S,476.35311409149364
Europa,False,TRAPPIST-1e,36.0,False,0.0,244.0,0.0,5432.0,2302.0,False,B,S,7978.0
Europa,True,55 Cancri e,32.0,False,0.0,0.0,0.0,0.0,0.0,True,B,S,0.0
Earth,False,TRAPPIST-1e,15.0,False,0.0,10.0,0.0,595.0,381.0,False,E,S,986.0
Earth,False,TRAPPIST-1e,54.0,False,0.0,0.0,5.0,1268.0,26.0,False,F,S,1299.0
Mars,True,TRAPPIST-1e,18.0,False,0.0,0.0,0.0,0.0,0.0,True,F,P,0.0
Earth,False,TRAPPIST-1e,22.0,False,668.0,79.0,0.0,0.0,1.0,False,F,P,748.0
Earth,True,TRAPPIST-1e,23.0,False,0.0,0.0,0.0,0.0,0.0,False,G,P,0.0
Europa,False,TRAPPIST-1e,14.0,False,0.0,4545.0,271.0,199.0,1377.0,True,D,P,6392.0
Europa,True,TRAPPIST-1e,26.0,False,0.0,0.0,0.0,0.0,0.0,True,D,P,0.0
Earth,False,TRAPPIST-1e,73.0,False,16.0,0.0,722.0,2.0,89.0,False,F,S,829.0
Europa,False,TRAPPIST-1e,29.0,False,0.0,0.0,0.0,0.0,0.0,True,B,P,0.0
Mars,True,TRAPPIST-1e,29.0,False,0.0,0.0,0.0,0.0,0.0,True,F,S,0.0
Earth,False,TRAPPIST-1e,12.0,False,0.0,0.0,0.0,0.0,0.0,False,G,S,0.0
Earth,False,55 Cancri e,27.0,False,31.0,225.0,331.0,0.0,14.0,False,F,S,601.0
Earth,False,TRAPPIST-1e,31.0,False,779.0,0.0,3.0,57.0,0.0,False,G,S,839.0
Earth,True,PSO J318.5-22,26.0,False,0.0,0.0,0.0,0.0,0.0,False,G,S,0.0
Europa,True,55 Cancri e,35.0,False,0.0,0.0,0.0,0.0,0.0,True,D,P,0.0
Europa,True,TRAPPIST-1e,25.0,False,0.0,0.0,0.0,0.0,0.0,True,A,P,0.0
Europa,True,TRAPPIST-1e,40.0,False,0.0,0.0,0.0,0.0,0.0,True,A,P,0.0
Mars,True,TRAPPIST-1e,18.0,False,0.0,0.0,0.0,0.0,0.0,False,E,S,0.0
Mars,False,TRAPPIST-1e,52.0,False,1222.0,2.0,74.0,0.0,0.0,False,E,S,1298.0
Mars,True,TRAPPIST-1e,35.0,False,0.0,0.0,0.0,0.0,0.0,True,F,S,0.0
Earth,False,TRAPPIST-1e,51.0,False,172.0,350.0,0.0,16.0,1005.0,False,F,S,1543.0
Earth,False,TRAPPIST-1e,35.0,False,0.0,0.0,62.0,0.0,891.0,False,F,S,953.0
Earth,False,TRAPPIST-1e,14.0,False,0.0,476.0,249.0,177.0,0.0,False,F,S,902.0
Europa,True,55 Cancri e,27.0,False,0.0,0.0,0.0,0.0,0.0,True,C,S,0.0
Europa,True,55 Cancri e,26.0,False,0.0,0.0,0.0,0.0,0.0,True,C,S,0.0
Earth,True,55 Cancri e,21.0,False,0.0,0.0,0.0,0.0,0.0,False,G,P,0.0
Europa,False,55 Cancri e,45.0,False,5.0,17901.0,0.0,79.0,281.0,True,A,S,18266.0
Europa,False,TRAPPIST-1e,29.0,False,0.0,1408.0,0.0,408.0,1.0,True,A,S,1817.0
Europa,False,TRAPPIST-1e,39.0,True,1.0,392.0,64.0,148.0,1367.0,True,A,S,1972.0
Europa,True,55 Cancri e,37.0,False,0.0,0.0,0.0,0.0,0.0,True,A,S,0.0
Earth,True,PSO J318.5-22,22.0,False,0.0,0.0,0.0,0.0,0.0,True,G,P,0.0
Earth,False,TRAPPIST-1e,22.0,False,6.0,21.0,0.0,782.0,0.0,False,G,P,809.0
Earth,False,PSO J318.5-22,30.0,False,0.0,34.0,143.0,275.0,0.0,False,G,S,452.0
Earth,True,TRAPPIST-1e,1.0,False,0.0,0.0,0.0,0.0,0.0,True,F,S,0.0
Earth,True,PSO J318.5-22,0.0,False,0.0,0.0,0.0,0.0,0.0,True,G,S,0.0
Earth,False,TRAPPIST-1e,9.0,False,0.0,0.0,0.0,0.0,0.0,False,G,S,0.0
Earth,False,PSO J318.5-22,18.0,False,0.0,0.0,0.0,1.0,335.0,False,G,S,336.0
Mars,False,TRAPPIST-1e,29.0,False,1544.0,1.0,206.0,0.0,0.0,False,F,P,1751.0
Mars,False,55 Cancri e,52.0,False,350.53903958944284,0.0,262.0,1425.0,571.0,False,F,S,2608.539039589443
Earth,False,TRAPPIST-1e,27.0,False,0.0,0.0,846.0,59.0,0.0,False,E,S,905.0
Europa,False,TRAPPIST-1e,54.0,False,0.0,793.0,0.0,87.0,1567.0,False,C,P,2447.0
Europa,False,TRAPPIST-1e,28.0,False,40.0,9012.0,0.0,111.0,551.0,True,C,P,9714.0
Europa,True,TRAPPIST-1e,65.0,False,0.0,0.0,0.0,0.0,0.0,True,B,P,0.0
Europa,True,55 Cancri e,26.0,False,0.0,0.0,0.0,0.0,0.0,True,B,P,0.0
Earth,False,TRAPPIST-1e,29.0,False,12.0,2.0,0.0,432.0,1548.0,False,F,P,1994.0
Earth,False,TRAPPIST-1e,20.0,False,0.0,38.0,0.0,0.0,1779.0,False,G,P,1817.0
Mars,False,TRAPPIST-1e,39.0,False,1369.0,259.0,960.0,1.0,29.0,False,F,S,2618.0
Mars,True,TRAPPIST-1e,37.0,False,0.0,0.0,0.0,0.0,0.0,True,F,S,0.0
Earth,False,TRAPPIST-1e,20.0,False,350.53903958944284,25.0,0.0,11.0,0.0,False,F,S,386.53903958944284
Mars,True,TRAPPIST-1e,40.0,False,0.0,0.0,0.0,0.0,0.0,True,F,S,0.0
Mars,False,TRAPPIST-1e,0.0,False,0.0,0.0,0.0,0.0,0.0,True,E,S,0.0
Mars,True,TRAPPIST-1e,33.0,False,0.0,0.0,0.0,0.0,0.0,False,E,S,0.0
Mars,True,TRAPPIST-1e,23.0,False,0.0,0.0,0.0,0.0,0.0,True,F,S,0.0
Earth,False,55 Cancri e,32.0,False,1.0,0.0,270.12864211105006,9.0,663.0,False,F,P,943.1286421110501
Earth,False,TRAPPIST-1e,20.0,False,0.0,52.0,0.0,110.0,614.0,False,F,S,776.0
Europa,True,55 Cancri e,60.0,False,0.0,0.0,0.0,0.0,0.0,True,D,S,0.0
Earth,False,TRAPPIST-1e,53.0,False,0.0,0.0,716.0,0.0,0.0,True,F,S,716.0
Europa,True,TRAPPIST-1e,26.0,False,0.0,0.0,0.0,0.0,0.0,True,D,S,0.0
Europa,False,55 Cancri e,35.0,False,0.0,5500.0,0.0,180.0,3173.0,False,D,S,8853.0
Earth,False,55 Cancri e,19.0,False,355.0,0.0,0.0,0.0,284.0,False,F,S,639.0
Europa,False,55 Cancri e,43.0,False,1.0,2060.0,270.12864211105006,1.0,2764.0,False,C,P,5096.12864211105
Europa,False,55 Cancri e,29.0,False,2686.0,0.0,0.0,2854.0,2553.0,False,C,P,8093.0
Earth,False,TRAPPIST-1e,20.0,False,721.0,122.0,0.0,0.0,0.0,False,G,P,843.0
Earth,False,TRAPPIST-1e,19.0,False,0.0,0.0,134.0,1931.0,476.35311409149364,False,F,P,2541.353114091494
Earth,False,PSO J318.5-22,21.0,False,505.0,0.0,0.0,0.0,110.0,True,F,S,615.0
Europa,False,55 Cancri e,39.0,False,2.0,15450.0,336.0,1.0,904.0,True,D,P,16693.0
Earth,True,TRAPPIST-1e,12.0,False,0.0,0.0,0.0,0.0,0.0,False,G,P,0.0
Earth,False,55 Cancri e,20.0,False,1842.0,0.0,0.0,0.0,0.0,True,F,P,1842.0
Earth,False,TRAPPIST-1e,18.0,False,595.0,134.0,7.0,0.0,0.0,False,F,P,736.0
Europa,False,TRAPPIST-1e,31.0,False,350.53903958944284,745.0,0.0,6688.0,2161.0,False,C,P,9944.539039589443
Earth,False,PSO J318.5-22,35.0,False,635.0,3.0,0.0,485.74408365437534,25.0,False,F,S,1148.7440836543753
Earth,True,PSO J318.5-22,44.0,False,0.0,0.0,0.0,0.0,0.0,True,G,P,0.0
Europa,False,TRAPPIST-1e,62.0,False,33.0,3518.0,0.0,394.0,0.0,True,B,P,3945.0
Mars,False,TRAPPIST-1e,23.0,False,1.0,0.0,11.0,0.0,2336.0,False,E,P,2348.0
Mars,False,TRAPPIST-1e,23.0,True,3.0,0.0,0.0,1677.0,476.35311409149364,False,F,P,2156.353114091494
Earth,False,TRAPPIST-1e,19.0,False,0.0,0.0,1761.0,0.0,36.0,True,F,P,1797.0
Earth,False,TRAPPIST-1e,29.0,False,18.0,7.0,0.0,0.0,779.0,False,F,P,804.0
Europa,False,TRAPPIST-1e,31.0,False,0.0,4655.0,135.0,2075.0,402.0,True,D,S,7267.0
Europa,True,55 Cancri e,33.0,True,0.0,0.0,0.0,0.0,0.0,True,D,S,0.0
Europa,False,TRAPPIST-1e,41.0,False,0.0,3216.0,0.0,433.0,517.0,False,D,S,4166.0
Europa,False,TRAPPIST-1e,60.0,False,19.0,7316.0,0.0,0.0,1781.0,True,C,P,9116.0
Europa,True,TRAPPIST-1e,41.0,False,0.0,0.0,0.0,0.0,0.0,True,B,S,0.0
Europa,False,TRAPPIST-1e,69.0,True,0.0,269.0,0.0,190.0,9033.0,False,B,P,9492.0
Europa,False,55 Cancri e,44.0,False,9.0,2311.0,0.0,633.0,1.0,True,B,P,2954.0
Europa,True,55 Cancri e,18.0,False,0.0,0.0,0.0,0.0,0.0,True,B,P,0.0
Europa,False,55 Cancri e,26.0,False,0.0,11598.0,0.0,3.0,386.0,True,B,P,11987.0
Earth,False,TRAPPIST-1e,30.0,False,4.0,0.0,442.0,2441.0,0.0,False,F,P,2887.0
Mars,False,TRAPPIST-1e,34.0,False,81.0,0.0,492.0,122.0,0.0,False,F,P,695.0
Earth,False,PSO J318.5-22,18.0,False,0.0,0.0,15.0,570.0,84.0,False,F,P,669.0
Earth,True,55 Cancri e,49.0,False,0.0,0.0,0.0,0.0,0.0,True,G,S,0.0
Earth,False,PSO J318.5-22,71.0,False,48.0,43.0,0.0,78.0,534.0,False,F,P,703.0
Earth,False,PSO J318.5-22,19.0,False,150.0,605.0,0.0,0.0,1.0,False,F,S,756.0
Earth,False,PSO J318.5-22,23.0,False,90.0,4.0,0.0,7.0,588.0,False,F,S,689.0
Europa,True,TRAPPIST-1e,31.0,False,0.0,0.0,0.0,0.0,0.0,True,B,S,0.0
Europa,True,TRAPPIST-1e,40.0,False,0.0,0.0,0.0,0.0,0.0,True,B,S,0.0
Mars,False,55 Cancri e,28.0,False,49.0,0.0,0.0,2.0,1136.0,False,D,P,1187.0
Europa,True,TRAPPIST-1e,17.0,False,0.0,0.0,0.0,0.0,0.0,True,B,S,0.0
Europa,False,TRAPPIST-1e,24.0,False,0.0,809.0,0.0,4928.0,143.0,False,B,S,5880.0
Europa,True,55 Cancri e,54.0,False,0.0,0.0,0.0,0.0,0.0,True,B,S,0.0
Earth,True,TRAPPIST-1e,21.0,False,0.0,0.0,0.0,0.0,0.0,False,G,P,0.0
Earth,True,55 Cancri e,2.0,False,0.0,0.0,0.0,0.0,0.0,False,F,S,0.0
Earth,False,55 Cancri e,20.0,False,6.0,1119.0,0.0,24.0,13.0,True,F,S,1162.0
Earth,False,55 Cancri e,20.0,False,97.0,279.0,0.0,301.0,39.0,False,F,S,716.0
Europa,False,55 Cancri e,36.0,False,0.0,4260.0,0.0,0.0,1678.0,True,D,P,5938.0
Earth,True,TRAPPIST-1e,25.0,False,0.0,0.0,0.0,0.0,0.0,True,G,P,0.0
Europa,False,55 Cancri e,58.0,False,0.0,226.0,0.0,5481.0,476.35311409149364,False,C,S,6183.353114091494
Europa,False,TRAPPIST-1e,37.0,False,79.0,218.0,0.0,442.0,659.0,True,C,S,1398.0
Europa,False,TRAPPIST-1e,26.0,False,0.0,13.0,0.0,3803.0,3557.0,False,C,S,7373.0
Earth,True,TRAPPIST-1e,45.0,False,0.0,0.0,0.0,0.0,0.0,False,G,P,0.0
Earth,False,TRAPPIST-1e,44.0,False,0.0,903.0,0.0,0.0,0.0,False,F,P,903.0
Mars,True,TRAPPIST-1e,24.0,False,0.0,0.0,0.0,0.0,0.0,True,F,P,0.0
Earth,True,55 Cancri e,13.0,False,0.0,0.0,0.0,0.0,0.0,True,F,S,0.0
Earth,False,TRAPPIST-1e,4.0,False,0.0,0.0,0.0,0.0,0.0,True,G,P,0.0
Earth,False,TRAPPIST-1e,24.0,False,381.0,925.0,342.0,0.0,642.0,False,F,P,2290.0
Earth,False,55 Cancri e,27.0,False,3.0,13.0,0.0,0.0,788.0,False,F,P,804.0
Earth,False,TRAPPIST-1e,39.0,False,44.0,1620.0,0.0,6.0,0.0,False,E,P,1670.0
Earth,True,TRAPPIST-1e,23.0,False,0.0,0.0,0.0,0.0,0.0,False,G,S,0.0
Earth,False,55 Cancri e,4.0,False,0.0,0.0,0.0,0.0,0.0,False,G,S,0.0
Earth,True,TRAPPIST-1e,0.0,False,0.0,0.0,0.0,0.0,0.0,False,G,S,0.0
Mars,True,TRAPPIST-1e,22.0,False,0.0,0.0,0.0,0.0,0.0,True,F,S,0.0
Mars,False,TRAPPIST-1e,27.0,False,831.0,0.0,0.0,867.0,20.0,False,D,P,1718.0
Europa,True,TRAPPIST-1e,22.0,False,0.0,0.0,0.0,0.0,0.0,True,C,P,0.0
Europa,True,55 Cancri e,26.0,False,0.0,0.0,0.0,0.0,0.0,True,C,P,0.0
Europa,False,TRAPPIST-1e,60.0,False,0.0,5998.0,0.0,4794.0,8.0,False,C,P,10800.0
Earth,False,TRAPPIST-1e,18.0,False,0.0,297.0,0.0,588.0,23.0,False,G,P,908.0
Earth,True,55 Cancri e,20.0,False,0.0,0.0,0.0,0.0,0.0,False,G,P,0.0
Earth,False,TRAPPIST-1e,25.0,False,11.0,780.0,0.0,0.0,0.0,True,E,P,791.0
Earth,True,PSO J318.5-22,24.0,False,0.0,0.0,0.0,0.0,0.0,True,G,S,0.0
Earth,True,TRAPPIST-1e,38.0,False,0.0,0.0,0.0,0.0,0.0,True,G,S,0.0
Earth,False,TRAPPIST-1e,18.0,False,0.0,17.0,5.0,0.0,712.0,True,F,S,734.0
Europa,True,55 Cancri e,45.0,False,0.0,0.0,0.0,0.0,0.0,True,B,P,0.0
Europa,False,TRAPPIST-1e,13.0,False,0.0,3680.0,0.0,1529.0,3854.0,False,B,P,9063.0
Europa,False,TRAPPIST-1e,28.0,False,0.0,3317.0,77.0,0.0,130.0,True,B,P,3524.0
Europa,False,TRAPPIST-1e,5.0,False,0.0,0.0,0.0,0.0,0.0,True,B,P,0.0
Earth,False,TRAPPIST-1e,20.0,False,0.0,142.0,0.0,3528.0,92.0,False,G,P,3762.0
Earth,True,TRAPPIST-1e,2.0,False,0.0,0.0,0.0,0.0,0.0,True,F,S,0.0
Earth,False,TRAPPIST-1e,42.0,False,18.0,5.0,470.0,356.0,57.0,False,G,P,906.0
Earth,False,55 Cancri e,0.0,False,0.0,0.0,0.0,0.0,0.0,True,G,P,0.0
Earth,False,TRAPPIST-1e,18.0,False,0.0,508.0,0.0,44.0,257.0,False,G,P,809.0
Earth,True,PSO J318.5-22,26.0,False,0.0,0.0,0.0,0.0,0.0,False,G,P,0.0
Mars,True,55 Cancri e,3.0,False,0.0,0.0,0.0,0.0,0.0,True,E,S,0.0
Mars,True,PSO J318.5-22,49.0,False,0.0,0.0,0.0,0.0,0.0,True,E,S,0.0
Mars,False,TRAPPIST-1e,19.0,False,691.0,0.0,10.0,561.0,25.0,False,E,S,1287.0
Earth,True,TRAPPIST-1e,19.0,False,0.0,0.0,0.0,0.0,0.0,False,G,S,0.0
Earth,True,TRAPPIST-1e,15.0,False,0.0,0.0,0.0,0.0,0.0,False,G,P,0.0
Earth,False,PSO J318.5-22,53.0,False,90.0,29.0,102.0,244.0,56.0,False,G,P,521.0
Earth,False,TRAPPIST-1e,0.0,False,0.0,0.0,0.0,0.0,0.0,True,G,S,0.0
Earth,False,55 Cancri e,39.0,False,1663.0,0.0,262.0,229.0,0.0,False,F,S,2154.0
Earth,False,TRAPPIST-1e,45.0,False,0.0,0.0,2778.0,1910.0,0.0,False,G,S,4688.0
Earth,True,TRAPPIST-1e,10.0,False,0.0,0.0,0.0,0.0,0.0,True,G,S,0.0
Earth,False,55 Cancri e,1.0,False,0.0,0.0,0.0,0.0,0.0,True,G,S,0.0
Earth,False,TRAPPIST-1e,9.0,False,0.0,0.0,0.0,0.0,0.0,True,G,S,0.0
Mars,False,TRAPPIST-1e,40.0,False,953.0,0.0,356.0,0.0,0.0,False,F,P,1309.0
Earth,False,TRAPPIST-1e,26.0,False,0.0,0.0,0.0,622.0,8.0,False,F,P,630.0
Earth,False,TRAPPIST-1e,18.0,False,1157.0,28.0,50.0,0.0,0.0,False,F,P,1235.0
Europa,False,TRAPPIST-1e,47.0,False,0.0,314.0,0.0,889.0,1090.0,False,E,P,2293.0
Earth,False,TRAPPIST-1e,31.0,False,0.0,918.0,0.0,0.0,900.0,False,G,S,1818.0
Mars,False,TRAPPIST-1e,27.0,False,279.0,11.0,40.0,718.0,0.0,False,E,P,1048.0
Earth,True,PSO J318.5-22,23.0,False,0.0,0.0,0.0,0.0,0.0,True,G,S,0.0
Earth,False,55 Cancri e,32.0,False,7.0,723.0,270.12864211105006,6.0,13.0,False,F,S,1019.1286421110501
Earth,False,TRAPPIST-1e,32.0,False,293.0,889.0,1.0,1.0,200.0,False,F,S,1384.0
Earth,False,TRAPPIST-1e,21.0,False,644.0,0.0,0.0,0.0,2.0,False,F,S,646.0
Earth,False,TRAPPIST-1e,27.0,False,4.0,0.0,9.0,20.0,831.0,False,F,S,864.0
Earth,False,TRAPPIST-1e,22.0,False,753.0,0.0,0.0,0.0,0.0,False,G,S,753.0
Earth,False,TRAPPIST-1e,18.0,False,0.0,858.0,2.0,485.74408365437534,0.0,True,G,S,1345.7440836543753
Earth,True,PSO J318.5-22,28.0,False,0.0,0.0,0.0,0.0,0.0,True,G,S,0.0
Earth,True,TRAPPIST-1e,38.0,False,0.0,0.0,0.0,0.0,0.0,True,G,S,0.0
Earth,False,TRAPPIST-1e,46.0,False,0.0,0.0,594.0,154.0,0.0,False,F,P,748.0
Europa,False,TRAPPIST-1e,44.0,False,0.0,3771.0,0.0,521.0,4.0,True,C,S,4296.0
Europa,True,TRAPPIST-1e,38.0,False,0.0,0.0,0.0,0.0,0.0,True,C,S,0.0
Europa,False,55 Cancri e,28.0,False,5.0,8252.0,0.0,181.0,3027.0,False,A,S,11465.0
Earth,False,TRAPPIST-1e,31.0,False,116.0,714.4862536656891,298.0,2.0,227.0,False,G,S,1357.4862536656892
Earth,True,TRAPPIST-1e,18.0,False,0.0,0.0,0.0,0.0,0.0,True,G,S,0.0
Earth,False,PSO J318.5-22,18.0,False,0.0,220.0,4.0,0.0,532.0,False,F,S,756.0
Earth,False,55 Cancri e,4.0,False,0.0,0.0,0.0,0.0,0.0,True,G,S,0.0
Earth,True,PSO J318.5-22,0.0,False,0.0,0.0,0.0,0.0,0.0,True,G,S,0.0
Earth,False,TRAPPIST-1e,0.0,False,0.0,0.0,0.0,0.0,476.35311409149364,False,G,S,476.35311409149364
Earth,True,PSO J318.5-22,23.0,False,0.0,0.0,0.0,0.0,0.0,False,G,S,0.0
Europa,False,TRAPPIST-1e,35.0,False,0.0,747.0,0.0,0.0,2478.0,False,C,P,3225.0
Europa,True,55 Cancri e,43.0,False,0.0,0.0,0.0,0.0,0.0,True,B,S,0.0
Earth,False,PSO J318.5-22,18.0,False,0.0,0.0,19.0,751.0,4.0,False,G,S,774.0
Earth,False,TRAPPIST-1e,18.0,False,539.0,2.0,3.0,900.0,0.0,False,F,S,1444.0
Earth,False,TRAPPIST-1e,18.0,False,0.0,0.0,662.0,30.0,0.0,True,F,S,692.0
Earth,False,55 Cancri e,49.0,False,598.0,0.0,0.0,118.0,0.0,False,F,P,716.0
Earth,False,TRAPPIST-1e,19.0,False,0.0,0.0,0.0,0.0,0.0,False,G,P,0.0
Earth,True,PSO J318.5-22,22.0,False,0.0,0.0,0.0,0.0,0.0,True,G,P,0.0
Europa,False,TRAPPIST-1e,4.0,False,0.0,714.4862536656891,0.0,485.74408365437534,0.0,True,C,S,1200.2303373200643
Europa,False,TRAPPIST-1e,0.0,False,0.0,0.0,0.0,0.0,0.0,True,C,S,0.0
Earth,True,TRAPPIST-1e,27.0,False,0.0,0.0,0.0,0.0,0.0,True,C,S,0.0
Europa,False,TRAPPIST-1e,39.0,False,19.0,3603.0,0.0,421.0,517.0,True,C,S,4560.0
Europa,False,55 Cancri e,36.0,False,0.0,8151.0,5.0,0.0,8182.0,False,C,S,16338.0
Europa,True,TRAPPIST-1e,53.0,False,0.0,0.0,0.0,0.0,0.0,True,C,S,0.0
Europa,False,55 Cancri e,23.0,False,0.0,395.0,0.0,6.0,476.35311409149364,False,C,S,877.3531140914936
Europa,True,TRAPPIST-1e,24.0,False,0.0,0.0,0.0,0.0,0.0,True,C,S,0.0
Europa,False,TRAPPIST-1e,25.0,False,0.0,1003.0,1629.0,73.0,748.0,False,E,S,3453.0
Europa,False,TRAPPIST-1e,30.0,False,209.0,157.0,2566.0,171.0,472.0,False,E,S,3575.0
Earth,False,TRAPPIST-1e,20.0,False,625.0,0.0,2.0,0.0,0.0,False,G,P,627.0
Mars,True,TRAPPIST-1e,40.0,False,0.0,0.0,0.0,0.0,0.0,True,F,P,0.0
Earth,True,PSO J318.5-22,18.0,False,0.0,0.0,0.0,0.0,0.0,True,G,S,0.0
Earth,False,TRAPPIST-1e,57.0,False,6.0,510.0,372.0,0.0,0.0,True,G,P,888.0
Mars,False,TRAPPIST-1e,47.0,False,1282.0,0.0,5.0,495.0,0.0,False,D,S,1782.0
Earth,True,55 Cancri e,26.0,False,0.0,0.0,0.0,0.0,0.0,True,G,S,0.0
Earth,False,PSO J318.5-22,29.0,False,487.0,0.0,60.0,12.0,0.0,False,F,S,559.0
Earth,False,TRAPPIST-1e,32.0,False,0.0,2.0,1.0,0.0,881.0,False,G,P,884.0
Europa,True,TRAPPIST-1e,30.0,False,0.0,0.0,0.0,0.0,0.0,True,D,S,0.0
Earth,False,TRAPPIST-1e,18.0,False,22.0,0.0,681.0,0.0,1.0,True,G,P,704.0
Earth,False,TRAPPIST-1e,49.0,False,0.0,4.0,50.0,0.0,746.0,False,F,S,800.0
Europa,True,TRAPPIST-1e,33.0,False,0.0,0.0,0.0,0.0,0.0,True,B,P,0.0
Earth,False,TRAPPIST-1e,18.0,False,3.0,0.0,3.0,1773.0,0.0,False,G,P,1779.0
Europa,False,TRAPPIST-1e,29.0,False,0.0,5157.0,1.0,136.0,32.0,True,A,S,5326.0
Mars,True,TRAPPIST-1e,34.0,False,0.0,0.0,0.0,0.0,0.0,True,F,P,0.0
Mars,False,TRAPPIST-1e,43.0,False,1054.0,109.0,576.0,645.0,0.0,False,D,P,2384.0
Mars,False,TRAPPIST-1e,18.0,False,32.0,1255.0,1.0,0.0,0.0,True,F,P,1288.0
Earth,True,TRAPPIST-1e,31.0,False,0.0,0.0,0.0,0.0,0.0,False,G,S,0.0
Mars,False,TRAPPIST-1e,15.0,False,85.0,0.0,1130.0,0.0,248.0,False,F,S,1463.0
Mars,True,TRAPPIST-1e,3.0,False,0.0,0.0,0.0,0.0,0.0,True,F,S,0.0
Mars,True,TRAPPIST-1e,37.0,False,0.0,0.0,0.0,0.0,0.0,True,F,S,0.0
Mars,True,TRAPPIST-1e,1.0,False,0.0,0.0,0.0,0.0,0.0,True,F,S,0.0
Earth,False,TRAPPIST-1e,27.0,False,14.0,1186.0,460.0,12.0,9.0,True,E,P,1681.0
Earth,True,TRAPPIST-1e,15.0,False,0.0,0.0,0.0,0.0,0.0,True,G,P,0.0
Earth,False,TRAPPIST-1e,33.0,False,201.0,819.0,0.0,0.0,0.0,True,G,S,1020.0
Earth,False,TRAPPIST-1e,65.0,False,0.0,0.0,113.0,208.0,587.0,False,G,S,908.0
Earth,False,TRAPPIST-1e,19.0,False,5.0,666.0,0.0,123.0,440.0,False,F,S,1234.0
Earth,False,TRAPPIST-1e,30.0,False,0.0,0.0,779.0,0.0,18.0,False,F,S,797.0
Earth,False,TRAPPIST-1e,37.0,False,72.0,0.0,18.0,0.0,809.0,False,F,S,899.0
Earth,False,TRAPPIST-1e,15.0,False,0.0,21.0,22.0,1149.0,249.0,False,F,S,1441.0
Earth,False,TRAPPIST-1e,19.0,False,511.0,0.0,0.0,267.0,0.0,False,F,S,778.0
Earth,False,TRAPPIST-1e,20.0,False,749.0,16.0,0.0,0.0,29.0,False,F,S,794.0
Earth,True,55 Cancri e,19.0,False,0.0,0.0,0.0,0.0,0.0,False,G,S,0.0
Earth,False,55 Cancri e,21.0,False,499.0,0.0,193.0,1.0,1.0,False,F,S,694.0
Earth,False,TRAPPIST-1e,20.0,False,2.0,2.0,876.0,8.0,0.0,True,G,S,888.0
Earth,False,TRAPPIST-1e,18.0,False,0.0,44.0,0.0,795.0,69.0,False,G,S,908.0
Earth,False,TRAPPIST-1e,27.0,False,1007.0,0.0,0.0,9.0,0.0,False,G,P,1016.0
Europa,False,TRAPPIST-1e,23.0,False,0.0,2984.0,23.0,686.0,173.0,True,D,P,3866.0
Earth,True,TRAPPIST-1e,25.0,False,0.0,0.0,0.0,0.0,0.0,False,G,P,0.0
Earth,False,PSO J318.5-22,72.0,False,309.0,0.0,0.0,0.0,463.0,False,G,P,772.0
Earth,True,TRAPPIST-1e,35.0,False,0.0,0.0,0.0,0.0,0.0,True,G,S,0.0
Earth,False,55 Cancri e,29.0,False,52.0,714.4862536656891,612.0,465.0,79.0,False,F,P,1922.4862536656892
Earth,True,TRAPPIST-1e,11.0,False,0.0,0.0,0.0,0.0,0.0,False,G,P,0.0
Earth,True,TRAPPIST-1e,7.0,False,0.0,0.0,0.0,0.0,0.0,False,G,P,0.0
Mars,True,TRAPPIST-1e,27.0,False,0.0,0.0,0.0,0.0,0.0,True,F,P,0.0
Earth,False,TRAPPIST-1e,28.0,False,0.0,1.0,12.0,875.0,0.0,False,G,S,888.0
Mars,False,TRAPPIST-1e,41.0,False,396.0,0.0,653.0,0.0,0.0,False,E,P,1049.0
Earth,False,TRAPPIST-1e,27.0,False,0.0,0.0,486.0,324.0,0.0,False,G,P,810.0
Earth,False,55 Cancri e,19.0,False,84.0,4.0,4.0,629.0,0.0,False,F,S,721.0
Earth,False,55 Cancri e,8.0,False,0.0,0.0,0.0,0.0,0.0,True,G,S,0.0
Earth,True,55 Cancri e,4.0,False,0.0,0.0,0.0,0.0,0.0,True,G,S,0.0
Earth,True,PSO J318.5-22,38.0,False,0.0,0.0,0.0,0.0,0.0,False,G,P,0.0
Mars,False,TRAPPIST-1e,21.0,False,32.0,0.0,1008.0,0.0,0.0,True,F,S,1040.0
Earth,True,TRAPPIST-1e,18.0,False,0.0,0.0,0.0,0.0,0.0,False,G,P,0.0
Earth,True,TRAPPIST-1e,10.0,False,0.0,0.0,0.0,0.0,0.0,True,G,P,0.0
Mars,False,TRAPPIST-1e,29.0,False,304.0,0.0,48.0,946.0,0.0,False,E,P,1298.0
Mars,True,TRAPPIST-1e,25.0,False,0.0,0.0,0.0,0.0,0.0,True,F,P,0.0
Europa,True,TRAPPIST-1e,40.0,False,0.0,0.0,0.0,0.0,0.0,True,B,S,0.0
Europa,False,TRAPPIST-1e,19.0,False,0.0,3.0,0.0,918.0,2346.0,False,B,S,3267.0
Mars,False,TRAPPIST-1e,38.0,False,86.0,1144.0,783.0,0.0,0.0,True,F,P,2013.0
Earth,False,TRAPPIST-1e,19.0,False,29.0,2633.0,0.0,0.0,124.0,True,F,S,2786.0
Mars,False,TRAPPIST-1e,0.0,False,0.0,0.0,0.0,0.0,0.0,True,F,S,0.0
Mars,True,TRAPPIST-1e,4.0,False,0.0,0.0,0.0,0.0,0.0,True,F,S,0.0
Mars,True,TRAPPIST-1e,29.0,False,0.0,0.0,0.0,0.0,0.0,True,F,S,0.0
Earth,False,TRAPPIST-1e,46.0,False,0.0,0.0,0.0,369.0,515.0,False,G,P,884.0
Mars,True,TRAPPIST-1e,32.0,False,0.0,0.0,0.0,0.0,0.0,True,F,S,0.0
Europa,True,TRAPPIST-1e,26.0,False,0.0,0.0,0.0,0.0,0.0,True,C,P,0.0
Europa,True,TRAPPIST-1e,23.0,False,0.0,0.0,0.0,0.0,0.0,True,C,P,0.0
Earth,True,55 Cancri e,32.0,False,0.0,0.0,0.0,0.0,0.0,True,G,P,0.0
Earth,False,TRAPPIST-1e,31.0,False,0.0,4334.0,55.0,56.0,476.35311409149364,True,G,P,4921.353114091494
Earth,False,TRAPPIST-1e,34.0,False,0.0,0.0,880.0,22.0,0.0,True,F,P,902.0
Earth,False,TRAPPIST-1e,45.0,False,0.0,1.0,233.0,453.0,17.0,False,F,P,704.0
Earth,False,TRAPPIST-1e,61.0,False,67.0,0.0,654.0,0.0,86.0,False,G,S,807.0
Mars,False,TRAPPIST-1e,21.0,False,1242.0,0.0,654.0,0.0,0.0,False,E,S,1896.0
Mars,False,TRAPPIST-1e,27.0,False,1852.0,0.0,870.0,0.0,7.0,False,D,P,2729.0
Mars,False,TRAPPIST-1e,15.0,False,1150.0,0.0,175.0,1.0,11.0,False,F,P,1337.0
Earth,True,TRAPPIST-1e,14.0,False,0.0,0.0,0.0,0.0,0.0,False,G,P,0.0
Earth,True,TRAPPIST-1e,18.0,False,0.0,0.0,0.0,0.0,0.0,True,G,S,0.0
Europa,True,TRAPPIST-1e,39.0,False,0.0,0.0,0.0,0.0,0.0,True,C,S,0.0
Mars,True,TRAPPIST-1e,62.0,False,0.0,0.0,0.0,0.0,0.0,True,E,S,0.0
Mars,False,TRAPPIST-1e,40.0,False,1309.0,0.0,0.0,0.0,0.0,False,F,S,1309.0
Earth,False,TRAPPIST-1e,21.0,False,5.0,0.0,0.0,22.0,639.0,False,F,S,666.0
Mars,True,TRAPPIST-1e,12.0,False,0.0,0.0,0.0,0.0,0.0,True,F,S,0.0
Europa,False,TRAPPIST-1e,27.0,False,0.0,714.4862536656891,0.0,1866.0,676.0,True,C,P,3256.486253665689
Europa,False,TRAPPIST-1e,28.0,False,1722.0,5063.0,0.0,87.0,920.0,False,C,P,7792.0
Earth,False,TRAPPIST-1e,0.0,False,0.0,0.0,0.0,0.0,0.0,True,G,S,0.0
Earth,False,TRAPPIST-1e,17.0,False,4.0,0.0,867.0,0.0,0.0,False,F,S,871.0
Mars,False,55 Cancri e,23.0,False,218.0,0.0,2267.0,497.0,0.0,False,F,S,2982.0
Earth,False,TRAPPIST-1e,6.0,False,0.0,0.0,0.0,0.0,0.0,True,G,P,0.0
Earth,True,PSO J318.5-22,29.0,False,0.0,0.0,0.0,0.0,0.0,True,G,P,0.0
Earth,False,TRAPPIST-1e,41.0,False,836.0,0.0,0.0,485.74408365437534,49.0,False,G,P,1370.7440836543753
Europa,False,55 Cancri e,27.0,True,0.0,1337.0,1929.0,0.0,0.0,True,A,S,3266.0
Europa,True,TRAPPIST-1e,34.0,False,0.0,0.0,0.0,0.0,0.0,True,A,S,0.0
Europa,True,55 Cancri e,36.0,False,0.0,0.0,0.0,0.0,0.0,True,E,S,0.0
Earth,False,TRAPPIST-1e,30.0,False,467.0,0.0,0.0,0.0,287.0,False,G,S,754.0
Europa,False,TRAPPIST-1e,30.0,False,0.0,640.0,0.0,31.0,6201.0,False,D,S,6872.0
Earth,False,55 Cancri e,29.0,True,0.0,2949.0,0.0,2.0,654.0,True,D,S,3605.0
Earth,False,TRAPPIST-1e,21.0,False,380.0,177.0,161.0,0.0,85.0,False,F,S,803.0
Earth,False,55 Cancri e,21.0,False,532.0,4.0,37.0,1.0,0.0,False,F,P,574.0
Earth,False,55 Cancri e,18.0,False,2.0,83.0,576.0,37.0,0.0,False,F,P,698.0
Mars,True,TRAPPIST-1e,11.0,False,0.0,0.0,0.0,0.0,0.0,True,F,P,0.0
Mars,False,TRAPPIST-1e,65.0,False,1399.0,0.0,0.0,0.0,0.0,False,F,P,1399.0
Mars,False,55 Cancri e,25.0,False,149.0,0.0,194.0,731.0,0.0,False,F,P,1074.0
Mars,True,55 Cancri e,0.0,False,0.0,0.0,0.0,0.0,0.0,True,F,P,0.0
Earth,False,TRAPPIST-1e,24.0,False,0.0,0.0,729.0,485.74408365437534,75.0,False,F,P,1289.7440836543753
Earth,True,PSO J318.5-22,19.0,False,0.0,0.0,0.0,0.0,0.0,True,G,P,0.0
Earth,False,TRAPPIST-1e,23.0,False,0.0,0.0,0.0,0.0,693.0,False,F,P,693.0
Europa,False,PSO J318.5-22,45.0,True,350.53903958944284,49.0,0.0,4864.0,3902.0,False,F,S,9165.539039589443
Earth,True,55 Cancri e,52.0,False,0.0,0.0,0.0,0.0,0.0,True,C,S,0.0
Earth,False,PSO J318.5-22,55.0,False,0.0,465.0,277.0,48.0,0.0,True,E,S,790.0
Earth,True,PSO J318.5-22,24.0,False,0.0,0.0,0.0,0.0,0.0,False,G,P,0.0
Earth,False,TRAPPIST-1e,31.0,False,773.0,0.0,0.0,485.74408365437534,1.0,False,G,P,1259.7440836543753
Earth,True,TRAPPIST-1e,18.0,False,0.0,0.0,0.0,0.0,0.0,False,G,P,0.0
Earth,True,TRAPPIST-1e,22.0,False,0.0,0.0,0.0,0.0,0.0,False,G,P,0.0
Earth,False,TRAPPIST-1e,39.0,False,799.0,0.0,0.0,4.0,0.0,False,F,S,803.0
Earth,True,PSO J318.5-22,19.0,False,0.0,0.0,0.0,0.0,0.0,True,G,P,0.0
Europa,False,55 Cancri e,33.0,False,988.0,0.0,0.0,2274.0,3098.0,False,C,S,6360.0
Earth,True,PSO J318.5-22,14.0,False,0.0,0.0,0.0,0.0,0.0,True,G,P,0.0
Mars,False,TRAPPIST-1e,30.0,False,697.0,0.0,602.0,0.0,0.0,False,E,P,1299.0
Mars,True,TRAPPIST-1e,30.0,False,0.0,0.0,0.0,0.0,0.0,True,E,S,0.0
Mars,True,TRAPPIST-1e,21.0,False,0.0,0.0,0.0,0.0,0.0,True,F,P,0.0
Mars,False,TRAPPIST-1e,45.0,False,506.0,0.0,2.0,829.0,0.0,False,F,P,1337.0
Mars,True,TRAPPIST-1e,17.0,False,0.0,0.0,0.0,0.0,0.0,True,F,P,0.0
Europa,False,TRAPPIST-1e,39.0,False,0.0,261.0,270.12864211105006,1831.0,1797.0,False,D,S,4159.12864211105
Europa,False,TRAPPIST-1e,22.0,False,0.0,3716.0,0.0,1098.0,2065.0,False,D,S,6879.0
Earth,False,TRAPPIST-1e,37.0,False,477.0,0.0,167.0,0.0,46.0,False,F,S,690.0
Europa,False,TRAPPIST-1e,48.0,False,0.0,714.4862536656891,0.0,408.0,293.0,True,E,S,1415.4862536656892
Europa,True,TRAPPIST-1e,33.0,False,0.0,0.0,0.0,0.0,0.0,True,E,S,0.0
Europa,False,55 Cancri e,37.0,False,0.0,2215.0,2.0,1294.0,274.0,False,E,S,3785.0
Earth,False,TRAPPIST-1e,27.0,False,1403.0,169.0,1081.0,0.0,0.0,False,F,P,2653.0
Mars,True,TRAPPIST-1e,29.0,False,0.0,0.0,0.0,0.0,0.0,True,D,S,0.0
Mars,False,TRAPPIST-1e,38.0,False,30.0,434.0,117.0,372.0,0.0,True,D,S,953.0
Mars,True,TRAPPIST-1e,16.0,False,0.0,0.0,0.0,0.0,0.0,True,D,S,0.0
Earth,False,PSO J318.5-22,18.0,False,0.0,0.0,1792.0,16.0,248.0,False,F,S,2056.0
Earth,False,TRAPPIST-1e,27.0,False,41.0,23.0,63.0,0.0,647.0,False,F,P,774.0
Mars,True,TRAPPIST-1e,47.0,False,0.0,0.0,0.0,0.0,0.0,True,E,P,0.0
Europa,True,TRAPPIST-1e,15.0,False,0.0,0.0,0.0,0.0,0.0,True,B,S,0.0
Europa,True,TRAPPIST-1e,13.0,False,0.0,0.0,0.0,0.0,0.0,True,B,S,0.0
Earth,True,PSO J318.5-22,19.0,False,0.0,0.0,0.0,0.0,0.0,False,G,P,0.0
Europa,True,TRAPPIST-1e,17.0,False,0.0,0.0,0.0,0.0,0.0,True,B,S,0.0
Europa,True,TRAPPIST-1e,31.0,False,0.0,0.0,0.0,0.0,0.0,True,B,S,0.0
Earth,False,TRAPPIST-1e,19.0,False,49.0,680.0,0.0,0.0,46.0,True,F,P,775.0
Europa,False,55 Cancri e,25.0,False,0.0,1673.0,0.0,642.0,612.0,False,A,S,2927.0
Europa,False,TRAPPIST-1e,26.0,False,0.0,690.0,1.0,1030.0,2273.0,False,A,S,3994.0
Earth,True,55 Cancri e,25.0,False,0.0,0.0,0.0,0.0,0.0,True,G,P,0.0
Earth,False,TRAPPIST-1e,2.0,False,0.0,0.0,0.0,0.0,0.0,False,G,P,0.0
Earth,False,TRAPPIST-1e,7.0,False,0.0,0.0,0.0,0.0,0.0,False,F,S,0.0
Earth,True,TRAPPIST-1e,2.0,False,0.0,0.0,0.0,0.0,0.0,True,G,P,0.0
Earth,False,TRAPPIST-1e,19.0,False,0.0,0.0,0.0,485.74408365437534,616.0,False,G,P,1101.7440836543753
Earth,True,TRAPPIST-1e,1.0,False,0.0,0.0,0.0,0.0,0.0,False,G,P,0.0
Earth,True,TRAPPIST-1e,4.0,False,0.0,0.0,0.0,0.0,0.0,True,G,P,0.0
Earth,False,55 Cancri e,49.0,False,336.0,64.0,377.0,0.0,0.0,True,F,P,777.0
Mars,True,TRAPPIST-1e,61.0,False,0.0,0.0,0.0,0.0,0.0,True,F,S,0.0
Mars,False,TRAPPIST-1e,57.0,True,435.0,22.0,1435.0,4.0,0.0,True,E,S,1896.0
Earth,False,55 Cancri e,52.0,False,0.0,0.0,638.0,115.0,0.0,True,F,S,753.0
Earth,False,TRAPPIST-1e,22.0,False,1.0,2.0,243.0,0.0,484.0,False,F,S,730.0
Europa,True,55 Cancri e,37.0,False,0.0,0.0,0.0,0.0,0.0,True,F,S,0.0
Earth,False,PSO J318.5-22,15.0,False,64.0,0.0,0.0,0.0,640.0,True,F,S,704.0
Mars,True,TRAPPIST-1e,28.0,False,0.0,0.0,0.0,0.0,0.0,True,F,S,0.0
Mars,False,TRAPPIST-1e,40.0,False,963.0,14.0,320.0,1.0,0.0,False,E,P,1298.0
Earth,False,TRAPPIST-1e,13.0,False,0.0,0.0,505.0,2810.0,9.0,False,F,S,3324.0
Earth,False,TRAPPIST-1e,24.0,False,462.0,0.0,0.0,0.0,240.0,False,F,S,702.0
Earth,True,PSO J318.5-22,25.0,False,0.0,0.0,0.0,0.0,0.0,True,G,P,0.0
Earth,False,TRAPPIST-1e,25.0,False,0.0,0.0,0.0,788.0,3.0,False,E,S,791.0
Europa,False,TRAPPIST-1e,43.0,False,0.0,7269.0,0.0,2750.0,2367.0,False,C,P,12386.0
Earth,True,TRAPPIST-1e,46.0,False,0.0,0.0,0.0,0.0,0.0,False,G,P,0.0
Earth,True,TRAPPIST-1e,3.0,False,0.0,0.0,0.0,0.0,0.0,False,G,P,0.0
Earth,False,TRAPPIST-1e,3.0,False,0.0,0.0,0.0,0.0,0.0,True,G,P,0.0
Earth,True,TRAPPIST-1e,3.0,False,0.0,0.0,0.0,0.0,0.0,True,G,P,0.0
Earth,False,TRAPPIST-1e,8.0,False,0.0,0.0,0.0,0.0,0.0,False,G,P,0.0
Earth,False,TRAPPIST-1e,57.0,False,0.0,839.0,1.0,0.0,2.0,True,G,P,842.0
Earth,False,TRAPPIST-1e,11.0,False,0.0,0.0,0.0,0.0,0.0,False,G,P,0.0
Earth,False,TRAPPIST-1e,20.0,False,0.0,0.0,0.0,1535.0,0.0,False,F,P,1535.0
Earth,False,55 Cancri e,27.0,False,0.0,1283.0,0.0,2256.0,0.0,False,G,P,3539.0
Earth,False,TRAPPIST-1e,20.0,False,781.0,0.0,33.0,485.74408365437534,0.0,True,F,P,1299.7440836543753
Earth,True,PSO J318.5-22,14.0,False,0.0,0.0,0.0,0.0,0.0,True,G,P,0.0
Earth,False,PSO J318.5-22,24.0,False,86.0,669.0,1.0,0.0,0.0,False,F,S,756.0
Earth,False,TRAPPIST-1e,21.0,False,163.0,146.0,54.0,245.0,95.0,False,F,P,703.0
Europa,False,55 Cancri e,33.0,True,9.0,1365.0,0.0,5577.0,1483.0,False,B,P,8434.0
Europa,False,TRAPPIST-1e,32.0,False,0.0,13.0,0.0,2148.0,319.0,False,D,P,2480.0
Earth,False,PSO J318.5-22,22.0,False,2.0,104.0,404.0,0.0,0.0,True,G,P,510.0
Europa,True,TRAPPIST-1e,15.0,False,0.0,0.0,0.0,0.0,0.0,True,B,S,0.0
Europa,True,TRAPPIST-1e,41.0,False,0.0,0.0,0.0,0.0,0.0,True,B,S,0.0
Europa,True,55 Cancri e,31.0,False,0.0,0.0,0.0,0.0,0.0,True,C,S,0.0
Europa,True,55 Cancri e,35.0,False,0.0,0.0,0.0,0.0,0.0,True,C,S,0.0
Earth,True,TRAPPIST-1e,48.0,False,0.0,0.0,0.0,0.0,0.0,True,G,S,0.0
Earth,True,TRAPPIST-1e,15.0,False,0.0,0.0,0.0,0.0,0.0,True,G,S,0.0
Earth,False,TRAPPIST-1e,37.0,False,0.0,0.0,1025.0,0.0,0.0,True,G,P,1025.0
Mars,False,TRAPPIST-1e,21.0,False,1214.0,179.0,566.0,485.74408365437534,619.0,False,D,S,3063.7440836543756
Earth,False,TRAPPIST-1e,34.0,False,44.0,1290.0,51.0,0.0,9.0,False,F,S,1394.0
Earth,True,TRAPPIST-1e,19.0,False,0.0,0.0,0.0,0.0,0.0,False,G,P,0.0
Earth,False,TRAPPIST-1e,52.0,False,289.0,302.0,0.0,112.0,0.0,False,F,S,703.0
Earth,False,TRAPPIST-1e,15.0,False,0.0,3137.0,0.0,0.0,0.0,True,F,P,3137.0
Earth,False,TRAPPIST-1e,24.0,False,0.0,171.0,591.0,22.0,0.0,False,G,P,784.0
Earth,False,TRAPPIST-1e,45.0,False,0.0,0.0,635.0,2.0,0.0,True,E,S,637.0
Europa,True,55 Cancri e,13.0,False,0.0,0.0,0.0,0.0,0.0,True,B,S,0.0
Europa,False,TRAPPIST-1e,18.0,False,0.0,0.0,0.0,206.0,2684.0,False,B,S,2890.0
Earth,False,TRAPPIST-1e,19.0,False,0.0,168.0,481.0,0.0,0.0,True,F,S,649.0
Earth,True,TRAPPIST-1e,20.0,False,0.0,0.0,0.0,0.0,0.0,True,G,S,0.0
Earth,False,TRAPPIST-1e,20.0,False,4210.0,4.0,0.0,58.0,0.0,False,E,S,4272.0
Earth,False,TRAPPIST-1e,27.0,False,1.0,30.0,739.0,0.0,33.0,True,F,S,803.0
Earth,False,TRAPPIST-1e,22.0,False,0.0,0.0,6.0,0.0,733.0,False,F,S,739.0
Earth,True,PSO J318.5-22,17.0,False,0.0,0.0,0.0,0.0,0.0,False,G,P,0.0
Earth,True,55 Cancri e,23.0,False,0.0,0.0,0.0,0.0,0.0,True,G,S,0.0
Earth,False,TRAPPIST-1e,29.0,False,324.0,0.0,546.0,0.0,0.0,False,F,S,870.0
Europa,True,55 Cancri e,24.0,False,0.0,0.0,0.0,0.0,0.0,True,B,P,0.0
Europa,False,55 Cancri e,26.0,False,1.0,4680.0,25.0,564.0,13.0,False,B,P,5283.0
Earth,True,TRAPPIST-1e,36.0,False,0.0,0.0,0.0,0.0,0.0,False,G,P,0.0
Earth,False,TRAPPIST-1e,25.0,False,341.0,608.0,2.0,2.0,16.0,True,F,P,969.0
Earth,False,PSO J318.5-22,36.0,False,52.0,0.0,132.0,334.0,176.0,False,F,S,694.0
Mars,False,TRAPPIST-1e,32.0,False,725.0,0.0,1641.0,0.0,0.0,False,F,S,2366.0
Earth,True,55 Cancri e,16.0,False,0.0,0.0,0.0,0.0,0.0,True,G,S,0.0
Mars,False,TRAPPIST-1e,32.0,False,857.0,158.0,0.0,33.0,0.0,False,E,P,1048.0
Earth,False,TRAPPIST-1e,48.0,False,0.0,1570.0,1.0,0.0,2.0,False,F,P,1573.0
Earth,False,TRAPPIST-1e,25.0,False,1.0,0.0,1.0,14.0,1491.0,False,F,P,1507.0
Europa,True,55 Cancri e,46.0,False,0.0,0.0,0.0,0.0,0.0,True,B,P,0.0
Europa,False,55 Cancri e,32.0,False,0.0,2154.0,0.0,9655.0,859.0,False,C,S,12668.0
Europa,False,TRAPPIST-1e,50.0,False,0.0,3070.0,0.0,44.0,562.0,True,C,S,3676.0
Mars,False,55 Cancri e,31.0,False,1997.0,0.0,0.0,0.0,0.0,False,F,S,1997.0
Mars,True,TRAPPIST-1e,27.0,False,0.0,0.0,0.0,0.0,0.0,True,F,S,0.0
Europa,False,55 Cancri e,52.0,True,0.0,831.0,1536.0,0.0,7953.0,False,C,P,10320.0
Europa,True,TRAPPIST-1e,34.0,False,0.0,0.0,0.0,0.0,0.0,True,C,P,0.0
Europa,True,55 Cancri e,40.0,False,0.0,0.0,0.0,0.0,0.0,True,C,P,0.0
Europa,False,TRAPPIST-1e,36.0,False,0.0,1055.0,18.0,1669.0,49.0,True,C,P,2791.0
Earth,False,TRAPPIST-1e,19.0,False,112.0,0.0,265.0,396.0,0.0,False,G,S,773.0
Europa,True,55 Cancri e,33.0,False,0.0,0.0,0.0,0.0,0.0,True,C,P,0.0
Earth,False,TRAPPIST-1e,23.0,False,29.0,0.0,270.12864211105006,332.0,270.0,False,F,S,901.1286421110501
Europa,False,55 Cancri e,57.0,False,0.0,4301.0,31.0,665.0,6329.0,False,C,S,11326.0
Europa,True,55 Cancri e,24.0,False,0.0,0.0,0.0,0.0,0.0,True,C,S,0.0
Europa,True,55 Cancri e,19.0,False,0.0,0.0,0.0,0.0,0.0,True,C,S,0.0
Europa,True,TRAPPIST-1e,54.0,False,0.0,0.0,0.0,0.0,0.0,True,C,S,0.0
Europa,False,TRAPPIST-1e,28.0,False,1004.0,2423.0,0.0,0.0,17.0,True,C,S,3444.0
Europa,False,TRAPPIST-1e,26.0,True,1.0,5610.0,0.0,5.0,119.0,True,C,S,5735.0
Earth,True,PSO J318.5-22,43.0,False,0.0,0.0,0.0,0.0,0.0,False,G,S,0.0
Earth,False,TRAPPIST-1e,39.0,False,0.0,21.0,63.0,677.0,0.0,False,F,S,761.0
Earth,False,TRAPPIST-1e,21.0,False,32.0,640.0,0.0,0.0,0.0,True,F,S,672.0
Earth,False,55 Cancri e,24.0,False,0.0,0.0,608.0,37.0,0.0,False,F,S,645.0
Mars,False,TRAPPIST-1e,35.0,False,0.0,0.0,0.0,0.0,0.0,False,E,P,0.0
Mars,True,TRAPPIST-1e,61.0,False,0.0,0.0,0.0,0.0,0.0,True,F,P,0.0
Earth,False,TRAPPIST-1e,21.0,False,0.0,5.0,0.0,687.0,10.0,False,F,P,702.0
Earth,True,55 Cancri e,14.0,False,0.0,0.0,0.0,0.0,0.0,True,G,P,0.0
Mars,False,55 Cancri e,38.0,False,1161.0,0.0,19.0,0.0,0.0,False,D,P,1180.0
Earth,True,55 Cancri e,23.0,False,0.0,0.0,0.0,0.0,0.0,True,G,S,0.0
Europa,False,55 Cancri e,31.0,True,8243.0,280.0,0.0,3220.0,2285.0,False,C,P,14028.0
Europa,False,55 Cancri e,66.0,True,0.0,1828.0,1.0,1873.0,45.0,False,E,S,3747.0
Earth,True,TRAPPIST-1e,56.0,False,0.0,0.0,0.0,0.0,0.0,False,G,P,0.0
Earth,False,55 Cancri e,21.0,False,39.0,53.0,94.0,33.0,518.0,False,F,S,737.0
Europa,False,55 Cancri e,49.0,False,0.0,2808.0,1083.0,110.0,1132.0,False,B,S,5133.0
Europa,False,55 Cancri e,21.0,False,2.0,4887.0,64.0,4952.0,1734.0,False,B,S,11639.0
Mars,False,TRAPPIST-1e,27.0,False,244.0,0.0,492.0,297.0,23.0,True,D,S,1056.0
Earth,False,TRAPPIST-1e,23.0,False,0.0,1.0,51.0,1711.0,219.0,False,F,S,1982.0
Earth,False,TRAPPIST-1e,27.0,False,0.0,0.0,0.0,716.0,0.0,False,F,P,716.0
Earth,False,TRAPPIST-1e,49.0,False,188.0,0.0,143.0,1443.0,555.0,False,G,P,2329.0
Earth,False,TRAPPIST-1e,38.0,False,0.0,847.0,3.0,34.0,0.0,False,G,P,884.0
Europa,True,TRAPPIST-1e,60.0,False,0.0,0.0,0.0,0.0,0.0,True,B,S,0.0
Earth,True,55 Cancri e,47.0,False,0.0,0.0,0.0,0.0,0.0,False,G,S,0.0
Europa,True,TRAPPIST-1e,29.0,True,0.0,0.0,0.0,0.0,0.0,True,D,S,0.0
Earth,True,TRAPPIST-1e,19.0,False,0.0,0.0,0.0,0.0,0.0,True,G,S,0.0
Europa,False,55 Cancri e,32.0,True,65.0,714.4862536656891,0.0,88.0,9811.0,False,C,P,10678.48625366569
Earth,True,PSO J318.5-22,22.0,False,0.0,0.0,0.0,0.0,0.0,True,G,P,0.0
Mars,False,55 Cancri e,35.0,False,319.0,0.0,6331.0,8.0,0.0,True,F,S,6658.0
Earth,False,TRAPPIST-1e,28.0,False,0.0,62.0,3.0,667.0,0.0,True,F,P,732.0
Earth,True,PSO J318.5-22,22.0,False,0.0,0.0,0.0,0.0,0.0,False,G,P,0.0
Mars,False,TRAPPIST-1e,42.0,False,770.0,0.0,1301.0,485.74408365437534,0.0,True,E,P,2556.7440836543756
Europa,False,55 Cancri e,37.0,False,18.0,4754.0,1.0,1254.0,2.0,True,C,P,6029.0
Mars,False,TRAPPIST-1e,31.0,False,49.0,322.0,977.0,0.0,0.0,True,F,P,1348.0
Mars,False,TRAPPIST-1e,33.0,True,1264.0,1787.0,36.0,473.0,337.0,False,D,S,3897.0
Europa,False,TRAPPIST-1e,48.0,False,3784.0,917.0,146.0,1770.0,880.0,False,B,P,7497.0
Europa,False,TRAPPIST-1e,31.0,False,0.0,529.0,0.0,485.74408365437534,3884.0,False,B,P,4898.744083654376
Europa,True,55 Cancri e,18.0,False,0.0,0.0,0.0,0.0,0.0,True,B,P,0.0
Earth,False,TRAPPIST-1e,44.0,False,0.0,0.0,2036.0,2.0,1.0,True,F,P,2039.0
Earth,True,55 Cancri e,22.0,False,0.0,0.0,0.0,0.0,0.0,True,G,P,0.0
Earth,False,TRAPPIST-1e,18.0,False,490.0,0.0,54.0,195.0,0.0,False,F,P,739.0
Mars,True,TRAPPIST-1e,48.0,False,0.0,0.0,0.0,0.0,0.0,True,F,P,0.0
Mars,True,TRAPPIST-1e,2.0,False,0.0,0.0,0.0,0.0,0.0,True,F,P,0.0
Mars,False,TRAPPIST-1e,0.0,False,0.0,0.0,0.0,0.0,0.0,True,F,P,0.0
Earth,False,TRAPPIST-1e,43.0,False,21.0,0.0,863.0,0.0,0.0,False,G,S,884.0
Earth,False,PSO J318.5-22,51.0,False,590.0,28.0,73.0,0.0,82.0,False,G,S,773.0
Earth,False,55 Cancri e,48.0,False,0.0,717.0,0.0,0.0,10.0,True,F,S,727.0
Mars,False,TRAPPIST-1e,51.0,False,870.0,28.0,278.0,154.0,1288.0,False,F,P,2618.0
Earth,False,TRAPPIST-1e,20.0,False,350.53903958944284,0.0,0.0,327.0,0.0,True,F,P,677.5390395894428
Europa,False,TRAPPIST-1e,41.0,False,0.0,0.0,0.0,0.0,0.0,False,A,S,0.0
Earth,False,TRAPPIST-1e,27.0,False,3.0,714.4862536656891,10.0,4.0,855.0,True,F,P,1586.4862536656892
Europa,False,55 Cancri e,56.0,False,53.0,3033.0,0.0,140.0,6102.0,False,C,S,9328.0
Europa,True,55 Cancri e,26.0,False,0.0,0.0,0.0,0.0,0.0,True,B,S,0.0
Earth,False,TRAPPIST-1e,21.0,False,11.0,0.0,0.0,839.0,0.0,False,G,S,850.0
Mars,False,TRAPPIST-1e,27.0,False,2502.0,0.0,44.0,23.0,29.0,False,F,S,2598.0
Earth,False,55 Cancri e,23.0,False,348.0,210.0,0.0,0.0,1.0,False,F,S,559.0
Europa,False,55 Cancri e,28.0,False,0.0,101.0,0.0,0.0,12143.0,False,E,S,12244.0
Mars,True,TRAPPIST-1e,40.0,False,0.0,0.0,0.0,0.0,0.0,True,F,S,0.0
Mars,False,TRAPPIST-1e,39.0,False,5327.0,0.0,290.0,0.0,0.0,False,F,S,5617.0
Mars,True,TRAPPIST-1e,16.0,False,0.0,0.0,0.0,0.0,0.0,True,F,S,0.0
Earth,False,TRAPPIST-1e,20.0,False,59.0,29.0,27.0,485.74408365437534,0.0,False,G,S,600.7440836543753
Earth,False,TRAPPIST-1e,24.0,False,686.0,0.0,13.0,0.0,0.0,False,F,S,699.0
Mars,False,TRAPPIST-1e,45.0,True,1093.0,950.0,341.0,0.0,0.0,False,D,P,2384.0
Mars,False,55 Cancri e,33.0,False,1914.0,5.0,0.0,0.0,228.0,True,D,P,2147.0
Mars,True,TRAPPIST-1e,19.0,False,0.0,0.0,0.0,0.0,0.0,False,E,P,0.0
Earth,False,TRAPPIST-1e,15.0,False,114.0,161.0,22.0,419.0,0.0,False,F,S,716.0
Earth,False,TRAPPIST-1e,18.0,False,0.0,0.0,7.0,717.0,0.0,False,F,P,724.0
Earth,False,TRAPPIST-1e,21.0,False,129.0,106.0,280.0,183.0,18.0,False,F,P,716.0
Mars,True,TRAPPIST-1e,37.0,False,0.0,0.0,0.0,0.0,0.0,True,F,S,0.0
Europa,False,TRAPPIST-1e,53.0,False,0.0,847.0,270.12864211105006,630.0,2060.0,False,D,S,3807.12864211105
Mars,False,TRAPPIST-1e,19.0,False,0.0,0.0,0.0,0.0,0.0,False,E,P,0.0
Mars,False,TRAPPIST-1e,17.0,False,387.0,0.0,28.0,2183.0,0.0,False,F,P,2598.0
Earth,False,PSO J318.5-22,58.0,False,487.0,0.0,195.0,0.0,7.0,True,E,P,689.0
Europa,False,TRAPPIST-1e,18.0,False,0.0,1878.0,0.0,18572.0,10028.0,False,B,P,30478.0
Europa,False,55 Cancri e,25.0,True,0.0,3978.0,0.0,266.0,597.0,True,B,P,4841.0
Europa,True,TRAPPIST-1e,39.0,False,0.0,0.0,0.0,0.0,0.0,True,B,S,0.0
Europa,True,55 Cancri e,40.0,False,0.0,0.0,0.0,0.0,0.0,True,B,S,0.0
Mars,False,TRAPPIST-1e,27.0,True,3.0,952.0,208.0,951.0,0.0,False,E,P,2114.0
Mars,False,TRAPPIST-1e,3.0,False,0.0,0.0,0.0,0.0,0.0,True,F,P,0.0
Mars,True,TRAPPIST-1e,18.0,False,0.0,0.0,0.0,0.0,0.0,True,F,P,0.0
Earth,True,55 Cancri e,18.0,False,0.0,0.0,0.0,0.0,0.0,True,G,P,0.0
Earth,True,PSO J318.5-22,29.0,False,0.0,0.0,0.0,0.0,0.0,False,G,S,0.0
Earth,False,TRAPPIST-1e,22.0,False,3.0,214.0,0.0,0.0,591.0,False,G,P,808.0
Europa,False,TRAPPIST-1e,34.0,False,0.0,3636.0,0.0,70.0,27.0,True,A,P,3733.0
Earth,True,PSO J318.5-22,19.0,False,0.0,0.0,0.0,0.0,0.0,False,G,S,0.0
Mars,False,TRAPPIST-1e,26.0,False,5757.0,0.0,206.0,0.0,0.0,False,F,S,5963.0
Europa,False,TRAPPIST-1e,33.0,False,0.0,739.0,0.0,140.0,6901.0,False,A,P,7780.0
Earth,False,TRAPPIST-1e,34.0,False,10.0,4.0,1.0,0.0,791.0,True,F,S,806.0
Earth,True,TRAPPIST-1e,18.0,False,0.0,0.0,0.0,0.0,0.0,True,G,S,0.0
Mars,True,TRAPPIST-1e,40.0,False,0.0,0.0,0.0,0.0,0.0,True,F,S,0.0
Mars,False,TRAPPIST-1e,53.0,False,1042.0,0.0,2.0,1.0,11.0,False,D,S,1056.0
Mars,True,TRAPPIST-1e,8.0,False,0.0,0.0,0.0,0.0,0.0,True,F,S,0.0
Mars,False,TRAPPIST-1e,54.0,False,1763.0,0.0,11.0,0.0,0.0,False,F,S,1774.0
Mars,True,55 Cancri e,29.0,False,0.0,0.0,0.0,0.0,0.0,True,F,S,0.0
Mars,True,TRAPPIST-1e,56.0,False,0.0,0.0,0.0,0.0,0.0,True,F,S,0.0
Earth,False,PSO J318.5-22,21.0,False,4.0,3.0,149.0,17.0,442.0,False,G,S,615.0
Europa,True,TRAPPIST-1e,25.0,True,0.0,0.0,0.0,0.0,0.0,True,C,S,0.0
Europa,True,TRAPPIST-1e,33.0,False,0.0,0.0,0.0,0.0,0.0,True,C,S,0.0
Earth,False,TRAPPIST-1e,22.0,False,4.0,0.0,72.0,21.0,600.0,False,F,S,697.0
Mars,False,TRAPPIST-1e,50.0,False,748.0,164.0,269.0,0.0,0.0,False,D,S,1181.0
Mars,False,55 Cancri e,24.0,False,0.0,0.0,396.0,256.0,1482.0,False,E,P,2134.0
Earth,False,TRAPPIST-1e,25.0,False,637.0,0.0,89.0,312.0,2.0,False,F,P,1040.0
Mars,True,TRAPPIST-1e,59.0,False,0.0,0.0,0.0,0.0,0.0,True,E,S,0.0
Europa,False,55 Cancri e,26.0,False,6.0,728.0,0.0,1273.0,1116.0,False,D,P,3123.0
Europa,False,TRAPPIST-1e,19.0,False,0.0,1406.0,0.0,4199.0,2123.0,False,D,P,7728.0
Earth,False,TRAPPIST-1e,37.0,False,210.0,3.0,601.0,1.0,68.0,False,G,S,883.0
Mars,True,TRAPPIST-1e,22.0,False,0.0,0.0,0.0,0.0,0.0,True,E,P,0.0
Europa,True,TRAPPIST-1e,44.0,False,0.0,0.0,0.0,0.0,0.0,True,C,P,0.0
Europa,True,55 Cancri e,25.0,False,0.0,0.0,0.0,0.0,0.0,True,C,P,0.0
Earth,True,TRAPPIST-1e,23.0,False,0.0,0.0,0.0,0.0,0.0,True,G,S,0.0
Earth,False,55 Cancri e,6.0,False,0.0,0.0,0.0,0.0,0.0,True,G,P,0.0
Earth,True,PSO J318.5-22,39.0,False,0.0,0.0,0.0,0.0,0.0,True,G,P,0.0
Earth,False,55 Cancri e,26.0,False,12.0,71.0,0.0,103.0,624.0,False,F,S,810.0
Earth,False,55 Cancri e,14.0,False,547.0,145.0,5.0,0.0,9.0,False,G,S,706.0
Earth,True,TRAPPIST-1e,3.0,False,0.0,0.0,0.0,0.0,0.0,False,G,P,0.0
Earth,False,PSO J318.5-22,21.0,False,10.0,1028.0,3.0,2519.0,0.0,False,G,P,3560.0
Earth,True,TRAPPIST-1e,24.0,False,0.0,0.0,0.0,0.0,0.0,False,G,P,0.0
Earth,True,PSO J318.5-22,18.0,False,0.0,0.0,0.0,0.0,0.0,False,F,S,0.0
Mars,False,TRAPPIST-1e,37.0,False,50.0,0.0,343.0,2205.0,0.0,False,F,P,2598.0
Mars,True,TRAPPIST-1e,21.0,False,0.0,0.0,0.0,0.0,0.0,True,F,P,0.0
Europa,False,TRAPPIST-1e,67.0,False,0.0,82.0,0.0,2279.0,293.0,False,C,S,2654.0
Europa,True,TRAPPIST-1e,28.0,False,0.0,0.0,0.0,0.0,0.0,True,F,S,0.0
Europa,True,55 Cancri e,13.0,False,0.0,0.0,0.0,0.0,0.0,True,C,S,0.0
Europa,False,TRAPPIST-1e,26.0,False,0.0,226.0,0.0,436.0,4051.0,False,C,S,4713.0
Europa,True,55 Cancri e,33.0,False,0.0,0.0,0.0,0.0,0.0,True,C,S,0.0
Earth,True,TRAPPIST-1e,18.0,False,0.0,0.0,0.0,0.0,0.0,False,G,S,0.0
Earth,False,TRAPPIST-1e,24.0,False,13.0,221.0,0.0,1154.0,0.0,False,F,S,1388.0
Earth,False,TRAPPIST-1e,26.0,False,0.0,0.0,148.0,551.0,89.0,False,E,S,788.0
Earth,False,PSO J318.5-22,21.0,False,0.0,2202.0,9.0,71.0,100.0,True,G,S,2382.0
Earth,False,TRAPPIST-1e,27.0,False,0.0,0.0,2.0,994.0,0.0,False,E,S,996.0
Earth,True,PSO J318.5-22,15.0,False,0.0,0.0,0.0,0.0,0.0,True,G,P,0.0
Earth,False,55 Cancri e,24.0,False,2.0,644.0,0.0,0.0,0.0,False,F,P,646.0
Earth,False,TRAPPIST-1e,31.0,False,4.0,9.0,870.0,0.0,0.0,False,G,P,883.0
Earth,False,TRAPPIST-1e,10.0,False,0.0,0.0,0.0,0.0,0.0,True,G,S,0.0
Earth,False,TRAPPIST-1e,23.0,False,4.0,3.0,1785.0,0.0,0.0,True,G,P,1792.0
Earth,False,55 Cancri e,50.0,False,0.0,0.0,117.0,712.0,0.0,True,E,S,829.0
Earth,True,55 Cancri e,13.0,False,0.0,0.0,0.0,0.0,0.0,True,G,S,0.0
Mars,False,TRAPPIST-1e,43.0,False,27.0,0.0,797.0,830.0,161.0,False,F,P,1815.0
Mars,True,55 Cancri e,20.0,False,0.0,0.0,0.0,0.0,0.0,True,F,P,0.0
Earth,False,TRAPPIST-1e,21.0,False,11.0,1475.0,0.0,0.0,0.0,True,F,P,1486.0
Europa,False,55 Cancri e,18.0,False,0.0,694.0,0.0,0.0,1370.0,False,B,S,2064.0
Europa,True,TRAPPIST-1e,16.0,False,0.0,0.0,0.0,0.0,0.0,True,B,S,0.0
Europa,False,TRAPPIST-1e,47.0,False,187.0,268.0,977.0,3441.0,236.0,False,E,S,5109.0
Mars,False,TRAPPIST-1e,35.0,True,1234.0,35.0,7.0,0.0,0.0,False,F,S,1276.0
Earth,False,TRAPPIST-1e,15.0,False,9.0,731.0,85.0,0.0,537.0,False,F,S,1362.0
Earth,False,TRAPPIST-1e,46.0,False,135.0,0.0,0.0,0.0,928.0,False,F,S,1063.0
Earth,True,TRAPPIST-1e,6.0,False,0.0,0.0,0.0,0.0,0.0,False,G,S,0.0
Earth,False,TRAPPIST-1e,26.0,False,1.0,0.0,1.0,15.0,854.0,False,F,P,871.0
Earth,False,PSO J318.5-22,49.0,False,0.0,18.0,0.0,0.0,686.0,False,F,S,704.0
Earth,True,TRAPPIST-1e,28.0,False,0.0,0.0,0.0,0.0,0.0,True,G,S,0.0
Mars,True,TRAPPIST-1e,37.0,False,0.0,0.0,0.0,0.0,0.0,False,E,P,0.0
Earth,False,TRAPPIST-1e,17.0,False,2.0,33.0,97.0,553.0,476.35311409149364,False,F,S,1161.3531140914936
Earth,False,TRAPPIST-1e,38.0,False,1739.0,0.0,0.0,83.0,0.0,False,G,S,1822.0
Earth,False,TRAPPIST-1e,18.0,False,224.0,0.0,0.0,0.0,1384.0,False,E,P,1608.0
Mars,True,TRAPPIST-1e,55.0,False,0.0,0.0,0.0,0.0,0.0,True,F,P,0.0
Earth,True,TRAPPIST-1e,28.0,False,0.0,0.0,0.0,0.0,0.0,True,F,P,0.0
Mars,False,TRAPPIST-1e,25.0,False,987.0,0.0,6221.0,141.0,0.0,True,F,P,7349.0
Mars,False,TRAPPIST-1e,17.0,False,330.0,1.0,967.0,0.0,0.0,False,E,P,1298.0
Earth,True,TRAPPIST-1e,22.0,False,0.0,0.0,0.0,0.0,0.0,False,G,P,0.0
Earth,False,TRAPPIST-1e,4.0,False,0.0,0.0,0.0,0.0,0.0,True,G,P,0.0
Earth,False,55 Cancri e,3.0,False,0.0,0.0,0.0,0.0,0.0,True,G,P,0.0
Mars,True,TRAPPIST-1e,21.0,False,0.0,0.0,0.0,0.0,0.0,False,E,S,0.0
Mars,False,TRAPPIST-1e,24.0,False,1455.0,2207.0,163.0,2354.0,0.0,False,D,S,6179.0
Earth,False,TRAPPIST-1e,50.0,False,133.0,0.0,525.0,0.0,31.0,False,F,S,689.0
Mars,False,TRAPPIST-1e,3.0,False,0.0,0.0,0.0,0.0,0.0,True,F,S,0.0
Mars,False,TRAPPIST-1e,19.0,False,1146.0,0.0,3.0,0.0,0.0,False,F,S,1149.0
Mars,True,TRAPPIST-1e,22.0,False,0.0,0.0,0.0,0.0,0.0,True,F,S,0.0
Earth,False,PSO J318.5-22,20.0,False,0.0,4.0,0.0,0.0,625.0,False,F,P,629.0
Mars,False,TRAPPIST-1e,18.0,False,2048.0,0.0,2.0,848.0,0.0,False,F,P,2898.0
Earth,False,TRAPPIST-1e,27.0,False,20.0,0.0,11.0,0.0,848.0,False,F,S,879.0
Earth,False,TRAPPIST-1e,29.0,False,0.0,0.0,0.0,0.0,1972.0,False,F,S,1972.0
Earth,False,55 Cancri e,23.0,False,1.0,26.0,1908.0,318.0,0.0,True,F,P,2253.0
Europa,True,TRAPPIST-1e,48.0,False,0.0,0.0,0.0,0.0,0.0,True,C,S,0.0
Europa,False,TRAPPIST-1e,32.0,False,0.0,1285.0,0.0,3030.0,334.0,False,C,S,4649.0
Europa,True,TRAPPIST-1e,55.0,False,0.0,0.0,0.0,0.0,0.0,True,C,S,0.0
Europa,False,55 Cancri e,49.0,False,3.0,1108.0,2.0,5775.0,1964.0,False,C,S,8852.0
Earth,True,TRAPPIST-1e,15.0,False,0.0,0.0,0.0,0.0,0.0,True,G,P,0.0
Earth,True,TRAPPIST-1e,50.0,False,0.0,0.0,0.0,0.0,0.0,True,G,S,0.0
Earth,False,TRAPPIST-1e,35.0,False,777.0,0.0,23.0,0.0,61.0,False,F,P,861.0
Europa,False,TRAPPIST-1e,29.0,False,0.0,4455.0,0.0,1663.0,4435.0,False,A,S,10553.0
Europa,False,55 Cancri e,38.0,True,0.0,1298.0,0.0,1841.0,1547.0,False,A,S,4686.0
Europa,True,55 Cancri e,29.0,True,0.0,0.0,0.0,0.0,0.0,True,A,S,0.0
Mars,False,TRAPPIST-1e,39.0,False,200.0,0.0,1083.0,65.0,0.0,True,F,P,1348.0
Mars,False,TRAPPIST-1e,49.0,False,0.0,1.0,1364.0,226.0,0.0,True,E,S,1591.0
Mars,False,TRAPPIST-1e,39.0,False,345.0,0.0,848.0,0.0,116.0,False,F,S,1309.0
Earth,False,TRAPPIST-1e,19.0,False,125.0,556.0,23.0,0.0,0.0,True,F,P,704.0
Earth,False,TRAPPIST-1e,19.0,False,886.0,0.0,0.0,1587.0,12.0,False,F,S,2485.0
Earth,False,TRAPPIST-1e,14.0,False,450.0,4791.0,896.0,0.0,0.0,True,G,S,6137.0
Earth,True,55 Cancri e,40.0,False,0.0,0.0,0.0,0.0,0.0,True,F,S,0.0
Earth,False,TRAPPIST-1e,40.0,False,909.0,0.0,0.0,0.0,0.0,False,G,S,909.0
Mars,False,TRAPPIST-1e,20.0,False,733.0,0.0,455.0,485.74408365437534,0.0,False,F,S,1673.7440836543753
Mars,True,TRAPPIST-1e,6.0,False,0.0,0.0,0.0,0.0,0.0,True,F,P,0.0
Mars,False,TRAPPIST-1e,41.0,False,806.0,16.0,125.0,1008.0,0.0,False,D,P,1955.0
Mars,False,TRAPPIST-1e,37.0,False,0.0,0.0,0.0,0.0,0.0,False,E,P,0.0
Earth,False,TRAPPIST-1e,31.0,False,949.0,0.0,22.0,0.0,0.0,False,F,S,971.0
Earth,False,TRAPPIST-1e,8.0,False,0.0,0.0,0.0,0.0,0.0,False,G,S,0.0
Earth,False,TRAPPIST-1e,55.0,False,506.0,0.0,456.0,0.0,0.0,False,F,S,962.0
Earth,True,PSO J318.5-22,16.0,False,0.0,0.0,0.0,0.0,0.0,True,G,S,0.0
Europa,False,55 Cancri e,29.0,False,1.0,764.0,1.0,265.0,1539.0,True,A,P,2570.0
Earth,False,TRAPPIST-1e,40.0,False,21.0,155.0,0.0,267.0,0.0,False,G,P,443.0
Europa,True,TRAPPIST-1e,27.0,False,0.0,0.0,0.0,0.0,0.0,True,C,P,0.0
Mars,False,TRAPPIST-1e,21.0,False,4924.0,0.0,49.0,2.0,0.0,False,F,P,4975.0
Europa,True,TRAPPIST-1e,25.0,False,0.0,0.0,0.0,0.0,0.0,True,B,P,0.0
Mars,False,TRAPPIST-1e,44.0,False,350.53903958944284,971.0,700.0,0.0,0.0,False,F,P,2021.5390395894428
Mars,False,TRAPPIST-1e,34.0,False,368.0,499.0,1729.0,0.0,2.0,False,F,P,2598.0
Mars,False,TRAPPIST-1e,1.0,False,0.0,0.0,0.0,0.0,0.0,True,F,P,0.0
Mars,False,TRAPPIST-1e,1.0,False,0.0,0.0,0.0,0.0,0.0,True,F,P,0.0
Earth,False,PSO J318.5-22,42.0,False,51.0,6.0,87.0,21.0,404.0,False,F,S,569.0
Earth,False,TRAPPIST-1e,18.0,False,1.0,1.0,0.0,226.0,488.0,False,F,P,716.0
Earth,True,55 Cancri e,21.0,False,0.0,0.0,0.0,0.0,0.0,True,G,S,0.0
Earth,False,TRAPPIST-1e,24.0,False,0.0,714.4862536656891,594.0,95.0,0.0,True,F,S,1403.4862536656892
Earth,False,TRAPPIST-1e,27.0,False,0.0,0.0,0.0,595.0,0.0,False,F,S,595.0
Earth,True,PSO J318.5-22,18.0,False,0.0,0.0,0.0,0.0,0.0,False,G,P,0.0
Earth,True,PSO J318.5-22,27.0,False,0.0,0.0,0.0,0.0,0.0,True,G,P,0.0
Earth,True,TRAPPIST-1e,13.0,False,0.0,0.0,0.0,0.0,0.0,True,G,P,0.0
Earth,False,TRAPPIST-1e,10.0,False,0.0,0.0,0.0,0.0,0.0,False,G,P,0.0
Earth,True,TRAPPIST-1e,8.0,False,0.0,0.0,0.0,0.0,0.0,False,G,P,0.0
Mars,False,TRAPPIST-1e,40.0,False,76.0,0.0,1169.0,0.0,64.0,True,F,S,1309.0
Europa,True,PSO J318.5-22,35.0,False,0.0,0.0,0.0,0.0,0.0,True,C,S,0.0
Mars,False,TRAPPIST-1e,13.0,False,217.0,7.0,928.0,0.0,728.0,False,F,S,1880.0
Mars,False,55 Cancri e,19.0,False,203.0,0.0,172.0,1460.0,151.0,False,F,P,1986.0
Earth,False,TRAPPIST-1e,44.0,False,84.0,0.0,308.0,0.0,1179.0,False,F,S,1571.0
Mars,True,TRAPPIST-1e,36.0,False,0.0,0.0,0.0,0.0,0.0,True,F,S,0.0
Mars,False,TRAPPIST-1e,29.0,False,2239.0,0.0,146.0,0.0,0.0,False,D,S,2385.0
Earth,False,PSO J318.5-22,28.0,False,679.0,0.0,0.0,0.0,0.0,False,G,P,679.0
Earth,False,TRAPPIST-1e,36.0,False,0.0,98.0,456.0,277.0,70.0,False,F,S,901.0
Earth,False,PSO J318.5-22,24.0,False,312.0,227.0,50.0,0.0,0.0,False,F,S,589.0
Mars,True,TRAPPIST-1e,14.0,False,0.0,0.0,0.0,0.0,0.0,True,F,P,0.0
Mars,False,TRAPPIST-1e,50.0,False,1584.0,0.0,36.0,104.0,0.0,True,D,P,1724.0
Earth,False,PSO J318.5-22,20.0,False,426.0,0.0,220.0,2.0,0.0,False,F,P,648.0
Earth,False,TRAPPIST-1e,38.0,False,139.0,9.0,0.0,0.0,582.0,False,F,S,730.0
Europa,False,TRAPPIST-1e,33.0,True,0.0,3076.0,0.0,3.0,994.0,False,A,S,4073.0
Europa,False,55 Cancri e,54.0,False,0.0,1821.0,2370.0,949.0,46.0,False,A,S,5186.0
Europa,True,55 Cancri e,20.0,False,0.0,0.0,0.0,0.0,0.0,True,A,S,0.0
Earth,False,55 Cancri e,23.0,False,0.0,247.0,1063.0,36.0,0.0,True,F,S,1346.0
Europa,True,55 Cancri e,65.0,False,0.0,0.0,0.0,0.0,0.0,True,B,S,0.0
Mars,True,TRAPPIST-1e,51.0,False,0.0,0.0,0.0,0.0,0.0,False,E,P,0.0
Mars,False,TRAPPIST-1e,36.0,False,2002.0,0.0,10.0,87.0,0.0,False,E,P,2099.0
Earth,False,TRAPPIST-1e,38.0,False,32.0,1163.0,0.0,52.0,1935.0,False,F,P,3182.0
Earth,False,55 Cancri e,28.0,False,34.0,0.0,0.0,0.0,658.0,False,F,P,692.0
Earth,False,TRAPPIST-1e,32.0,False,258.0,500.0,3.0,15.0,128.0,True,F,P,904.0
Earth,False,TRAPPIST-1e,55.0,False,694.0,0.0,1.0,87.0,0.0,False,G,P,782.0
Earth,False,TRAPPIST-1e,23.0,False,1254.0,0.0,45.0,0.0,0.0,False,F,P,1299.0
Earth,False,PSO J318.5-22,38.0,False,647.0,23.0,1.0,0.0,0.0,False,F,P,671.0
Earth,True,55 Cancri e,18.0,False,0.0,0.0,0.0,0.0,0.0,True,G,P,0.0
Earth,True,PSO J318.5-22,32.0,False,0.0,0.0,0.0,0.0,0.0,False,G,P,0.0
Earth,False,TRAPPIST-1e,44.0,False,266.0,3.0,2.0,0.0,748.0,False,F,S,1019.0
Earth,False,TRAPPIST-1e,62.0,False,0.0,592.0,164.0,0.0,0.0,True,G,P,756.0
Europa,False,TRAPPIST-1e,66.0,False,354.0,2639.0,0.0,1180.0,0.0,False,E,P,4173.0
Europa,False,TRAPPIST-1e,20.0,False,350.53903958944284,7759.0,18.0,4925.0,12685.0,False,E,P,25737.539039589443
Earth,False,TRAPPIST-1e,19.0,False,193.0,251.0,0.0,165.0,0.0,False,F,S,609.0
Earth,False,TRAPPIST-1e,27.0,False,22.0,226.0,0.0,0.0,633.0,False,G,S,881.0
Earth,False,PSO J318.5-22,25.0,False,350.53903958944284,0.0,707.0,1.0,0.0,True,G,P,1058.5390395894428
Earth,False,TRAPPIST-1e,20.0,False,227.0,0.0,1.0,0.0,707.0,False,F,P,935.0
Mars,True,TRAPPIST-1e,18.0,False,0.0,0.0,0.0,0.0,0.0,True,F,P,0.0
Mars,False,TRAPPIST-1e,20.0,False,350.53903958944284,2.0,289.0,976.0,0.0,True,F,P,1617.5390395894428
Europa,True,TRAPPIST-1e,14.0,False,0.0,0.0,0.0,0.0,0.0,True,A,P,0.0
Europa,False,55 Cancri e,49.0,False,0.0,3853.0,0.0,245.0,178.0,True,A,P,4276.0
Europa,False,TRAPPIST-1e,49.0,False,4.0,44.0,1401.0,1043.0,0.0,False,A,P,2492.0
Earth,False,55 Cancri e,19.0,False,179.0,16.0,246.0,280.0,0.0,False,F,P,721.0
Earth,False,TRAPPIST-1e,53.0,False,1613.0,0.0,0.0,0.0,7.0,False,E,S,1620.0
Mars,False,TRAPPIST-1e,31.0,False,947.0,83.0,19.0,0.0,0.0,False,E,P,1049.0
Earth,False,TRAPPIST-1e,18.0,False,24.0,753.0,0.0,0.0,0.0,False,F,P,777.0
Earth,False,TRAPPIST-1e,24.0,False,0.0,0.0,124.0,4.0,471.0,False,F,S,599.0
Mars,False,TRAPPIST-1e,35.0,False,2758.0,0.0,1.0,0.0,0.0,False,D,P,2759.0
Earth,False,TRAPPIST-1e,27.0,False,0.0,0.0,0.0,545.0,89.0,False,F,P,634.0
Earth,False,TRAPPIST-1e,38.0,False,22.0,9.0,40.0,732.0,0.0,False,F,P,803.0
Earth,False,TRAPPIST-1e,23.0,False,0.0,0.0,9.0,69.0,1157.0,False,F,P,1235.0
Earth,False,TRAPPIST-1e,22.0,False,151.0,714.4862536656891,613.0,6.0,0.0,False,G,S,1484.4862536656892
Europa,True,55 Cancri e,38.0,False,0.0,0.0,0.0,0.0,0.0,True,D,S,0.0
Earth,False,TRAPPIST-1e,28.0,False,1.0,1484.0,210.0,0.0,5.0,True,G,S,1700.0
Mars,False,TRAPPIST-1e,25.0,False,520.0,0.0,139.0,0.0,77.0,False,F,S,736.0
Mars,False,TRAPPIST-1e,45.0,False,74.0,0.0,0.0,1130.0,22.0,False,F,S,1226.0
Earth,False,TRAPPIST-1e,22.0,False,804.0,0.0,0.0,0.0,0.0,False,F,S,804.0
Earth,False,TRAPPIST-1e,30.0,False,32.0,180.0,497.0,0.0,99.0,True,G,S,808.0
Mars,True,55 Cancri e,25.0,False,0.0,0.0,0.0,0.0,0.0,True,F,S,0.0
Mars,True,TRAPPIST-1e,24.0,False,0.0,0.0,0.0,0.0,0.0,True,F,P,0.0
Mars,False,TRAPPIST-1e,44.0,False,1.0,0.0,2080.0,11.0,0.0,True,F,S,2092.0
Earth,False,TRAPPIST-1e,6.0,False,0.0,0.0,0.0,0.0,0.0,False,F,P,0.0
Earth,True,TRAPPIST-1e,0.0,False,0.0,0.0,0.0,0.0,0.0,True,F,P,0.0
Earth,False,PSO J318.5-22,14.0,False,476.0,14.0,0.0,328.0,8.0,False,F,S,826.0
Earth,False,TRAPPIST-1e,37.0,False,0.0,0.0,11.0,1028.0,7.0,False,F,P,1046.0
Earth,False,TRAPPIST-1e,15.0,False,0.0,912.0,82.0,5.0,0.0,False,F,P,999.0
Earth,False,TRAPPIST-1e,0.0,False,0.0,0.0,0.0,0.0,0.0,True,F,P,0.0
Earth,False,TRAPPIST-1e,17.0,False,0.0,810.0,66.0,0.0,0.0,True,F,P,876.0
Earth,False,TRAPPIST-1e,58.0,False,0.0,805.0,3.0,3.0,0.0,False,G,P,811.0
Europa,True,55 Cancri e,15.0,False,0.0,0.0,0.0,0.0,0.0,True,B,S,0.0
Europa,False,55 Cancri e,53.0,False,0.0,1127.0,0.0,3939.0,476.35311409149364,False,F,S,5542.353114091494
Mars,False,TRAPPIST-1e,29.0,False,257.0,0.0,782.0,8.0,3.0,False,D,P,1050.0
Earth,True,TRAPPIST-1e,24.0,False,0.0,0.0,0.0,0.0,0.0,True,G,S,0.0
Earth,False,TRAPPIST-1e,40.0,False,0.0,0.0,286.0,6.0,570.0,True,E,S,862.0
Earth,False,55 Cancri e,21.0,False,2.0,714.4862536656891,0.0,634.0,0.0,False,G,S,1350.4862536656892
Earth,False,TRAPPIST-1e,30.0,False,0.0,114.0,0.0,726.0,67.0,False,G,S,907.0
Earth,False,TRAPPIST-1e,20.0,False,0.0,91.0,2.0,623.0,93.0,False,G,S,809.0
Mars,True,TRAPPIST-1e,20.0,False,0.0,0.0,0.0,0.0,0.0,True,F,S,0.0
Mars,False,TRAPPIST-1e,18.0,False,697.0,0.0,25.0,0.0,61.0,False,D,P,783.0
Mars,True,TRAPPIST-1e,36.0,False,0.0,0.0,0.0,0.0,0.0,True,D,P,0.0
Earth,False,TRAPPIST-1e,20.0,False,874.0,0.0,80.0,485.74408365437534,0.0,False,F,P,1439.7440836543753
Earth,False,TRAPPIST-1e,4.0,False,0.0,0.0,0.0,0.0,0.0,True,G,P,0.0
Europa,True,55 Cancri e,59.0,False,0.0,0.0,0.0,0.0,0.0,True,B,P,0.0
Earth,False,TRAPPIST-1e,20.0,False,11.0,0.0,0.0,843.0,0.0,False,G,S,854.0
Earth,False,55 Cancri e,4.0,False,0.0,0.0,0.0,0.0,0.0,False,G,S,0.0
Earth,False,TRAPPIST-1e,23.0,False,0.0,565.0,0.0,35.0,188.0,True,E,S,788.0
Europa,False,55 Cancri e,25.0,False,698.0,4978.0,0.0,146.0,0.0,True,D,P,5822.0
Earth,False,PSO J318.5-22,20.0,False,0.0,571.0,82.0,0.0,0.0,False,F,P,653.0
Earth,False,TRAPPIST-1e,22.0,False,0.0,0.0,637.0,0.0,50.0,True,E,P,687.0
Earth,False,TRAPPIST-1e,6.0,False,0.0,0.0,0.0,0.0,0.0,True,G,S,0.0
Earth,False,TRAPPIST-1e,14.0,False,588.0,144.0,1.0,0.0,168.0,False,F,S,901.0
Earth,True,TRAPPIST-1e,0.0,False,0.0,0.0,0.0,0.0,0.0,False,G,S,0.0
Earth,True,TRAPPIST-1e,4.0,False,0.0,0.0,0.0,0.0,0.0,False,G,S,0.0
Earth,False,TRAPPIST-1e,37.0,False,63.0,0.0,0.0,0.0,661.0,False,F,S,724.0
Earth,False,TRAPPIST-1e,14.0,False,0.0,1427.0,148.0,0.0,7.0,True,F,S,1582.0
Earth,False,TRAPPIST-1e,34.0,False,14.0,748.0,0.0,41.0,0.0,True,F,S,803.0
Earth,True,55 Cancri e,3.0,False,0.0,0.0,0.0,0.0,0.0,True,G,S,0.0
Earth,False,PSO J318.5-22,18.0,False,0.0,3.0,110.0,588.0,0.0,False,F,S,701.0
Earth,False,TRAPPIST-1e,27.0,False,1771.0,0.0,242.0,0.0,37.0,False,F,S,2050.0
Earth,False,TRAPPIST-1e,19.0,False,0.0,0.0,855.0,11.0,42.0,True,G,S,908.0
Earth,False,TRAPPIST-1e,37.0,False,10.0,557.0,51.0,83.0,0.0,False,F,S,701.0
Europa,True,TRAPPIST-1e,29.0,False,0.0,0.0,0.0,0.0,0.0,True,D,S,0.0
Earth,False,PSO J318.5-22,37.0,False,570.0,0.0,7.0,107.0,0.0,False,F,P,684.0
Mars,False,TRAPPIST-1e,32.0,False,81.0,0.0,1363.0,0.0,0.0,True,F,S,1444.0
Earth,False,PSO J318.5-22,22.0,False,0.0,0.0,0.0,617.0,0.0,False,G,S,617.0
Earth,False,TRAPPIST-1e,38.0,False,0.0,2532.0,0.0,204.0,0.0,True,F,P,2736.0
Earth,False,TRAPPIST-1e,24.0,False,0.0,0.0,0.0,2019.0,117.0,False,F,P,2136.0
Earth,False,PSO J318.5-22,63.0,False,0.0,0.0,80.0,0.0,2322.0,False,E,S,2402.0
Mars,True,TRAPPIST-1e,23.0,False,0.0,0.0,0.0,0.0,0.0,False,E,P,0.0
Earth,False,PSO J318.5-22,41.0,False,413.0,0.0,0.0,7.0,347.0,False,G,S,767.0
Earth,False,55 Cancri e,20.0,False,0.0,0.0,0.0,335.0,957.0,False,F,P,1292.0
Europa,True,TRAPPIST-1e,48.0,False,0.0,0.0,0.0,0.0,0.0,True,B,S,0.0
Earth,True,55 Cancri e,44.0,False,0.0,0.0,0.0,0.0,0.0,True,B,S,0.0
Europa,True,55 Cancri e,15.0,False,0.0,0.0,0.0,0.0,0.0,True,B,S,0.0
Europa,True,55 Cancri e,29.0,False,0.0,0.0,0.0,0.0,0.0,True,B,S,0.0
Europa,False,TRAPPIST-1e,64.0,False,0.0,1770.0,0.0,4111.0,180.0,False,B,S,6061.0
Earth,False,TRAPPIST-1e,19.0,False,586.0,10.0,0.0,30.0,0.0,False,G,P,626.0
Earth,True,PSO J318.5-22,28.0,False,0.0,0.0,0.0,0.0,0.0,True,G,P,0.0
Earth,False,TRAPPIST-1e,44.0,False,857.0,0.0,1.0,8.0,17.0,False,G,P,883.0
Earth,True,TRAPPIST-1e,13.0,False,0.0,0.0,0.0,0.0,0.0,True,G,P,0.0
Earth,False,TRAPPIST-1e,45.0,False,198.0,454.0,1.0,0.0,4.0,True,E,P,657.0
Europa,False,55 Cancri e,25.0,False,0.0,145.0,1359.0,492.0,205.0,False,A,P,2201.0
Mars,True,TRAPPIST-1e,19.0,False,0.0,0.0,0.0,0.0,0.0,True,F,S,0.0
Earth,False,TRAPPIST-1e,29.0,False,128.0,0.0,130.0,132.0,473.0,False,F,P,863.0
Earth,True,55 Cancri e,21.0,False,0.0,0.0,0.0,0.0,0.0,True,G,S,0.0
Europa,False,55 Cancri e,13.0,False,1212.0,4485.0,0.0,4016.0,57.0,False,C,P,9770.0
Europa,False,55 Cancri e,25.0,False,1369.0,310.0,3.0,4502.0,377.0,False,C,P,6561.0
Europa,False,TRAPPIST-1e,46.0,False,1384.0,229.0,0.0,1572.0,1.0,False,C,P,3186.0
Earth,False,55 Cancri e,37.0,False,88.0,0.0,719.0,88.0,0.0,True,F,P,895.0
Earth,False,55 Cancri e,19.0,False,0.0,6.0,0.0,0.0,1179.0,True,F,S,1185.0
Mars,False,TRAPPIST-1e,29.0,False,230.0,0.0,1404.0,464.0,0.0,False,E,S,2098.0
Mars,True,TRAPPIST-1e,21.0,False,0.0,0.0,0.0,0.0,0.0,True,F,S,0.0
Mars,True,TRAPPIST-1e,13.0,False,0.0,0.0,0.0,0.0,0.0,True,F,S,0.0
Earth,True,55 Cancri e,15.0,False,0.0,0.0,0.0,0.0,0.0,True,G,S,0.0
Earth,False,TRAPPIST-1e,42.0,False,4.0,0.0,0.0,0.0,792.0,False,F,S,796.0
Earth,True,TRAPPIST-1e,27.0,False,0.0,0.0,0.0,0.0,0.0,False,G,S,0.0
Earth,False,TRAPPIST-1e,26.0,False,903.0,0.0,182.0,0.0,27.0,False,F,P,1112.0
Earth,True,TRAPPIST-1e,19.0,False,0.0,0.0,0.0,0.0,0.0,False,G,P,0.0
Earth,False,TRAPPIST-1e,18.0,False,0.0,181.0,628.0,0.0,0.0,True,G,P,809.0
Earth,False,55 Cancri e,50.0,False,0.0,433.0,4.0,0.0,2020.0,False,F,S,2457.0
Mars,True,TRAPPIST-1e,28.0,False,0.0,0.0,0.0,0.0,0.0,True,F,P,0.0
Europa,False,TRAPPIST-1e,24.0,False,3.0,2910.0,0.0,112.0,36.0,True,D,S,3061.0
Europa,False,TRAPPIST-1e,31.0,False,350.53903958944284,927.0,0.0,2760.0,1.0,False,C,S,4038.539039589443
Earth,False,55 Cancri e,19.0,False,0.0,0.0,717.0,1.0,0.0,True,E,S,718.0
Earth,False,TRAPPIST-1e,20.0,False,735.0,0.0,0.0,41.0,1.0,False,F,P,777.0
Earth,False,TRAPPIST-1e,23.0,False,0.0,1204.0,40.0,0.0,375.0,False,E,P,1619.0
Earth,False,TRAPPIST-1e,19.0,False,1037.0,0.0,40.0,0.0,0.0,True,F,P,1077.0
Earth,True,55 Cancri e,27.0,False,0.0,0.0,0.0,0.0,0.0,True,G,S,0.0
Mars,False,TRAPPIST-1e,16.0,False,1032.0,0.0,267.0,0.0,0.0,False,E,S,1299.0
Mars,True,TRAPPIST-1e,76.0,False,0.0,0.0,0.0,0.0,0.0,True,D,P,0.0
Mars,False,TRAPPIST-1e,41.0,True,22.0,484.0,354.0,0.0,0.0,False,D,P,860.0
Earth,False,PSO J318.5-22,24.0,False,726.0,3488.0,200.0,17.0,275.0,False,G,P,4706.0
Earth,True,TRAPPIST-1e,12.0,False,0.0,0.0,0.0,0.0,0.0,False,G,S,0.0
Earth,True,PSO J318.5-22,28.0,False,0.0,0.0,0.0,0.0,0.0,True,G,P,0.0
Europa,False,TRAPPIST-1e,36.0,True,0.0,0.0,0.0,0.0,0.0,False,B,P,0.0
Mars,True,TRAPPIST-1e,20.0,False,0.0,0.0,0.0,0.0,0.0,True,F,P,0.0
Earth,True,TRAPPIST-1e,7.0,False,0.0,0.0,0.0,0.0,0.0,True,F,P,0.0
Mars,True,TRAPPIST-1e,21.0,False,0.0,0.0,0.0,0.0,0.0,True,F,P,0.0
Mars,False,TRAPPIST-1e,33.0,False,1054.0,0.0,222.0,22.0,0.0,False,E,P,1298.0
Europa,False,TRAPPIST-1e,32.0,False,0.0,2583.0,3.0,500.0,129.0,True,C,P,3215.0
Europa,False,55 Cancri e,34.0,False,0.0,3126.0,0.0,112.0,15.0,True,C,S,3253.0
Europa,False,PSO J318.5-22,38.0,True,0.0,2191.0,863.0,207.0,6262.0,False,C,S,9523.0
Europa,True,TRAPPIST-1e,27.0,False,0.0,0.0,0.0,0.0,0.0,True,C,S,0.0
Europa,True,55 Cancri e,28.0,False,0.0,0.0,0.0,0.0,0.0,True,C,S,0.0
Europa,True,TRAPPIST-1e,25.0,False,0.0,0.0,0.0,0.0,0.0,True,C,S,0.0
Earth,False,55 Cancri e,24.0,False,0.0,784.0,5.0,0.0,1.0,True,E,S,790.0
Mars,True,TRAPPIST-1e,18.0,False,0.0,0.0,0.0,0.0,0.0,True,F,S,0.0
Earth,False,TRAPPIST-1e,24.0,False,121.0,10.0,341.0,307.0,47.0,False,F,P,826.0
Europa,True,55 Cancri e,30.0,False,0.0,0.0,0.0,0.0,0.0,True,B,P,0.0
Europa,True,55 Cancri e,38.0,False,0.0,0.0,0.0,0.0,0.0,True,B,P,0.0
Earth,False,TRAPPIST-1e,39.0,False,0.0,798.0,0.0,56.0,0.0,True,G,S,854.0
Earth,True,TRAPPIST-1e,31.0,False,0.0,0.0,0.0,0.0,0.0,True,G,S,0.0
Earth,False,TRAPPIST-1e,33.0,False,0.0,116.0,412.0,379.0,0.0,True,G,S,907.0
Earth,True,PSO J318.5-22,15.0,False,0.0,0.0,0.0,0.0,0.0,True,G,S,0.0
Mars,True,TRAPPIST-1e,23.0,False,0.0,0.0,0.0,0.0,0.0,True,F,P,0.0
Earth,True,TRAPPIST-1e,24.0,False,0.0,0.0,0.0,0.0,0.0,False,G,P,0.0
Europa,False,55 Cancri e,44.0,False,0.0,71.0,7148.0,427.0,394.0,True,B,P,8040.0
Earth,False,TRAPPIST-1e,22.0,False,0.0,0.0,0.0,0.0,906.0,False,E,P,906.0
Mars,True,TRAPPIST-1e,28.0,False,0.0,0.0,0.0,0.0,0.0,True,F,P,0.0
Earth,False,55 Cancri e,34.0,False,0.0,0.0,717.0,0.0,0.0,True,F,S,717.0
Earth,False,TRAPPIST-1e,8.0,False,0.0,0.0,0.0,0.0,0.0,False,G,P,0.0
Earth,False,TRAPPIST-1e,26.0,False,1471.0,0.0,7.0,5.0,0.0,True,F,P,1483.0
Mars,False,TRAPPIST-1e,29.0,False,876.0,1.0,54.0,125.0,0.0,False,D,S,1056.0
Earth,False,55 Cancri e,58.0,False,0.0,0.0,620.0,0.0,0.0,False,G,S,620.0
Earth,True,TRAPPIST-1e,4.0,False,0.0,0.0,0.0,0.0,0.0,False,G,S,0.0
Earth,False,PSO J318.5-22,1.0,False,0.0,0.0,0.0,0.0,0.0,True,G,S,0.0
Earth,False,55 Cancri e,17.0,False,0.0,0.0,615.0,0.0,0.0,False,G,P,615.0
Earth,False,PSO J318.5-22,27.0,False,0.0,0.0,0.0,1606.0,3675.0,False,G,S,5281.0
Earth,False,TRAPPIST-1e,24.0,False,1186.0,0.0,381.0,3.0,173.0,True,F,P,1743.0
Earth,False,TRAPPIST-1e,16.0,False,0.0,1332.0,0.0,0.0,0.0,True,F,P,1332.0
Earth,False,TRAPPIST-1e,28.0,False,0.0,16.0,496.0,318.0,0.0,False,F,P,830.0
Mars,True,TRAPPIST-1e,23.0,False,0.0,0.0,0.0,0.0,0.0,True,F,S,0.0
Mars,True,55 Cancri e,33.0,False,0.0,0.0,0.0,0.0,0.0,True,F,S,0.0
Earth,True,PSO J318.5-22,24.0,False,0.0,0.0,0.0,0.0,0.0,True,G,P,0.0
Earth,False,TRAPPIST-1e,6.0,False,0.0,0.0,0.0,0.0,0.0,True,G,S,0.0
Earth,False,TRAPPIST-1e,19.0,False,23.0,659.0,0.0,15.0,113.0,False,G,P,810.0
Europa,True,TRAPPIST-1e,31.0,False,0.0,0.0,0.0,0.0,0.0,True,B,S,0.0
Earth,False,TRAPPIST-1e,19.0,False,16.0,1739.0,9.0,5.0,8.0,True,G,S,1777.0
Earth,False,TRAPPIST-1e,18.0,False,0.0,0.0,0.0,0.0,810.0,False,G,S,810.0
Earth,False,TRAPPIST-1e,35.0,False,522.0,0.0,1.0,324.0,60.0,False,G,P,907.0
Mars,False,TRAPPIST-1e,32.0,True,0.0,0.0,0.0,0.0,0.0,True,E,P,0.0
Earth,False,55 Cancri e,19.0,False,720.0,2.0,270.12864211105006,485.74408365437534,0.0,False,F,S,1477.8727257654255
Earth,True,PSO J318.5-22,24.0,False,0.0,0.0,0.0,0.0,0.0,True,G,S,0.0
Earth,False,TRAPPIST-1e,33.0,False,0.0,3.0,0.0,782.0,7.0,False,E,S,792.0
Earth,False,TRAPPIST-1e,20.0,False,0.0,1.0,32.0,755.0,21.0,False,G,P,809.0
Europa,False,TRAPPIST-1e,27.0,False,0.0,2481.0,0.0,3657.0,93.0,False,C,S,6231.0
Europa,False,TRAPPIST-1e,26.0,False,0.0,70.0,0.0,41.0,476.35311409149364,False,D,P,587.3531140914936
Earth,True,TRAPPIST-1e,28.0,False,0.0,0.0,0.0,0.0,0.0,True,G,P,0.0
Earth,False,TRAPPIST-1e,19.0,False,0.0,0.0,0.0,0.0,0.0,True,G,P,0.0
Earth,False,TRAPPIST-1e,24.0,False,0.0,714.4862536656891,3.0,80.0,0.0,True,E,P,797.4862536656891
Europa,True,55 Cancri e,52.0,False,0.0,0.0,0.0,0.0,0.0,True,C,S,0.0
Earth,False,PSO J318.5-22,23.0,False,0.0,471.0,120.0,13.0,6.0,True,F,S,610.0
Earth,False,TRAPPIST-1e,23.0,False,0.0,0.0,0.0,912.0,41.0,False,F,S,953.0
Europa,True,TRAPPIST-1e,25.0,False,0.0,0.0,0.0,0.0,0.0,True,E,P,0.0
Earth,True,TRAPPIST-1e,22.0,False,0.0,0.0,0.0,0.0,0.0,True,F,S,0.0
Mars,True,TRAPPIST-1e,35.0,False,0.0,0.0,0.0,0.0,0.0,True,F,S,0.0
Earth,True,PSO J318.5-22,24.0,False,0.0,0.0,0.0,0.0,0.0,True,G,S,0.0
Earth,False,TRAPPIST-1e,24.0,False,771.0,0.0,22.0,0.0,0.0,False,E,S,793.0
Mars,False,TRAPPIST-1e,26.0,True,1.0,445.0,170.0,614.0,68.0,False,E,P,1298.0
Mars,False,TRAPPIST-1e,37.0,False,528.0,0.0,1598.0,62.0,0.0,True,F,P,2188.0
Mars,False,TRAPPIST-1e,14.0,False,1737.0,0.0,336.0,0.0,0.0,False,E,P,2073.0
Europa,False,TRAPPIST-1e,36.0,False,0.0,3423.0,0.0,466.0,349.0,True,C,P,4238.0
Earth,True,PSO J318.5-22,0.0,False,0.0,0.0,0.0,0.0,0.0,True,G,S,0.0
Earth,True,PSO J318.5-22,17.0,False,0.0,0.0,0.0,0.0,0.0,True,G,S,0.0
Earth,False,TRAPPIST-1e,18.0,False,327.0,170.0,0.0,0.0,130.0,False,G,S,627.0
Europa,False,TRAPPIST-1e,43.0,False,350.53903958944284,1632.0,346.0,957.0,128.0,False,D,S,3413.539039589443
Europa,False,TRAPPIST-1e,21.0,False,3036.0,32.0,0.0,2.0,416.0,False,D,S,3486.0
Mars,True,TRAPPIST-1e,34.0,False,0.0,0.0,0.0,0.0,0.0,True,F,S,0.0
Europa,False,TRAPPIST-1e,57.0,False,0.0,13.0,0.0,52.0,11325.0,False,B,S,11390.0
Europa,False,55 Cancri e,18.0,False,0.0,4715.0,0.0,36.0,995.0,True,B,S,5746.0
Earth,False,PSO J318.5-22,73.0,False,1806.0,0.0,47.0,0.0,0.0,False,G,P,1853.0
Earth,False,TRAPPIST-1e,31.0,False,0.0,1524.0,0.0,0.0,0.0,False,F,P,1524.0
Earth,False,TRAPPIST-1e,25.0,False,0.0,0.0,0.0,6.0,1989.0,False,F,P,1995.0
Earth,True,TRAPPIST-1e,20.0,False,0.0,0.0,0.0,0.0,0.0,True,G,P,0.0
Earth,False,PSO J318.5-22,24.0,False,0.0,0.0,40.0,0.0,575.0,False,G,P,615.0
Earth,False,TRAPPIST-1e,27.0,False,194.0,1.0,10.0,629.0,0.0,False,G,P,834.0
Earth,True,TRAPPIST-1e,21.0,False,0.0,0.0,0.0,0.0,0.0,False,G,P,0.0
Earth,False,PSO J318.5-22,22.0,False,0.0,29.0,165.0,404.0,0.0,False,F,P,598.0
Earth,False,55 Cancri e,39.0,False,0.0,0.0,1291.0,224.0,0.0,False,F,P,1515.0
Earth,False,TRAPPIST-1e,26.0,False,0.0,0.0,0.0,0.0,741.0,False,F,P,741.0
Europa,True,TRAPPIST-1e,32.0,False,0.0,0.0,0.0,0.0,0.0,True,C,P,0.0
Earth,True,TRAPPIST-1e,1.0,False,0.0,0.0,0.0,0.0,0.0,True,G,P,0.0
Earth,False,TRAPPIST-1e,7.0,False,0.0,0.0,0.0,0.0,0.0,False,G,P,0.0
Earth,False,TRAPPIST-1e,4.0,False,0.0,0.0,0.0,0.0,0.0,False,G,P,0.0
Earth,False,TRAPPIST-1e,21.0,False,0.0,6.0,0.0,593.0,0.0,False,F,P,599.0
Earth,True,TRAPPIST-1e,12.0,False,0.0,0.0,0.0,0.0,0.0,False,G,P,0.0
Mars,False,TRAPPIST-1e,28.0,False,1708.0,714.4862536656891,65.0,1.0,0.0,False,F,S,2488.486253665689
Mars,False,TRAPPIST-1e,0.0,False,0.0,0.0,0.0,0.0,0.0,True,F,S,0.0
Mars,True,TRAPPIST-1e,18.0,False,0.0,0.0,0.0,0.0,0.0,True,F,S,0.0
Mars,False,TRAPPIST-1e,52.0,False,1231.0,2.0,8.0,0.0,0.0,False,F,S,1241.0
Earth,False,TRAPPIST-1e,18.0,False,13.0,822.0,27.0,0.0,46.0,False,G,S,908.0
Europa,True,TRAPPIST-1e,51.0,False,0.0,0.0,0.0,0.0,0.0,True,E,S,0.0
Europa,False,55 Cancri e,21.0,False,0.0,846.0,4407.0,0.0,2491.0,True,C,P,7744.0
Europa,False,55 Cancri e,28.0,False,350.53903958944284,3751.0,0.0,5025.0,11741.0,False,C,P,20867.539039589443
Mars,True,TRAPPIST-1e,34.0,False,0.0,0.0,0.0,0.0,0.0,True,F,S,0.0
Earth,True,TRAPPIST-1e,13.0,False,0.0,0.0,0.0,0.0,0.0,True,G,S,0.0
Earth,False,TRAPPIST-1e,35.0,False,503.0,236.0,2.0,0.0,68.0,False,G,P,809.0
Earth,False,TRAPPIST-1e,27.0,False,1.0,714.4862536656891,0.0,20.0,948.0,False,F,P,1683.4862536656892
Earth,False,TRAPPIST-1e,35.0,False,1.0,0.0,0.0,0.0,803.0,False,F,S,804.0
Mars,False,55 Cancri e,51.0,False,324.0,0.0,563.0,119.0,0.0,False,D,S,1006.0
Mars,False,TRAPPIST-1e,53.0,False,24.0,0.0,1105.0,0.0,0.0,False,F,P,1129.0
Earth,False,TRAPPIST-1e,29.0,False,311.0,7.0,665.0,0.0,0.0,False,E,S,983.0
Earth,False,TRAPPIST-1e,41.0,False,0.0,924.0,270.12864211105006,0.0,0.0,False,F,S,1194.12864211105
Earth,False,TRAPPIST-1e,47.0,False,42.0,509.0,0.0,0.0,1057.0,False,E,P,1608.0
Earth,False,55 Cancri e,22.0,False,0.0,0.0,626.0,0.0,14.0,False,F,P,640.0
Earth,False,TRAPPIST-1e,19.0,False,0.0,810.0,21.0,788.0,476.35311409149364,False,E,S,2095.353114091494
Earth,False,PSO J318.5-22,22.0,False,0.0,17.0,0.0,620.0,0.0,False,F,S,637.0
Europa,True,55 Cancri e,25.0,False,0.0,0.0,0.0,0.0,0.0,True,D,P,0.0
Earth,True,TRAPPIST-1e,27.0,False,0.0,0.0,0.0,0.0,0.0,True,G,S,0.0
Earth,True,55 Cancri e,17.0,False,0.0,0.0,0.0,0.0,0.0,True,G,S,0.0
Earth,True,55 Cancri e,0.0,False,0.0,0.0,0.0,0.0,0.0,True,G,S,0.0
Earth,True,TRAPPIST-1e,5.0,False,0.0,0.0,0.0,0.0,0.0,False,G,S,0.0
Earth,False,TRAPPIST-1e,30.0,False,0.0,1028.0,0.0,80.0,0.0,False,F,S,1108.0
Earth,True,TRAPPIST-1e,17.0,False,0.0,0.0,0.0,0.0,0.0,True,G,S,0.0
Earth,False,TRAPPIST-1e,53.0,False,0.0,1487.0,0.0,67.0,0.0,False,F,S,1554.0
Earth,True,TRAPPIST-1e,9.0,False,0.0,0.0,0.0,0.0,0.0,False,G,S,0.0
Europa,False,TRAPPIST-1e,17.0,False,0.0,366.0,23492.0,356.0,3.0,True,B,P,24217.0
Europa,True,55 Cancri e,16.0,False,0.0,0.0,0.0,0.0,0.0,True,B,P,0.0
Europa,True,TRAPPIST-1e,29.0,False,0.0,0.0,0.0,0.0,0.0,True,B,P,0.0
Europa,False,55 Cancri e,29.0,False,80.0,3707.0,0.0,1465.0,1320.0,False,B,P,6572.0
Mars,False,TRAPPIST-1e,46.0,False,479.0,4.0,699.0,0.0,0.0,False,D,P,1182.0
Earth,False,PSO J318.5-22,27.0,False,32.0,8.0,5.0,588.0,18.0,False,F,P,651.0
Europa,False,TRAPPIST-1e,39.0,False,2101.0,41.0,0.0,525.0,19.0,False,D,P,2686.0
Earth,True,55 Cancri e,15.0,False,0.0,0.0,0.0,0.0,0.0,True,F,S,0.0
Earth,False,TRAPPIST-1e,30.0,False,604.0,0.0,50.0,147.0,2.0,False,F,S,803.0
Earth,True,TRAPPIST-1e,41.0,False,0.0,0.0,0.0,0.0,0.0,False,G,S,0.0
Earth,False,TRAPPIST-1e,47.0,False,350.53903958944284,1.0,0.0,967.0,5.0,False,E,S,1323.5390395894428
Mars,False,55 Cancri e,32.0,False,2555.0,0.0,456.0,2.0,0.0,False,D,S,3013.0
Earth,False,55 Cancri e,15.0,False,0.0,20.0,816.0,39.0,1.0,False,F,S,876.0
Earth,False,TRAPPIST-1e,23.0,False,2.0,167.0,0.0,0.0,555.0,True,F,S,724.0
Europa,True,55 Cancri e,20.0,False,0.0,0.0,0.0,0.0,0.0,True,B,P,0.0
Europa,True,TRAPPIST-1e,33.0,False,0.0,0.0,0.0,0.0,0.0,True,B,S,0.0
Earth,True,TRAPPIST-1e,18.0,False,0.0,0.0,0.0,0.0,0.0,False,G,P,0.0
Earth,False,TRAPPIST-1e,31.0,False,0.0,173.0,409.0,102.0,43.0,False,F,S,727.0
Earth,True,TRAPPIST-1e,25.0,False,0.0,0.0,0.0,0.0,0.0,False,F,S,0.0
Earth,True,PSO J318.5-22,19.0,False,0.0,0.0,0.0,0.0,0.0,True,G,P,0.0
Mars,True,55 Cancri e,32.0,False,0.0,0.0,0.0,0.0,0.0,True,F,P,0.0
Earth,False,TRAPPIST-1e,45.0,False,2.0,338.0,307.0,64.0,0.0,False,F,S,711.0
Earth,False,TRAPPIST-1e,43.0,False,224.0,0.0,623.0,0.0,62.0,False,G,P,909.0
Earth,False,TRAPPIST-1e,21.0,False,128.0,108.0,8.0,3.0,522.0,False,G,P,769.0
Earth,False,TRAPPIST-1e,48.0,False,38.0,0.0,23.0,722.0,1.0,False,G,P,784.0
Earth,False,55 Cancri e,0.0,False,0.0,0.0,0.0,0.0,0.0,True,G,P,0.0
Europa,True,TRAPPIST-1e,29.0,False,0.0,0.0,0.0,0.0,0.0,True,B,P,0.0
Europa,False,55 Cancri e,41.0,False,3.0,1320.0,0.0,0.0,12392.0,False,B,S,13715.0
Earth,False,TRAPPIST-1e,23.0,False,0.0,554.0,0.0,299.0,0.0,False,G,P,853.0
Earth,False,55 Cancri e,48.0,False,304.0,0.0,164.0,320.0,0.0,False,E,S,788.0
Earth,False,PSO J318.5-22,18.0,False,0.0,0.0,0.0,391.0,283.0,True,F,S,674.0
Mars,False,TRAPPIST-1e,30.0,False,522.0,0.0,270.12864211105006,0.0,27.0,True,E,P,819.1286421110501
Mars,False,TRAPPIST-1e,26.0,True,1297.0,0.0,62.0,0.0,364.0,False,D,P,1723.0
Earth,False,TRAPPIST-1e,18.0,False,0.0,1.0,0.0,618.0,21.0,True,E,S,640.0
Mars,False,55 Cancri e,27.0,False,63.0,0.0,1970.0,0.0,0.0,True,F,S,2033.0
Earth,True,TRAPPIST-1e,58.0,False,0.0,0.0,0.0,0.0,0.0,True,G,P,0.0
Earth,False,TRAPPIST-1e,22.0,False,1.0,676.0,13.0,217.0,1.0,False,G,P,908.0
Mars,False,TRAPPIST-1e,17.0,False,3146.0,0.0,87.0,135.0,0.0,False,D,P,3368.0
Earth,False,TRAPPIST-1e,28.0,False,1954.0,43.0,0.0,0.0,7.0,False,F,P,2004.0
Earth,False,TRAPPIST-1e,27.0,False,0.0,0.0,0.0,298.0,511.0,False,G,P,809.0
Earth,False,TRAPPIST-1e,51.0,False,0.0,0.0,689.0,0.0,32.0,False,G,S,721.0
Mars,True,TRAPPIST-1e,37.0,False,0.0,0.0,0.0,0.0,0.0,False,E,P,0.0
Europa,True,TRAPPIST-1e,14.0,False,0.0,0.0,0.0,0.0,0.0,True,D,P,0.0
Europa,True,TRAPPIST-1e,43.0,False,0.0,0.0,0.0,0.0,0.0,True,D,P,0.0
Europa,False,55 Cancri e,27.0,False,0.0,984.0,0.0,13995.0,312.0,False,D,P,15291.0
Europa,False,TRAPPIST-1e,60.0,False,0.0,714.4862536656891,947.0,668.0,1.0,True,D,P,2330.486253665689
Europa,False,TRAPPIST-1e,33.0,False,0.0,1876.0,0.0,1432.0,14.0,False,D,P,3322.0
Earth,False,TRAPPIST-1e,39.0,False,266.0,4.0,1.0,0.0,452.0,False,G,P,723.0
Earth,True,PSO J318.5-22,21.0,False,0.0,0.0,0.0,0.0,0.0,True,G,P,0.0
Mars,False,55 Cancri e,21.0,False,1410.0,3.0,49.0,0.0,0.0,False,F,S,1462.0
Europa,True,55 Cancri e,28.0,False,0.0,0.0,0.0,0.0,0.0,True,A,S,0.0
Earth,True,PSO J318.5-22,30.0,False,0.0,0.0,0.0,0.0,0.0,True,G,P,0.0
Europa,False,55 Cancri e,42.0,False,0.0,5436.0,0.0,471.0,109.0,True,B,P,6016.0
Earth,True,TRAPPIST-1e,25.0,False,0.0,0.0,0.0,0.0,0.0,True,F,P,0.0
Europa,True,55 Cancri e,25.0,False,0.0,0.0,0.0,0.0,0.0,True,C,S,0.0
Europa,False,TRAPPIST-1e,25.0,False,6899.0,265.0,0.0,2234.0,2090.0,False,C,S,11488.0
Earth,True,TRAPPIST-1e,54.0,False,0.0,0.0,0.0,0.0,0.0,False,G,P,0.0
Europa,True,TRAPPIST-1e,41.0,False,0.0,0.0,0.0,0.0,0.0,True,C,S,0.0
Earth,False,TRAPPIST-1e,36.0,False,0.0,17.0,204.0,559.0,3.0,False,G,S,783.0
Earth,False,55 Cancri e,33.0,False,1006.0,0.0,1357.0,45.0,6.0,False,F,S,2414.0
Europa,False,55 Cancri e,36.0,True,132.0,3479.0,0.0,3786.0,0.0,False,F,S,7397.0
Europa,True,TRAPPIST-1e,55.0,False,0.0,0.0,0.0,0.0,0.0,True,B,P,0.0
Earth,False,TRAPPIST-1e,16.0,False,866.0,0.0,0.0,184.0,0.0,False,F,S,1050.0
Earth,False,TRAPPIST-1e,28.0,False,0.0,8.0,338.0,135.0,390.0,False,F,P,871.0
Mars,False,TRAPPIST-1e,26.0,False,887.0,6.0,15.0,148.0,0.0,False,D,S,1056.0
Earth,False,TRAPPIST-1e,42.0,False,815.0,19.0,2.0,11.0,17.0,False,F,S,864.0
Earth,False,PSO J318.5-22,30.0,False,1269.0,9.0,0.0,0.0,0.0,False,F,S,1278.0
Europa,False,TRAPPIST-1e,31.0,False,1062.0,1605.0,0.0,2718.0,1674.0,False,C,S,7059.0
Europa,True,TRAPPIST-1e,22.0,False,0.0,0.0,0.0,0.0,0.0,True,B,P,0.0
Europa,True,55 Cancri e,26.0,False,0.0,0.0,0.0,0.0,0.0,True,B,P,0.0
Europa,True,55 Cancri e,25.0,False,0.0,0.0,0.0,0.0,0.0,True,F,S,0.0
Europa,False,TRAPPIST-1e,44.0,False,0.0,4313.0,0.0,568.0,7.0,True,B,P,4888.0
Europa,False,55 Cancri e,29.0,False,0.0,12563.0,0.0,3.0,5057.0,False,B,P,17623.0
Earth,False,55 Cancri e,22.0,False,0.0,0.0,1072.0,46.0,3.0,False,F,P,1121.0
Earth,True,TRAPPIST-1e,23.0,False,0.0,0.0,0.0,0.0,0.0,True,F,S,0.0
Mars,False,TRAPPIST-1e,30.0,False,160.0,0.0,719.0,162.0,0.0,False,F,S,1041.0
Mars,False,TRAPPIST-1e,23.0,False,455.0,10.0,591.0,232.0,0.0,False,F,S,1288.0
Europa,False,TRAPPIST-1e,13.0,False,24.0,838.0,1069.0,1376.0,181.0,False,A,S,3488.0
Europa,True,55 Cancri e,53.0,False,0.0,0.0,0.0,0.0,0.0,True,B,S,0.0
Earth,True,TRAPPIST-1e,0.0,False,0.0,0.0,0.0,0.0,0.0,True,G,S,0.0
Earth,False,PSO J318.5-22,27.0,False,0.0,468.0,0.0,59.0,309.0,False,G,S,836.0
Earth,True,TRAPPIST-1e,27.0,False,0.0,0.0,0.0,0.0,0.0,False,G,S,0.0
Earth,True,55 Cancri e,10.0,False,0.0,0.0,0.0,0.0,0.0,True,G,S,0.0
Earth,True,TRAPPIST-1e,2.0,False,0.0,0.0,0.0,0.0,0.0,True,G,S,0.0
Earth,False,55 Cancri e,5.0,False,0.0,0.0,0.0,0.0,0.0,True,G,S,0.0
Earth,False,TRAPPIST-1e,24.0,False,0.0,10.0,758.0,0.0,20.0,False,E,P,788.0
Earth,True,TRAPPIST-1e,32.0,False,0.0,0.0,0.0,0.0,0.0,False,G,S,0.0
Earth,False,55 Cancri e,22.0,False,23.0,100.0,1353.0,0.0,0.0,True,F,P,1476.0
Earth,True,PSO J318.5-22,22.0,False,0.0,0.0,0.0,0.0,0.0,False,G,P,0.0
Earth,False,PSO J318.5-22,44.0,False,0.0,2.0,0.0,0.0,1556.0,False,E,S,1558.0
Earth,False,TRAPPIST-1e,55.0,False,1.0,0.0,58.0,0.0,802.0,True,E,S,861.0
Earth,False,TRAPPIST-1e,22.0,False,34.0,0.0,0.0,711.0,0.0,False,F,P,745.0
Earth,False,TRAPPIST-1e,8.0,False,0.0,0.0,0.0,0.0,0.0,False,G,P,0.0
Earth,False,55 Cancri e,15.0,False,0.0,0.0,0.0,208.0,754.0,False,F,P,962.0
Earth,True,TRAPPIST-1e,1.0,False,0.0,0.0,0.0,0.0,0.0,False,F,S,0.0
Earth,False,TRAPPIST-1e,9.0,False,0.0,0.0,0.0,0.0,0.0,True,G,P,0.0
Earth,False,TRAPPIST-1e,48.0,False,0.0,586.0,784.0,4.0,21.0,True,F,P,1395.0
Earth,False,PSO J318.5-22,16.0,False,0.0,0.0,761.0,0.0,0.0,False,F,P,761.0
Earth,True,TRAPPIST-1e,27.0,False,0.0,0.0,0.0,0.0,0.0,True,G,P,0.0
Earth,True,PSO J318.5-22,3.0,False,0.0,0.0,0.0,0.0,0.0,True,G,P,0.0
Earth,False,TRAPPIST-1e,25.0,False,1258.0,0.0,22.0,19.0,0.0,False,E,P,1299.0
Europa,False,55 Cancri e,70.0,False,0.0,2113.0,0.0,1972.0,51.0,False,A,P,4136.0
Europa,False,55 Cancri e,30.0,False,11.0,495.0,0.0,2049.0,2064.0,False,A,P,4619.0
Europa,True,TRAPPIST-1e,57.0,False,0.0,0.0,0.0,0.0,0.0,True,A,P,0.0
Earth,False,TRAPPIST-1e,42.0,False,866.0,0.0,16.0,0.0,0.0,False,G,S,882.0
Earth,True,PSO J318.5-22,14.0,False,0.0,0.0,0.0,0.0,0.0,False,G,S,0.0
Earth,False,TRAPPIST-1e,43.0,False,0.0,704.0,0.0,2.0,0.0,True,G,S,706.0
Mars,True,TRAPPIST-1e,34.0,False,0.0,0.0,0.0,0.0,0.0,True,F,P,0.0
Earth,False,TRAPPIST-1e,21.0,False,8.0,796.0,0.0,0.0,0.0,True,F,P,804.0
Earth,False,TRAPPIST-1e,32.0,False,0.0,475.0,51.0,440.0,642.0,False,E,S,1608.0
Earth,False,TRAPPIST-1e,21.0,False,350.53903958944284,0.0,496.0,430.0,0.0,False,F,P,1276.5390395894428
Earth,False,TRAPPIST-1e,25.0,False,3402.0,2449.0,28.0,259.0,197.0,False,G,P,6335.0
Europa,True,55 Cancri e,25.0,False,0.0,0.0,0.0,0.0,0.0,True,C,P,0.0
Earth,False,TRAPPIST-1e,38.0,False,1736.0,0.0,123.0,5.0,115.0,False,F,S,1979.0
Earth,True,TRAPPIST-1e,36.0,False,0.0,0.0,0.0,0.0,0.0,False,G,S,0.0
Earth,True,TRAPPIST-1e,44.0,False,0.0,0.0,0.0,0.0,0.0,True,G,S,0.0
Earth,False,TRAPPIST-1e,37.0,False,15.0,7.0,0.0,786.0,0.0,False,G,S,808.0
Earth,False,TRAPPIST-1e,47.0,False,0.0,0.0,16.0,3.0,854.0,False,F,P,873.0
Mars,False,TRAPPIST-1e,38.0,False,1478.0,0.0,631.0,0.0,0.0,False,E,S,2109.0
Mars,False,TRAPPIST-1e,28.0,False,350.53903958944284,0.0,0.0,0.0,0.0,False,D,P,350.53903958944284
Europa,True,55 Cancri e,38.0,False,0.0,0.0,0.0,0.0,0.0,True,B,S,0.0
Earth,False,PSO J318.5-22,53.0,False,1215.0,0.0,0.0,0.0,0.0,False,F,P,1215.0
Earth,False,TRAPPIST-1e,26.0,False,0.0,714.4862536656891,0.0,1.0,48.0,True,F,P,763.4862536656891
Earth,False,55 Cancri e,13.0,False,0.0,1501.0,23.0,5.0,163.0,True,E,P,1692.0
Earth,False,TRAPPIST-1e,64.0,False,37.0,1585.0,234.0,0.0,18.0,True,G,P,1874.0
Earth,True,TRAPPIST-1e,16.0,False,0.0,0.0,0.0,0.0,0.0,False,G,P,0.0
Earth,False,TRAPPIST-1e,13.0,False,101.0,12.0,184.0,780.0,0.0,False,F,S,1077.0
Earth,True,55 Cancri e,55.0,False,0.0,0.0,0.0,0.0,0.0,False,G,S,0.0
Mars,False,TRAPPIST-1e,26.0,False,733.0,0.0,1296.0,80.0,0.0,False,E,S,2109.0
Mars,True,TRAPPIST-1e,23.0,False,0.0,0.0,0.0,0.0,0.0,True,E,P,0.0
Mars,True,TRAPPIST-1e,55.0,False,0.0,0.0,0.0,0.0,0.0,True,E,P,0.0
Mars,True,TRAPPIST-1e,50.0,False,0.0,0.0,0.0,0.0,0.0,True,E,S,0.0
Earth,False,PSO J318.5-22,26.0,False,0.0,749.0,20.0,0.0,0.0,False,G,S,769.0
Earth,False,TRAPPIST-1e,36.0,False,794.0,371.0,0.0,228.0,1.0,False,F,P,1394.0
Earth,True,PSO J318.5-22,33.0,False,0.0,0.0,0.0,0.0,0.0,False,G,P,0.0
Earth,False,TRAPPIST-1e,21.0,False,0.0,1.0,0.0,808.0,0.0,False,G,P,809.0
Mars,True,TRAPPIST-1e,41.0,False,0.0,0.0,0.0,0.0,0.0,True,F,S,0.0
Europa,False,55 Cancri e,33.0,False,0.0,1961.0,0.0,226.0,1077.0,False,C,P,3264.0
Europa,True,TRAPPIST-1e,23.0,False,0.0,0.0,0.0,0.0,0.0,True,C,P,0.0
Mars,False,TRAPPIST-1e,31.0,False,2575.0,1.0,2.0,485.74408365437534,0.0,False,D,P,3063.7440836543756
Mars,False,TRAPPIST-1e,28.0,False,1789.0,16.0,3.0,10.0,1.0,False,F,P,1819.0
Earth,False,TRAPPIST-1e,13.0,False,590.0,0.0,32.0,363.0,0.0,False,E,S,985.0
Earth,False,TRAPPIST-1e,27.0,False,6.0,0.0,0.0,800.0,3.0,False,G,S,809.0
Mars,False,TRAPPIST-1e,35.0,False,3.0,1376.0,11.0,0.0,360.0,False,F,P,1750.0
Mars,False,TRAPPIST-1e,25.0,False,410.0,32.0,14.0,1239.0,10.0,False,F,S,1705.0
Earth,True,PSO J318.5-22,19.0,False,0.0,0.0,0.0,0.0,0.0,True,G,P,0.0
Europa,True,TRAPPIST-1e,56.0,False,0.0,0.0,0.0,0.0,0.0,True,B,S,0.0
Earth,False,TRAPPIST-1e,18.0,False,83.0,165.0,1.0,0.0,2002.0,False,F,P,2251.0
Earth,False,TRAPPIST-1e,22.0,False,1.0,702.0,0.0,0.0,0.0,False,F,S,703.0
Earth,True,TRAPPIST-1e,34.0,False,0.0,0.0,0.0,0.0,0.0,False,G,P,0.0
Earth,False,TRAPPIST-1e,11.0,False,0.0,0.0,0.0,0.0,0.0,False,G,S,0.0
Europa,True,55 Cancri e,37.0,False,0.0,0.0,0.0,0.0,0.0,True,B,S,0.0
Europa,False,55 Cancri e,22.0,False,0.0,36.0,1.0,3761.0,4521.0,False,B,S,8319.0
Earth,False,TRAPPIST-1e,45.0,False,1.0,0.0,638.0,9.0,161.0,False,G,S,809.0
Mars,True,TRAPPIST-1e,19.0,False,0.0,0.0,0.0,0.0,0.0,True,F,S,0.0
Earth,True,TRAPPIST-1e,39.0,False,0.0,0.0,0.0,0.0,0.0,True,G,P,0.0
Europa,True,TRAPPIST-1e,28.0,False,0.0,0.0,0.0,0.0,0.0,True,B,S,0.0
Earth,False,TRAPPIST-1e,36.0,False,0.0,281.0,0.0,0.0,632.0,False,G,S,913.0
Earth,True,PSO J318.5-22,1.0,False,0.0,0.0,0.0,0.0,0.0,True,G,S,0.0
Earth,False,PSO J318.5-22,10.0,False,0.0,0.0,0.0,0.0,0.0,True,G,S,0.0
Earth,False,55 Cancri e,12.0,False,0.0,0.0,0.0,0.0,0.0,True,G,S,0.0
Earth,False,TRAPPIST-1e,31.0,False,0.0,522.0,0.0,54.0,332.0,False,G,S,908.0
Earth,False,TRAPPIST-1e,12.0,False,0.0,0.0,0.0,0.0,0.0,False,G,S,0.0
Earth,True,TRAPPIST-1e,3.0,False,0.0,0.0,0.0,0.0,0.0,True,G,S,0.0
Europa,True,55 Cancri e,30.0,True,0.0,0.0,0.0,0.0,0.0,True,B,P,0.0
Earth,False,TRAPPIST-1e,41.0,False,169.0,0.0,516.0,0.0,52.0,True,F,P,737.0
Earth,False,TRAPPIST-1e,19.0,False,640.0,0.0,0.0,38.0,12.0,False,F,S,690.0
Earth,True,55 Cancri e,38.0,False,0.0,0.0,0.0,0.0,0.0,False,G,P,0.0
Earth,True,TRAPPIST-1e,36.0,False,0.0,0.0,0.0,0.0,0.0,True,G,P,0.0
Earth,True,TRAPPIST-1e,0.0,False,0.0,0.0,0.0,0.0,0.0,True,G,S,0.0
Mars,False,TRAPPIST-1e,20.0,False,574.0,1.0,792.0,11.0,0.0,False,E,S,1378.0
Earth,False,TRAPPIST-1e,23.0,False,9.0,2.0,1.0,0.0,727.0,False,F,S,739.0
Earth,False,TRAPPIST-1e,35.0,False,0.0,0.0,0.0,684.0,0.0,False,F,S,684.0
Europa,False,55 Cancri e,36.0,False,23.0,14773.0,0.0,1159.0,7819.0,False,C,S,23774.0
Europa,True,TRAPPIST-1e,41.0,False,0.0,0.0,0.0,0.0,0.0,True,C,S,0.0
Mars,False,TRAPPIST-1e,38.0,False,48.0,2318.0,5.0,11.0,0.0,True,D,P,2382.0
Earth,False,TRAPPIST-1e,33.0,False,1060.0,403.0,1.0,0.0,145.0,False,E,P,1609.0
Earth,False,TRAPPIST-1e,54.0,False,724.0,25.0,71.0,0.0,1054.0,False,G,S,1874.0
Earth,False,PSO J318.5-22,33.0,False,0.0,688.0,2.0,0.0,426.0,False,F,P,1116.0
Earth,False,PSO J318.5-22,54.0,False,65.0,670.0,0.0,177.0,0.0,True,G,S,912.0
Europa,False,55 Cancri e,32.0,False,0.0,10073.0,0.0,168.0,337.0,True,B,P,10578.0
Earth,False,TRAPPIST-1e,24.0,False,0.0,537.0,0.0,5.0,197.0,True,F,S,739.0
Earth,False,TRAPPIST-1e,53.0,False,49.0,584.0,0.0,0.0,70.0,False,F,P,703.0
Earth,True,TRAPPIST-1e,26.0,False,0.0,0.0,0.0,0.0,0.0,True,G,P,0.0
Earth,False,TRAPPIST-1e,31.0,False,459.0,194.0,0.0,5.0,125.0,False,G,P,783.0
Earth,True,PSO J318.5-22,18.0,False,0.0,0.0,0.0,0.0,0.0,False,G,P,0.0
Earth,True,TRAPPIST-1e,39.0,False,0.0,0.0,0.0,0.0,0.0,True,G,P,0.0
Mars,False,TRAPPIST-1e,37.0,False,148.0,0.0,684.0,1446.0,88.0,False,F,S,2366.0
Earth,False,TRAPPIST-1e,35.0,False,270.0,4.0,453.0,7.0,0.0,True,F,S,734.0
Europa,False,55 Cancri e,34.0,False,0.0,5.0,11.0,62.0,5804.0,False,C,P,5882.0
Earth,False,TRAPPIST-1e,28.0,False,0.0,7.0,6.0,0.0,482.0,False,G,S,495.0
Earth,False,TRAPPIST-1e,43.0,False,698.0,94.0,0.0,0.0,0.0,True,E,P,792.0
Mars,True,TRAPPIST-1e,2.0,False,0.0,0.0,0.0,0.0,0.0,True,F,P,0.0
Earth,False,TRAPPIST-1e,24.0,False,0.0,0.0,807.0,0.0,2.0,False,G,S,809.0
Earth,False,PSO J318.5-22,18.0,False,87.0,41.0,483.0,0.0,0.0,False,F,S,611.0
Earth,False,TRAPPIST-1e,21.0,False,802.0,0.0,1.0,1.0,0.0,True,F,S,804.0
Earth,False,PSO J318.5-22,24.0,False,350.53903958944284,599.0,270.12864211105006,0.0,0.0,True,F,P,1219.667681700493
Earth,True,PSO J318.5-22,35.0,False,0.0,0.0,0.0,0.0,0.0,False,G,S,0.0
Earth,False,55 Cancri e,53.0,False,0.0,4017.0,0.0,13.0,3147.0,False,E,S,7177.0
Europa,False,TRAPPIST-1e,32.0,True,1003.0,909.0,0.0,0.0,15.0,False,E,S,1927.0
Mars,True,TRAPPIST-1e,44.0,False,0.0,0.0,0.0,0.0,0.0,True,F,S,0.0
Mars,True,TRAPPIST-1e,33.0,False,0.0,0.0,0.0,0.0,0.0,True,F,S,0.0
Europa,False,TRAPPIST-1e,40.0,False,0.0,1674.0,0.0,269.0,4.0,True,C,S,1947.0
Europa,False,TRAPPIST-1e,31.0,False,1.0,104.0,1338.0,698.0,126.0,True,C,S,2267.0
Europa,False,TRAPPIST-1e,23.0,False,381.0,794.0,52.0,654.0,1317.0,False,C,S,3198.0
Europa,True,55 Cancri e,44.0,False,0.0,0.0,0.0,0.0,0.0,True,C,P,0.0
Europa,False,TRAPPIST-1e,41.0,True,0.0,7964.0,0.0,3238.0,5839.0,False,C,P,17041.0
Europa,False,TRAPPIST-1e,31.0,False,0.0,4634.0,8.0,616.0,0.0,True,C,P,5258.0
Europa,False,55 Cancri e,30.0,False,1569.0,714.4862536656891,0.0,485.74408365437534,2252.0,False,C,P,5021.230337320065
Europa,True,55 Cancri e,33.0,False,0.0,0.0,0.0,0.0,0.0,True,E,P,0.0
Earth,False,PSO J318.5-22,30.0,False,0.0,816.0,0.0,0.0,0.0,True,G,S,816.0
Europa,False,TRAPPIST-1e,26.0,False,8586.0,77.0,114.0,29.0,4.0,False,C,P,8810.0
Mars,True,55 Cancri e,22.0,False,0.0,0.0,0.0,0.0,0.0,True,F,S,0.0
Europa,True,55 Cancri e,37.0,False,0.0,0.0,0.0,0.0,0.0,True,B,P,0.0
Europa,True,TRAPPIST-1e,15.0,False,0.0,0.0,0.0,0.0,0.0,True,B,P,0.0
Europa,True,TRAPPIST-1e,52.0,False,0.0,0.0,0.0,0.0,0.0,True,B,P,0.0
Earth,True,TRAPPIST-1e,35.0,False,0.0,0.0,0.0,0.0,0.0,True,G,S,0.0
Earth,False,TRAPPIST-1e,40.0,False,757.0,40.0,4.0,2.0,0.0,False,F,S,803.0
Earth,False,TRAPPIST-1e,60.0,False,0.0,8.0,270.12864211105006,360.0,74.0,False,G,S,712.1286421110501
Earth,False,TRAPPIST-1e,24.0,False,0.0,90.0,0.0,795.0,0.0,True,F,P,885.0
Earth,False,55 Cancri e,31.0,False,15.0,679.0,89.0,6.0,0.0,True,E,S,789.0
Europa,True,55 Cancri e,43.0,False,0.0,0.0,0.0,0.0,0.0,True,B,S,0.0
Earth,False,55 Cancri e,9.0,False,0.0,0.0,0.0,0.0,0.0,False,G,S,0.0
Earth,False,TRAPPIST-1e,51.0,False,6.0,0.0,0.0,0.0,1164.0,True,F,S,1170.0
Earth,False,TRAPPIST-1e,25.0,False,2.0,45.0,45.0,0.0,815.0,False,G,P,907.0
Earth,True,TRAPPIST-1e,20.0,False,0.0,0.0,0.0,0.0,0.0,True,G,P,0.0
Earth,False,PSO J318.5-22,22.0,False,623.0,0.0,270.12864211105006,0.0,53.0,True,F,P,946.1286421110501
Earth,True,TRAPPIST-1e,21.0,False,0.0,0.0,0.0,0.0,0.0,False,G,P,0.0
Mars,True,TRAPPIST-1e,50.0,False,0.0,0.0,0.0,0.0,0.0,True,F,S,0.0
Mars,False,TRAPPIST-1e,24.0,False,745.0,639.0,977.0,4.0,0.0,False,F,S,2365.0
Earth,False,TRAPPIST-1e,45.0,False,1.0,197.0,0.0,660.0,15.0,False,F,S,873.0
Earth,False,TRAPPIST-1e,22.0,False,676.0,0.0,13.0,0.0,12.0,False,F,S,701.0
Earth,True,TRAPPIST-1e,7.0,False,0.0,0.0,0.0,0.0,0.0,False,G,P,0.0
Earth,True,PSO J318.5-22,11.0,False,0.0,0.0,0.0,0.0,0.0,True,G,P,0.0
Earth,True,PSO J318.5-22,1.0,False,0.0,0.0,0.0,0.0,0.0,True,G,P,0.0
Earth,True,TRAPPIST-1e,0.0,False,0.0,0.0,0.0,0.0,0.0,True,G,P,0.0
Earth,True,TRAPPIST-1e,8.0,False,0.0,0.0,0.0,0.0,0.0,False,G,P,0.0
Europa,False,TRAPPIST-1e,36.0,True,0.0,5600.0,715.0,2868.0,971.0,True,C,S,10154.0
Mars,True,55 Cancri e,2.0,False,0.0,0.0,0.0,0.0,0.0,True,F,P,0.0
Mars,False,TRAPPIST-1e,0.0,False,0.0,0.0,0.0,0.0,0.0,True,F,P,0.0
Mars,False,TRAPPIST-1e,22.0,False,0.0,0.0,0.0,0.0,0.0,False,E,P,0.0
Earth,False,TRAPPIST-1e,41.0,False,3.0,0.0,668.0,0.0,0.0,True,F,S,671.0
Earth,False,TRAPPIST-1e,49.0,False,6.0,1.0,638.0,1107.0,23.0,False,G,P,1775.0
Earth,False,TRAPPIST-1e,30.0,False,8.0,752.0,0.0,0.0,687.0,True,F,S,1447.0
Earth,True,TRAPPIST-1e,37.0,False,0.0,0.0,0.0,0.0,0.0,False,G,S,0.0
Mars,False,TRAPPIST-1e,14.0,False,2.0,0.0,918.0,128.0,0.0,False,E,P,1048.0
Mars,False,TRAPPIST-1e,30.0,False,699.0,0.0,600.0,0.0,0.0,False,E,P,1299.0
Earth,False,TRAPPIST-1e,62.0,False,102.0,696.0,0.0,0.0,0.0,True,F,P,798.0
Earth,True,PSO J318.5-22,13.0,False,0.0,0.0,0.0,0.0,0.0,True,G,S,0.0
Earth,True,TRAPPIST-1e,32.0,False,0.0,0.0,0.0,0.0,0.0,True,G,S,0.0
Earth,True,TRAPPIST-1e,33.0,False,0.0,0.0,0.0,0.0,0.0,False,G,S,0.0
Earth,False,55 Cancri e,38.0,False,28.0,1208.0,973.0,207.0,0.0,True,F,S,2416.0
Europa,False,TRAPPIST-1e,29.0,False,0.0,2972.0,270.12864211105006,28.0,188.0,True,E,P,3458.12864211105
Mars,True,TRAPPIST-1e,25.0,False,0.0,0.0,0.0,0.0,0.0,True,F,S,0.0
Europa,False,55 Cancri e,26.0,False,0.0,8160.0,205.0,0.0,438.0,True,B,P,8803.0
Europa,True,55 Cancri e,19.0,False,0.0,0.0,0.0,0.0,0.0,True,B,P,0.0
Earth,True,PSO J318.5-22,16.0,False,0.0,0.0,0.0,0.0,0.0,True,G,S,0.0
Earth,True,PSO J318.5-22,61.0,False,0.0,0.0,0.0,0.0,0.0,False,G,P,0.0
Earth,True,TRAPPIST-1e,28.0,False,0.0,0.0,0.0,0.0,0.0,True,G,S,0.0
Earth,False,TRAPPIST-1e,13.0,False,39.0,0.0,1085.0,24.0,0.0,False,F,P,1148.0
Earth,False,TRAPPIST-1e,44.0,False,1030.0,1015.0,0.0,11.0,476.35311409149364,True,F,P,2532.353114091494
Earth,True,PSO J318.5-22,22.0,False,0.0,0.0,0.0,0.0,0.0,False,G,P,0.0
Europa,True,55 Cancri e,30.0,False,0.0,0.0,0.0,0.0,0.0,True,E,S,0.0
Europa,True,TRAPPIST-1e,21.0,False,0.0,0.0,0.0,0.0,0.0,True,E,S,0.0
Europa,True,TRAPPIST-1e,20.0,False,0.0,0.0,0.0,0.0,0.0,True,E,S,0.0
Earth,True,TRAPPIST-1e,31.0,False,0.0,0.0,0.0,0.0,0.0,True,G,P,0.0
Earth,True,55 Cancri e,33.0,False,0.0,0.0,0.0,0.0,0.0,True,G,S,0.0
Earth,False,TRAPPIST-1e,26.0,False,240.0,242.0,510.0,0.0,0.0,True,G,P,992.0
Earth,False,TRAPPIST-1e,21.0,False,86.0,3.0,149.0,208.0,329.0,False,F,P,775.0
Earth,True,TRAPPIST-1e,23.0,False,0.0,0.0,0.0,0.0,0.0,True,G,P,0.0
Europa,False,TRAPPIST-1e,0.0,False,0.0,0.0,0.0,0.0,0.0,True,A,P,0.0
Europa,False,TRAPPIST-1e,32.0,False,1.0,1146.0,0.0,50.0,34.0,False,A,P,1231.0
Europa,False,TRAPPIST-1e,30.0,False,0.0,3208.0,0.0,2.0,330.0,True,A,P,3540.0
Europa,False,55 Cancri e,41.0,True,0.0,6819.0,0.0,1643.0,74.0,False,A,P,8536.0
Earth,True,PSO J318.5-22,18.0,False,0.0,0.0,0.0,0.0,0.0,False,G,S,0.0
Earth,False,TRAPPIST-1e,26.0,False,0.0,0.0,1872.0,1.0,0.0,True,G,S,1873.0
Europa,False,55 Cancri e,32.0,False,0.0,1049.0,0.0,353.0,3235.0,False,E,S,4637.0
Europa,False,TRAPPIST-1e,44.0,False,126.0,4688.0,0.0,0.0,12.0,True,E,S,4826.0
